id,image,processed_image,created_datetime
1,grape/static/seg/uploads/IMG_2093.jpg,,2024-05-29T07:23:42.408543+00:00
2,grape/static/seg/uploads/IMG_2093.jpg,,2024-05-29T07:24:42.908836+00:00
3,grape/static/seg/uploads/IMG_2093.jpg,grape/static/seg/processed/IMG_2093_result_box.jpg,2024-05-29T07:54:38.233359+00:00
4,grape/static/seg/uploads/IMG_2094.jpg,grape/static/seg/processed/IMG_2094_result_box.jpg,2024-05-29T07:56:07.079179+00:00
5,grape/static/seg/uploads/IMG_2093.jpg,grape/static/seg/processed/IMG_2093_result_box.jpg,2024-05-29T07:57:12.368462+00:00
6,grape/static/seg/uploads/IMG_2094.jpg,grape/static/seg/processed/IMG_2094_result_box.jpg,2024-05-29T07:58:40.479792+00:00
7,grape/static/seg/uploads/IMG_2093.jpg,grape/static/seg/processed/IMG_2093_result_box.jpg,2024-05-29T08:13:36.295643+00:00
8,grape/static/seg/uploads/IMG_2094.jpg,grape/static/seg/processed/IMG_2094_result_box.jpg,2024-05-29T08:15:09.075252+00:00
9,grape/static/seg/uploads/IMG_2093.jpg,grape/static/seg/processed/IMG_2093_result_box.jpg,2024-05-29T08:20:17.373419+00:00
10,grape/static/seg/uploads/IMG_2094.jpg,grape/static/seg/processed/IMG_2094_result_box.jpg,2024-05-29T08:21:44.884636+00:00
11,grape/static/seg/uploads/IMG_2093.jpg,,2024-05-30T07:16:20.337483+00:00
12,grape/static/seg/uploads/IMG_2093.jpg,,2024-05-30T07:25:17.070434+00:00
13,grape/static/seg/uploads/IMG_2093.jpg,,2024-05-30T07:29:43.812822+00:00
14,grape/static/seg/uploads/IMG_2093.jpg,,2024-05-30T07:31:07.253573+00:00
15,grape/static/seg/uploads/IMG_2093.jpg,,2024-05-30T07:32:57.687845+00:00
16,grape/static/seg/uploads/IMG_2093.jpg,grape/static/seg/processed/IMG_2093_result_box.jpg,2024-05-30T07:38:14.782763+00:00
17,grape/static/seg/uploads/IMG_2093.jpg,,2024-05-30T08:09:58.509660+00:00
18,grape/static/seg/uploads/IMG_2093.jpg,,2024-05-30T08:12:07.141327+00:00
19,grape/static/seg/uploads/IMG_2093.jpg,grape/static/seg/processed/IMG_2093_result_box.jpg,2024-05-30T08:14:46.493458+00:00
20,grape/static/seg/uploads/IMG_2094.jpg,grape/static/seg/processed/IMG_2094_result_box.jpg,2024-05-30T08:14:53.299860+00:00
21,grape/static/seg/uploads/IMG_2093.jpg,grape/static/seg/processed/IMG_2093_result_box.jpg,2024-05-30T08:19:12.942286+00:00
22,grape/static/seg/uploads/IMG_2094.jpg,grape/static/seg/processed/IMG_2094_result_box.jpg,2024-05-30T08:19:19.248348+00:00
23,grape/static/seg/uploads/b_16-1-1-1451_5.jpg,grape/static/seg/processed/b_16-1-1-1451_5_result_box.jpg,2024-05-30T08:58:16.685153+00:00
24,grape/static/seg/uploads/b_16_5.jpg,grape/static/seg/processed/b_16_5_result_box.jpg,2024-05-30T08:59:06.544265+00:00
25,grape/static/seg/uploads/IMG_2093.jpg,grape/static/seg/processed/IMG_2093_result_box.jpg,2024-05-30T09:00:38.716239+00:00
26,grape/static/seg/uploads/IMG_8028.jpg,grape/static/seg/processed/IMG_8028_result_box.jpg,2024-05-30T09:00:47.769220+00:00
27,grape/static/seg/uploads/IMG_2093.jpg,grape/static/seg/processed/IMG_2093_result_box.jpg,2024-05-30T09:01:29.667906+00:00
28,grape/static/seg/uploads/IMG_2094.jpg,grape/static/seg/processed/IMG_2094_result_box.jpg,2024-05-30T09:01:39.296313+00:00
29,grape/static/seg/uploads/IMG_2093.jpg,grape/static/seg/processed/IMG_2093_result_box.jpg,2024-05-30T09:02:03.028392+00:00
30,grape/static/seg/uploads/IMG_2094.jpg,grape/static/seg/processed/IMG_2094_result_box.jpg,2024-05-30T09:02:10.794279+00:00
31,grape/static/seg/uploads/IMG_2093.jpg,grape/static/seg/processed/IMG_2093_result_box.jpg,2024-05-30T09:03:23.363916+00:00
32,grape/static/seg/uploads/IMG_2094.jpg,grape/static/seg/processed/IMG_2094_result_box.jpg,2024-05-30T09:03:30.345401+00:00
33,grape/static/seg/uploads/IMG_2093.jpg,grape/static/seg/processed/IMG_2093_result_box.jpg,2024-05-30T09:05:28.331629+00:00
34,grape/static/seg/uploads/IMG_2094.jpg,grape/static/seg/processed/IMG_2094_result_box.jpg,2024-05-30T09:05:37.457428+00:00
35,grape/static/seg/uploads/IMG_2093.jpg,grape/static/seg/processed/IMG_2093_result_box.jpg,2024-05-30T09:12:05.413752+00:00
36,grape/static/seg/uploads/IMG_2094.jpg,grape/static/seg/processed/IMG_2094_result_box.jpg,2024-05-30T09:12:12.905838+00:00
37,grape/static/seg/uploads/16-1-1-127.jpg,grape/static/seg/processed/16-1-1-127_result_box.jpg,2024-05-30T09:12:21.032955+00:00
38,grape/static/seg/uploads/IMG_8028.jpg,grape/static/seg/processed/IMG_8028_result_box.jpg,2024-05-30T09:20:45.095858+00:00
39,grape/static/seg/uploads/IMG_8028.jpg,grape/static/seg/processed/IMG_8028_result_box.jpg,2024-05-30T09:21:15.798194+00:00
40,grape/static/seg/uploads/IMG_2093.jpg,grape/static/seg/processed/IMG_2093_result_box.jpg,2024-05-30T09:21:25.822199+00:00
41,grape/static/seg/uploads/IMG_2093.jpg,grape/static/seg/processed/IMG_2093_result_box.jpg,2024-05-30T09:26:01.434044+00:00
42,grape/static/seg/uploads/IMG_2093.jpg,grape/static/seg/processed/IMG_2093_result_box.jpg,2024-05-30T09:27:19.918146+00:00
43,grape/static/seg/uploads/IMG_2093.jpg,grape/static/seg/processed/IMG_2093_result_box.jpg,2024-05-30T09:29:01.984689+00:00
44,grape/static/seg/uploads/IMG_2093.jpg,grape/static/seg/processed/IMG_2093_result_box.jpg,2024-05-30T09:32:45.193426+00:00
45,grape/static/seg/uploads/IMG_8028.jpg,grape/static/seg/processed/IMG_8028_result_box.jpg,2024-05-30T09:32:52.729294+00:00
46,grape/static/seg/uploads/IMG_2093.jpg,grape/static/seg/processed/IMG_2093_result_box.jpg,2024-05-30T09:33:46.119163+00:00
47,grape/static/seg/uploads/IMG_8028.jpg,grape/static/seg/processed/IMG_8028_result_box.jpg,2024-05-30T09:33:53.305784+00:00
48,grape/static/seg/uploads/IMG_2093.jpg,grape/static/seg/processed/IMG_2093_result_box.jpg,2024-05-30T12:20:09.610787+00:00
49,grape/static/seg/uploads/IMG_8028.jpg,grape/static/seg/processed/IMG_8028_result_box.jpg,2024-05-30T12:20:13.422253+00:00
50,grape/static/seg/uploads/IMG_2093.jpg,grape/static/seg/processed/IMG_2093_result_box.jpg,2024-05-30T12:21:48.630274+00:00
51,grape/static/seg/uploads/IMG_8028.jpg,grape/static/seg/processed/IMG_8028_result_box.jpg,2024-05-30T12:21:52.013717+00:00
52,grape/static/seg/uploads/IMG_2093.jpg,grape/static/seg/processed/IMG_2093_result_box.jpg,2024-05-30T12:33:11.194338+00:00
53,grape/static/seg/uploads/IMG_8028.jpg,grape/static/seg/processed/IMG_8028_result_box.jpg,2024-05-30T12:33:14.468686+00:00
54,grape/static/seg/uploads/b_16-1-1-1451_5.jpg,grape/static/seg/processed/b_16-1-1-1451_5_result_box.jpg,2024-05-30T12:34:00.387725+00:00
55,grape/static/seg/uploads/b_IMG_2102_15.jpg,grape/static/seg/processed/b_IMG_2102_15_result_box.jpg,2024-05-30T12:34:01.866030+00:00
56,grape/static/seg/uploads/b_IMG_9105_11.jpg,grape/static/seg/processed/b_IMG_9105_11_result_box.jpg,2024-05-30T12:34:03.054760+00:00
57,grape/static/seg/uploads/b_IMG_9440_16.jpg,grape/static/seg/processed/b_IMG_9440_16_result_box.jpg,2024-05-30T12:34:04.242054+00:00
58,grape/static/seg/uploads/IMG_2093.jpg,grape/static/seg/processed/IMG_2093_result_box.jpg,2024-06-06T08:32:58.815419+00:00
59,grape/static/seg/uploads/IMG_8028.jpg,grape/static/seg/processed/IMG_8028_result_box.jpg,2024-06-06T08:33:03.661047+00:00
60,grape/static/seg/uploads/IMG_2093.jpg,grape/static/seg/processed/IMG_2093_result_box.jpg,2024-06-06T08:34:12.455695+00:00
61,grape/static/seg/uploads/b_16-1-1-1451_5.jpg,grape/static/seg/processed/b_16-1-1-1451_5_result_box.jpg,2024-06-06T08:36:48.240957+00:00
62,grape/static/seg/uploads/IMG_2093.jpg,grape/static/seg/processed/IMG_2093_result_box.jpg,2024-06-06T08:37:55.876469+00:00
63,grape/static/seg/uploads/mmexport1717663150705.jpg,grape/static/seg/processed/mmexport1717663150705_result_box.jpg,2024-06-06T08:39:26.041310+00:00
64,grape/static/seg/uploads/IMG_2093.jpg,grape/static/seg/processed/IMG_2093_result_box.jpg,2024-06-17T12:21:22.483214+00:00
65,grape/static/seg/uploads/IMG_2093.jpg,grape/static/seg/processed/IMG_2093_result_box.jpg,2024-06-21T13:56:15.860900+00:00
66,grape/static/seg/uploads/16-1-1-127.jpg,grape/static/seg/processed/16-1-1-127_result_box.jpg,2024-06-21T13:57:19.008781+00:00
67,grape/static/seg/uploads/IMG_8028.jpg,grape/static/seg/processed/IMG_8028_result_box.jpg,2024-06-21T13:57:35.381262+00:00
68,grape/static/seg/uploads/IMG_2093.jpg,grape/static/seg/processed/IMG_2093_result_box.jpg,2024-06-21T13:58:47.487551+00:00
69,grape/static/seg/uploads/IMG_2093.jpg,grape/static/seg/processed/IMG_2093_result_box.jpg,2024-06-21T14:02:03.207284+00:00
70,grape/static/seg/uploads/IMG_8028.jpg,grape/static/seg/processed/IMG_8028_result_box.jpg,2024-06-21T14:03:16.968945+00:00
71,grape/static/seg/uploads/IMG_2093.jpg,grape/static/seg/processed/IMG_2093_result_box.jpg,2024-06-21T14:11:44.343741+00:00
72,grape/static/seg/uploads/IMG_8028.jpg,grape/static/seg/processed/IMG_8028_result_box.jpg,2024-06-21T14:11:47.538090+00:00
73,grape/static/seg/uploads/IMG_2093.jpg,grape/static/seg/processed/IMG_2093_result_box.jpg,2024-06-21T14:14:33.163398+00:00
74,grape/static/seg/uploads/IMG_2093.jpg,grape/static/seg/processed/IMG_2093_result_box.jpg,2024-06-21T14:15:32.824385+00:00
75,grape/static/seg/uploads/IMG_2093.jpg,grape/static/seg/processed/IMG_2093_result_box.jpg,2024-06-21T14:18:47.546986+00:00
76,grape/static/seg/uploads/IMG_2093.jpg,grape/static/seg/processed/IMG_2093_result_box.jpg,2024-06-21T14:19:48.765058+00:00
77,grape/static/seg/uploads/IMG_2093.jpg,grape/static/seg/processed/IMG_2093_result_box.jpg,2024-06-21T14:21:24.403605+00:00
78,grape/static/seg/uploads/IMG_2093.jpg,grape/static/seg/processed/IMG_2093_result_box.jpg,2024-06-21T14:21:32.783476+00:00
79,grape/static/seg/uploads/16-1-1-127.jpg,grape/static/seg/processed/16-1-1-127_result_box.jpg,2024-06-21T14:28:49.630579+00:00
80,grape/static/seg/uploads/IMG_2093.jpg,grape/static/seg/processed/IMG_2093_result_box.jpg,2024-06-21T14:30:45.510722+00:00
81,grape/static/seg/uploads/IMG_2093.jpg,grape/static/seg/processed/IMG_2093_result_box.jpg,2024-06-21T14:30:55.463838+00:00
82,grape/static/seg/uploads/IMG_8028.jpg,grape/static/seg/processed/IMG_8028_result_box.jpg,2024-06-21T14:30:58.672057+00:00
83,grape/static/seg/uploads/16-1-1-127.jpg,grape/static/seg/processed/16-1-1-127_result_box.jpg,2024-06-21T14:31:02.467032+00:00
84,grape/static/seg/uploads/IMG_2093.jpg,grape/static/seg/processed/IMG_2093_result_box.jpg,2024-06-21T14:42:55.212138+00:00
85,grape/static/seg/uploads/IMG_2093.jpg,grape/static/seg/processed/IMG_2093_result_box.jpg,2024-06-21T14:46:19.749596+00:00
86,grape/static/seg/uploads/IMG_2093.jpg,grape/static/seg/processed/IMG_2093_result_box.jpg,2024-06-21T14:46:49.514549+00:00
87,grape/static/seg/uploads/IMG_8028.jpg,grape/static/seg/processed/IMG_8028_result_box.jpg,2024-06-21T14:46:52.734062+00:00
88,grape/static/seg/uploads/16-1-1-127.jpg,grape/static/seg/processed/16-1-1-127_result_box.jpg,2024-06-21T14:46:56.186494+00:00
89,grape/static/seg/uploads/IMG_2093.jpg,,2024-07-01T04:12:33.543471+00:00
90,grape/static/seg/uploads/16-1-1-127.jpg,,2024-07-01T04:13:20.616705+00:00
91,grape/static/seg/uploads/IMG_2093.jpg,,2024-07-01T04:14:26.209015+00:00
92,grape/static/seg/uploads/IMG_2093.jpg,,2024-07-02T12:33:01.313429+00:00
93,grape/static/seg/uploads/IMG_2093.jpg,,2024-07-02T12:36:32.381246+00:00
94,grape/static/seg/uploads/IMG_8028.jpg,,2024-07-02T12:37:33.150478+00:00
95,grape/static/seg/uploads/b_16-1-1-1451_5.jpg,,2024-07-02T12:37:47.174069+00:00
96,grape/static/seg/uploads/IMG_2093.jpg,grape/static/seg/processed/IMG_2093_result_box.jpg,2024-07-02T12:44:32.280726+00:00
97,grape/static/seg/uploads/IMG_8028.jpg,grape/static/seg/processed/IMG_8028_result_box.jpg,2024-07-02T12:44:36.118275+00:00
98,grape/static/seg/uploads/16-1-1-127.jpg,grape/static/seg/processed/16-1-1-127_result_box.jpg,2024-07-02T12:44:39.527345+00:00
99,grape/static/seg/uploads/IMG_2093.jpg,grape/static/seg/processed/IMG_2093_result_box.jpg,2024-07-05T08:01:29.628345+00:00
100,grape/static/seg/uploads/IMG_2093.jpg,grape/static/seg/processed/IMG_2093_result_box.jpg,2024-07-05T08:03:05.015566+00:00
101,grape/static/seg/uploads/IMG_2093.jpg,grape/static/seg/processed/IMG_2093_result_box.jpg,2024-07-05T08:03:18.128590+00:00
102,grape/static/seg/uploads/test.png,grape/static/seg/processed/test_result_box.jpg,2024-07-05T08:03:21.376029+00:00
103,grape/static/seg/uploads/IMG_2093.jpg,grape/static/seg/processed/IMG_2093_result_box.jpg,2024-07-05T08:05:11.433198+00:00
104,grape/static/seg/uploads/test.png,grape/static/seg/processed/test_result_box.jpg,2024-07-05T08:05:14.759777+00:00
105,grape/static/seg/uploads/test1.png,grape/static/seg/processed/test1_result_box.jpg,2024-07-05T08:05:17.075606+00:00
106,grape/static/seg/uploads/IMG_2093.jpg,grape/static/seg/processed/IMG_2093_result_box.jpg,2024-07-21T10:05:04.198347+00:00
107,grape/static/seg/uploads/IMG_8028.jpg,grape/static/seg/processed/IMG_8028_result_box.jpg,2024-07-21T10:05:08.884801+00:00
108,grape/static/seg/uploads/IMG_8028.jpg,grape/static/seg/processed/IMG_8028_result_box.jpg,2024-07-21T10:05:12.281449+00:00
109,grape/static/seg/uploads/IMG_2093.jpg,grape/static/seg/processed/IMG_2093_result_box.jpg,2024-07-21T10:06:26.016194+00:00
110,grape/static/seg/uploads/IMG_8028.jpg,grape/static/seg/processed/IMG_8028_result_box.jpg,2024-07-21T10:06:29.235422+00:00
111,grape/static/seg/uploads/16-1-1-127.jpg,grape/static/seg/processed/16-1-1-127_result_box.jpg,2024-07-21T10:06:32.713177+00:00
112,grape/static/seg/uploads/IMG_8028.jpg,grape/static/seg/processed/IMG_8028_result_box.jpg,2024-07-21T10:13:30.870207+00:00
113,grape/static/seg/uploads/16-1-1-127.jpg,grape/static/seg/processed/16-1-1-127_result_box.jpg,2024-07-21T10:13:34.331075+00:00
114,grape/static/seg/uploads/IMG_8028.jpg,grape/static/seg/processed/IMG_8028_result_box.jpg,2024-07-21T10:13:34.892124+00:00
115,grape/static/seg/uploads/IMG_2093.jpg,grape/static/seg/processed/IMG_2093_result_box.jpg,2024-07-21T10:14:57.000098+00:00
116,grape/static/seg/uploads/IMG_8028.jpg,grape/static/seg/processed/IMG_8028_result_box.jpg,2024-07-21T10:15:00.249052+00:00
117,grape/static/seg/uploads/IMG_8028.jpg,grape/static/seg/processed/IMG_8028_result_box.jpg,2024-07-23T15:05:16.978114+00:00
118,grape/static/seg/uploads/IMG_8028.jpg,grape/static/seg/processed/IMG_8028_result_box.jpg,2024-07-23T15:06:45.073944+00:00
119,grape/static/seg/uploads/test11.png,grape/static/seg/processed/test11_result_box.jpg,2024-07-23T15:06:48.624980+00:00
120,grape/static/seg/uploads/IMG_8028.jpg,grape/static/seg/processed/IMG_8028_result_box.jpg,2024-07-23T15:08:05.198641+00:00
121,grape/static/seg/uploads/test11.png,grape/static/seg/processed/test11_result_box.jpg,2024-07-23T15:08:08.557541+00:00
122,grape/static/seg/uploads/test.png,grape/static/seg/processed/test_result_box.jpg,2024-07-23T15:08:11.467467+00:00
123,grape/static/seg/uploads/IMG_2093.jpg,grape/static/seg/processed/IMG_2093_result_box.jpg,2024-08-06T05:52:42.881105+00:00
124,grape/static/seg/uploads/16-1-1-127.jpg,grape/static/seg/processed/16-1-1-127_result_box.jpg,2024-08-06T05:52:46.122264+00:00
125,grape/static/seg/uploads/IMG_8028.jpg,grape/static/seg/processed/IMG_8028_result_box.jpg,2024-08-06T05:52:49.757692+00:00
126,grape/static/seg/uploads/IMG_8028.jpg,grape/static/seg/processed/IMG_8028_result_box.jpg,2024-08-06T05:52:53.330559+00:00
127,grape/static/seg/uploads/IMG_2093.jpg,grape/static/seg/processed/IMG_2093_result_box.jpg,2024-08-06T05:55:20.358257+00:00
128,grape/static/seg/uploads/IMG_8028.jpg,grape/static/seg/processed/IMG_8028_result_box.jpg,2024-08-06T05:55:23.661307+00:00
129,grape/static/seg/uploads/IMG_8028.jpg,grape/static/seg/processed/IMG_8028_result_box.jpg,2024-08-06T05:55:27.134896+00:00
130,grape/static/seg/uploads/IMG_2093.jpg,grape/static/seg/processed/IMG_2093_result_box.jpg,2024-08-06T05:56:55.652202+00:00
131,grape/static/seg/uploads/IMG_8028.jpg,grape/static/seg/processed/IMG_8028_result_box.jpg,2024-08-06T05:56:59.125583+00:00
132,grape/static/seg/uploads/16-1-1-127.jpg,grape/static/seg/processed/16-1-1-127_result_box.jpg,2024-08-06T05:57:02.717820+00:00
133,grape/static/seg/uploads/IMG_2093.jpg,grape/static/seg/processed/IMG_2093_result_box.jpg,2024-08-06T06:02:44.610736+00:00
134,grape/static/seg/uploads/IMG_2093.jpg,grape/static/seg/processed/IMG_2093_result_box.jpg,2024-08-06T06:03:43.482584+00:00
135,grape/static/seg/uploads/IMG_2093.jpg,grape/static/seg/processed/IMG_2093_result_box.jpg,2024-08-06T06:07:50.961660+00:00
136,grape/static/seg/uploads/IMG_8028.jpg,grape/static/seg/processed/IMG_8028_result_box.jpg,2024-08-06T06:10:56.513633+00:00
137,grape/static/seg/uploads/16-1-1-127.jpg,grape/static/seg/processed/16-1-1-127_result_box.jpg,2024-08-06T06:10:59.960937+00:00
138,grape/static/seg/uploads/IMG_2093.jpg,grape/static/seg/processed/IMG_2093_result_box.jpg,2024-08-06T06:36:42.200605+00:00
139,grape/static/seg/uploads/IMG_8028.jpg,grape/static/seg/processed/IMG_8028_result_box.jpg,2024-08-06T06:36:45.650942+00:00
140,grape/static/seg/uploads/16-1-1-127.jpg,grape/static/seg/processed/16-1-1-127_result_box.jpg,2024-08-06T06:36:49.040851+00:00
141,grape/static/seg/uploads/IMG_2093.jpg,grape/static/seg/processed/IMG_2093_result_box.jpg,2024-08-06T06:49:08.321094+00:00
142,grape/static/seg/uploads/IMG_8028.jpg,grape/static/seg/processed/IMG_8028_result_box.jpg,2024-08-06T06:49:11.623520+00:00
143,grape/static/seg/uploads/16-1-1-127.jpg,grape/static/seg/processed/16-1-1-127_result_box.jpg,2024-08-06T06:49:15.246314+00:00
144,grape/static/seg/uploads/71FB8CBE-06C3-45F2-B492-EE770DF0658C.jpeg,grape/static/seg/processed/71FB8CBE-06C3-45F2-B492-EE770DF0658C_result_box.jpg,2024-08-06T07:28:16.285589+00:00
145,grape/static/seg/uploads/E4660BAF-CC55-459B-800F-2D449E148459.jpeg,grape/static/seg/processed/E4660BAF-CC55-459B-800F-2D449E148459_result_box.jpg,2024-08-06T07:28:22.395586+00:00
146,grape/static/seg/uploads/IMG_2093.jpg,grape/static/seg/processed/IMG_2093_result_box.jpg,2024-08-06T07:31:18.035017+00:00
147,grape/static/seg/uploads/mmexport1722929548057.jpg,grape/static/seg/processed/mmexport1722929548057_result_box.jpg,2024-08-06T07:34:28.083818+00:00
148,grape/static/seg/uploads/mmexport1722929548057.jpg,grape/static/seg/processed/mmexport1722929548057_result_box.jpg,2024-08-06T07:35:11.352795+00:00
149,grape/static/seg/uploads/mmexport1722929847039.jpg,grape/static/seg/processed/mmexport1722929847039_result_box.jpg,2024-08-06T07:37:46.938302+00:00
150,grape/static/seg/uploads/mmexport1723033460608.jpg,grape/static/seg/processed/mmexport1723033460608_result_box.jpg,2024-08-07T12:24:57.668831+00:00
151,grape/static/seg/uploads/IMG_2093.jpg,grape/static/seg/processed/IMG_2093_result_box.jpg,2024-08-08T06:34:14.112587+00:00
152,grape/static/seg/uploads/IMG_8028.jpg,grape/static/seg/processed/IMG_8028_result_box.jpg,2024-08-08T06:34:17.349595+00:00
153,grape/static/seg/uploads/16-1-1-127.jpg,grape/static/seg/processed/16-1-1-127_result_box.jpg,2024-08-08T06:34:20.725904+00:00
154,grape/static/seg/uploads/IMG_8028.jpg,grape/static/seg/processed/IMG_8028_result_box.jpg,2024-08-08T06:34:24.410582+00:00
155,grape/static/seg/uploads/IMG_2093.jpg,,2024-08-08T15:19:43.757830+00:00
156,grape/static/seg/uploads/IMG_2093.jpg,,2024-08-08T15:19:59.056188+00:00
157,grape/static/seg/uploads/IMG_2093.jpg,grape/static/seg/processed/IMG_2093_result_box.jpg,2024-08-08T15:22:58.874417+00:00
158,grape/static/seg/uploads/IMG_8028.jpg,grape/static/seg/processed/IMG_8028_result_box.jpg,2024-08-08T15:23:02.753684+00:00
159,grape/static/seg/uploads/IMG_2093.jpg,grape/static/seg/processed/IMG_2093_result_box.jpg,2024-08-08T15:25:39.282589+00:00
160,grape/static/seg/uploads/IMG_2093.jpg,grape/static/seg/processed/IMG_2093_result_box.jpg,2024-08-08T15:33:37.302292+00:00
161,grape/static/seg/uploads/IMG_2093.jpg,grape/static/seg/processed/IMG_2093_result_box.jpg,2024-08-08T15:39:06.500011+00:00
162,grape/static/seg/uploads/IMG_2093.jpg,grape/static/seg/processed/IMG_2093_result_box.jpg,2024-08-08T15:40:10.302341+00:00
163,grape/static/seg/uploads/IMG_8028.jpg,grape/static/seg/processed/IMG_8028_result_box.jpg,2024-08-08T15:40:13.575972+00:00
164,grape/static/seg/uploads/IMG_2093.jpg,,2024-08-08T15:44:08.362903+00:00
165,grape/static/seg/uploads/IMG_2093.jpg,grape/static/seg/processed/IMG_2093_result_box.jpg,2024-08-08T15:45:31.926119+00:00
166,grape/static/seg/uploads/IMG_8028.jpg,grape/static/seg/processed/IMG_8028_result_box.jpg,2024-08-08T15:45:35.883624+00:00
167,grape/static/seg/uploads/IMG_2093.jpg,grape/static/seg/processed/IMG_2093_result_box.jpg,2024-08-08T15:50:58.322851+00:00
168,grape/static/seg/uploads/IMG_8028.jpg,grape/static/seg/processed/IMG_8028_result_box.jpg,2024-08-08T15:51:02.214702+00:00
169,grape/static/seg/uploads/IMG_2093.jpg,grape/static/seg/processed/IMG_2093_result_box.jpg,2024-08-08T16:00:28.192823+00:00
170,grape/static/seg/uploads/IMG_8028.jpg,grape/static/seg/processed/IMG_8028_result_box.jpg,2024-08-08T16:00:32.066391+00:00
171,grape/static/seg/uploads/IMG_2093.jpg,grape/static/seg/processed/IMG_2093_result_box.jpg,2024-08-09T02:39:39.083681+00:00
172,grape/static/seg/uploads/IMG_8028.jpg,grape/static/seg/processed/IMG_8028_result_box.jpg,2024-08-09T02:39:42.360156+00:00
173,grape/static/seg/uploads/IMG_8028.jpg,grape/static/seg/processed/IMG_8028_result_box.jpg,2024-08-09T02:39:45.986047+00:00
174,grape/static/seg/uploads/test11.png,grape/static/seg/processed/test11_result_box.jpg,2024-08-12T01:55:53.912871+00:00
175,grape/static/seg/uploads/test11.png,grape/static/seg/processed/test11_result_box.jpg,2024-08-12T01:56:46.246119+00:00
176,grape/static/seg/uploads/IMG_2093.jpg,grape/static/seg/processed/IMG_2093_result_box.jpg,2024-08-12T01:56:49.498479+00:00
177,grape/static/seg/uploads/微信图片_20240812095740.jpg,grape/static/seg/processed/微信图片_20240812095740_result_box.jpg,2024-08-12T02:00:45.195180+00:00
178,grape/static/seg/uploads/微信图片_20240812095821.jpg,grape/static/seg/processed/微信图片_20240812095821_result_box.jpg,2024-08-12T02:00:51.000767+00:00
179,grape/static/seg/uploads/微信图片_20240812095822.jpg,grape/static/seg/processed/微信图片_20240812095822_result_box.jpg,2024-08-12T02:00:56.726413+00:00
180,grape/static/seg/uploads/IMG_2312.JPG,grape/static/seg/processed/IMG_2312_result_box.jpg,2024-08-12T02:01:33.525408+00:00
181,grape/static/seg/uploads/IMG_2359.JPG,grape/static/seg/processed/IMG_2359_result_box.jpg,2024-08-12T04:08:25.774732+00:00
182,grape/static/seg/uploads/IMG_2360.JPG,grape/static/seg/processed/IMG_2360_result_box.jpg,2024-08-12T04:08:31.919253+00:00
183,grape/static/seg/uploads/IMG_2361.JPG,grape/static/seg/processed/IMG_2361_result_box.jpg,2024-08-12T04:08:37.637915+00:00
184,grape/static/seg/uploads/IMG_2362.JPG,grape/static/seg/processed/IMG_2362_result_box.jpg,2024-08-12T04:08:43.684743+00:00
185,grape/static/seg/uploads/IMG_2363.JPG,grape/static/seg/processed/IMG_2363_result_box.jpg,2024-08-12T04:08:49.362639+00:00
186,grape/static/seg/uploads/IMG_2364.JPG,grape/static/seg/processed/IMG_2364_result_box.jpg,2024-08-12T04:16:34.825293+00:00
187,grape/static/seg/uploads/IMG_2366.JPG,grape/static/seg/processed/IMG_2366_result_box.jpg,2024-08-12T04:16:40.577760+00:00
188,grape/static/seg/uploads/IMG_2367.JPG,grape/static/seg/processed/IMG_2367_result_box.jpg,2024-08-12T04:16:46.017335+00:00
189,grape/static/seg/uploads/IMG_2368.JPG,grape/static/seg/processed/IMG_2368_result_box.jpg,2024-08-12T04:16:51.554273+00:00
190,grape/static/seg/uploads/IMG_2369.JPG,grape/static/seg/processed/IMG_2369_result_box.jpg,2024-08-12T04:16:56.987416+00:00
191,grape/static/seg/uploads/IMG_2370.JPG,grape/static/seg/processed/IMG_2370_result_box.jpg,2024-08-12T04:20:40.480744+00:00
192,grape/static/seg/uploads/IMG_2371.JPG,grape/static/seg/processed/IMG_2371_result_box.jpg,2024-08-12T04:20:46.393669+00:00
193,grape/static/seg/uploads/IMG_2372.JPG,grape/static/seg/processed/IMG_2372_result_box.jpg,2024-08-12T04:20:52.810967+00:00
194,grape/static/seg/uploads/IMG_2373.JPG,grape/static/seg/processed/IMG_2373_result_box.jpg,2024-08-12T04:20:58.485761+00:00
195,grape/static/seg/uploads/IMG_2374.JPG,grape/static/seg/processed/IMG_2374_result_box.jpg,2024-08-12T04:21:04.568367+00:00
196,grape/static/seg/uploads/IMG_2375.JPG,grape/static/seg/processed/IMG_2375_result_box.jpg,2024-08-12T04:21:10.473220+00:00
197,grape/static/seg/uploads/IMG_2376.JPG,grape/static/seg/processed/IMG_2376_result_box.jpg,2024-08-12T04:21:16.164364+00:00
198,grape/static/seg/uploads/IMG_2377.JPG,grape/static/seg/processed/IMG_2377_result_box.jpg,2024-08-12T04:21:21.697862+00:00
199,grape/static/seg/uploads/IMG_2378.JPG,grape/static/seg/processed/IMG_2378_result_box.jpg,2024-08-12T04:21:27.541686+00:00
200,grape/static/seg/uploads/IMG_2379.JPG,grape/static/seg/processed/IMG_2379_result_box.jpg,2024-08-12T04:21:33.544689+00:00
201,grape/static/seg/uploads/IMG_2380.JPG,grape/static/seg/processed/IMG_2380_result_box.jpg,2024-08-12T04:30:22.012200+00:00
202,grape/static/seg/uploads/IMG_2381.JPG,grape/static/seg/processed/IMG_2381_result_box.jpg,2024-08-12T04:30:27.780636+00:00
203,grape/static/seg/uploads/IMG_2382.JPG,grape/static/seg/processed/IMG_2382_result_box.jpg,2024-08-12T04:30:33.635698+00:00
204,grape/static/seg/uploads/IMG_2383.JPG,grape/static/seg/processed/IMG_2383_result_box.jpg,2024-08-12T04:30:39.329765+00:00
205,grape/static/seg/uploads/IMG_2384.JPG,grape/static/seg/processed/IMG_2384_result_box.jpg,2024-08-12T04:30:44.946574+00:00
206,grape/static/seg/uploads/IMG_2385.JPG,grape/static/seg/processed/IMG_2385_result_box.jpg,2024-08-12T04:30:50.615214+00:00
207,grape/static/seg/uploads/IMG_2386.JPG,grape/static/seg/processed/IMG_2386_result_box.jpg,2024-08-12T04:30:56.554413+00:00
208,grape/static/seg/uploads/IMG_2387.JPG,grape/static/seg/processed/IMG_2387_result_box.jpg,2024-08-12T04:31:02.195991+00:00
209,grape/static/seg/uploads/IMG_2388.JPG,grape/static/seg/processed/IMG_2388_result_box.jpg,2024-08-12T04:31:07.863123+00:00
210,grape/static/seg/uploads/IMG_2389.JPG,grape/static/seg/processed/IMG_2389_result_box.jpg,2024-08-12T04:31:13.647835+00:00
211,grape/static/seg/uploads/IMG_2390.JPG,grape/static/seg/processed/IMG_2390_result_box.jpg,2024-08-12T04:31:19.012986+00:00
212,grape/static/seg/uploads/IMG_2391.JPG,grape/static/seg/processed/IMG_2391_result_box.jpg,2024-08-12T04:31:24.737785+00:00
213,grape/static/seg/uploads/IMG_2392.JPG,grape/static/seg/processed/IMG_2392_result_box.jpg,2024-08-12T04:31:30.440838+00:00
214,grape/static/seg/uploads/IMG_2393.JPG,grape/static/seg/processed/IMG_2393_result_box.jpg,2024-08-12T04:31:36.755794+00:00
215,grape/static/seg/uploads/IMG_2394.JPG,grape/static/seg/processed/IMG_2394_result_box.jpg,2024-08-12T04:31:42.448663+00:00
216,grape/static/seg/uploads/IMG_2395.JPG,grape/static/seg/processed/IMG_2395_result_box.jpg,2024-08-12T04:31:48.188699+00:00
217,grape/static/seg/uploads/IMG_2396.JPG,grape/static/seg/processed/IMG_2396_result_box.jpg,2024-08-12T04:31:53.786247+00:00
218,grape/static/seg/uploads/IMG_2397.JPG,grape/static/seg/processed/IMG_2397_result_box.jpg,2024-08-12T04:31:59.123036+00:00
219,grape/static/seg/uploads/IMG_2398.JPG,grape/static/seg/processed/IMG_2398_result_box.jpg,2024-08-12T04:32:04.565494+00:00
220,grape/static/seg/uploads/IMG_2399.JPG,grape/static/seg/processed/IMG_2399_result_box.jpg,2024-08-12T04:32:11.226339+00:00
221,grape/static/seg/uploads/IMG_2400.JPG,grape/static/seg/processed/IMG_2400_result_box.jpg,2024-08-12T04:32:17.270605+00:00
222,grape/static/seg/uploads/IMG_2401.JPG,grape/static/seg/processed/IMG_2401_result_box.jpg,2024-08-12T04:32:23.021402+00:00
223,grape/static/seg/uploads/IMG_2402.JPG,grape/static/seg/processed/IMG_2402_result_box.jpg,2024-08-12T04:32:29.207711+00:00
224,grape/static/seg/uploads/IMG_2403.JPG,grape/static/seg/processed/IMG_2403_result_box.jpg,2024-08-12T04:32:34.910975+00:00
225,grape/static/seg/uploads/IMG_2093.jpg,grape/static/seg/processed/IMG_2093_result_box.jpg,2024-08-21T09:49:20.391016+00:00
226,grape/static/seg/uploads/IMG_2093.jpg,grape/static/seg/processed/IMG_2093_result_box.jpg,2024-08-21T09:49:24.080247+00:00
227,grape/static/seg/uploads/IMG_8028.jpg,grape/static/seg/processed/IMG_8028_result_box.jpg,2024-08-21T09:49:53.933098+00:00
228,grape/static/seg/uploads/IMG_2093.jpg,grape/static/seg/processed/IMG_2093_result_box.jpg,2024-08-21T09:52:37.351971+00:00
229,grape/static/seg/uploads/IMG_2093.jpg,grape/static/seg/processed/IMG_2093_result_box.jpg,2024-08-21T09:53:30.384613+00:00
230,grape/static/seg/uploads/IMG_8028.jpg,grape/static/seg/processed/IMG_8028_result_box.jpg,2024-08-21T09:53:33.605967+00:00
231,grape/static/seg/uploads/16-1-1-127.jpg,grape/static/seg/processed/16-1-1-127_result_box.jpg,2024-08-21T09:53:37.103124+00:00
232,grape/static/seg/uploads/IMG_2093.jpg,grape/static/seg/processed/IMG_2093_result_box.jpg,2024-08-21T09:53:40.729064+00:00
233,grape/static/seg/uploads/16-1-1-127.jpg,grape/static/seg/processed/16-1-1-127_result_box.jpg,2024-08-21T09:53:43.971458+00:00
234,grape/static/seg/uploads/图片1.png,grape/static/seg/processed/图片1_result_box.jpg,2024-08-23T00:36:38.000866+00:00
235,grape/static/seg/uploads/图片1.png,grape/static/seg/processed/图片1_result_box.jpg,2024-08-23T00:37:21.305949+00:00
236,grape/static/seg/uploads/图片2.png,grape/static/seg/processed/图片2_result_box.jpg,2024-08-23T00:37:22.771307+00:00
237,grape/static/seg/uploads/IMG_2093.jpg,grape/static/seg/processed/IMG_2093_result_box.jpg,2024-08-25T14:35:33.691982+00:00
238,grape/static/seg/uploads/IMG_8028.jpg,grape/static/seg/processed/IMG_8028_result_box.jpg,2024-08-29T08:42:08.707894+00:00
239,grape/static/seg/uploads/16-1-1-127.jpg,grape/static/seg/processed/16-1-1-127_result_box.jpg,2024-09-24T15:46:13.002437+00:00
240,grape/static/seg/uploads/IMG_2093.jpg,grape/static/seg/processed/IMG_2093_result_box.jpg,2024-09-26T09:35:06.936068+00:00
241,grape/static/seg/uploads/IMG_8028.jpg,grape/static/seg/processed/IMG_8028_result_box.jpg,2024-09-26T09:38:50.037483+00:00
242,grape/static/seg/uploads/16-1-1-127.jpg,grape/static/seg/processed/16-1-1-127_result_box.jpg,2024-09-27T04:09:11.920934+00:00
243,grape/static/seg/uploads/IMG_8028.jpg,grape/static/seg/processed/IMG_8028_result_box.jpg,2024-10-10T13:27:04.767611+00:00
244,grape/static/seg/uploads/IMG_2093.jpg,grape/static/seg/processed/IMG_2093_result_box.jpg,2024-10-10T14:52:47.245298+00:00
245,grape/static/seg/uploads/IMG_8028.jpg,grape/static/seg/processed/IMG_8028_result_box.jpg,2024-10-10T14:52:50.492442+00:00
246,grape/static/seg/uploads/IMG_2093.jpg,grape/static/seg/processed/IMG_2093_result_box.jpg,2024-10-10T14:53:14.846970+00:00
247,grape/static/seg/uploads/IMG_8028.jpg,grape/static/seg/processed/IMG_8028_result_box.jpg,2024-10-10T14:53:18.065663+00:00
248,grape/static/seg/uploads/16-1-1-127.jpg,grape/static/seg/processed/16-1-1-127_result_box.jpg,2024-10-10T14:53:21.516481+00:00
249,grape/static/seg/uploads/16-1-1-127.jpg,grape/static/seg/processed/16-1-1-127_result_box.jpg,2024-10-10T14:53:41.204674+00:00
250,grape/static/seg/uploads/16-1-1-127.jpg,grape/static/seg/processed/16-1-1-127_result_box.jpg,2024-10-11T03:39:24.508811+00:00
251,grape/static/seg/uploads/IMG_2093.jpg,grape/static/seg/processed/IMG_2093_result_box.jpg,2024-10-14T14:35:33.544527+00:00
252,grape/static/seg/uploads/IMG_2093.jpg,grape/static/seg/processed/IMG_2093_result_box.jpg,2024-10-14T14:35:51.717243+00:00
253,grape/static/seg/uploads/IMG_8028.jpg,grape/static/seg/processed/IMG_8028_result_box.jpg,2024-10-14T14:35:55.043890+00:00
254,grape/static/seg/uploads/IMG_2093.jpg,grape/static/seg/processed/IMG_2093_result_box.jpg,2024-10-25T05:54:03.629749+00:00
255,grape/static/seg/uploads/IMG_7414.JPG,grape/static/seg/processed/IMG_7414_result_box.jpg,2024-10-27T03:27:34.153921+00:00
256,grape/static/seg/uploads/16-1-1-127.jpg,grape/static/seg/processed/16-1-1-127_result_box.jpg,2024-10-27T07:27:55.734398+00:00
257,grape/static/seg/uploads/IMG_2093.jpg,grape/static/seg/processed/IMG_2093_result_box.jpg,2024-10-28T13:54:06.269034+00:00
258,grape/static/seg/uploads/16-1-1-127.jpg,grape/static/seg/processed/16-1-1-127_result_box.jpg,2024-10-29T05:22:41.208151+00:00
259,grape/static/seg/uploads/IMG_8028.jpg,grape/static/seg/processed/IMG_8028_result_box.jpg,2024-10-29T05:22:44.934610+00:00
260,grape/static/seg/uploads/IMG_8028.jpg,grape/static/seg/processed/IMG_8028_result_box.jpg,2024-10-29T05:22:48.456101+00:00
261,grape/static/seg/uploads/IMG_8028.jpg,grape/static/seg/processed/IMG_8028_result_box.jpg,2024-10-29T05:23:01.832289+00:00
262,grape/static/seg/uploads/16-1-1-127.jpg,grape/static/seg/processed/16-1-1-127_result_box.jpg,2024-10-29T05:23:05.200758+00:00
263,grape/static/seg/uploads/IMG_2093.jpg,grape/static/seg/processed/IMG_2093_result_box.jpg,2024-11-17T09:20:48.999387+00:00
264,grape/static/seg/uploads/IMG_2093.jpg,grape/static/seg/processed/IMG_2093_result_box.jpg,2024-11-17T09:25:40.293505+00:00
265,grape/static/seg/uploads/IMG_8028.jpg,grape/static/seg/processed/IMG_8028_result_box.jpg,2024-11-17T09:26:42.066438+00:00
266,grape/static/seg/uploads/IMG_2093.jpg,grape/static/seg/processed/IMG_2093_result_box.jpg,2024-11-19T12:14:44.294493+00:00
267,grape/static/seg/uploads/IMG_2093.jpg,grape/static/seg/processed/IMG_2093_result_box.jpg,2024-12-17T08:53:51.051685+00:00
268,grape/static/seg/uploads/IMG_8028.jpg,grape/static/seg/processed/IMG_8028_result_box.jpg,2024-12-17T08:53:55.346752+00:00
269,grape/static/seg/uploads/16-1-1-127.jpg,grape/static/seg/processed/16-1-1-127_result_box.jpg,2024-12-17T08:53:58.839063+00:00
270,grape/static/seg/uploads/IMG_8028.jpg,grape/static/seg/processed/IMG_8028_result_box.jpg,2024-12-19T06:25:33.009871+00:00
271,grape/static/seg/uploads/IMG_2093.jpg,grape/static/seg/processed/IMG_2093_result_box.jpg,2024-12-19T06:25:36.534061+00:00
272,grape/static/seg/uploads/IMG_2093.jpg,,2024-12-26T08:55:04.911269+00:00
273,grape/static/seg/uploads/IMG_2093.jpg,,2024-12-26T08:55:11.268244+00:00
274,grape/static/seg/uploads/IMG_2093.jpg,,2024-12-26T08:55:17.436103+00:00
275,grape/static/seg/uploads/IMG_2093.jpg,,2024-12-26T08:55:44.135067+00:00
276,grape/static/seg/uploads/IMG_8028.jpg,grape/static/seg/processed/IMG_8028_result_box.jpg,2024-12-26T11:56:11.408774+00:00
277,grape/static/seg/uploads/IMG_2093.jpg,grape/static/seg/processed/IMG_2093_result_box.jpg,2024-12-30T04:00:38.481632+00:00
278,grape/static/seg/uploads/IMG_2093.jpg,grape/static/seg/processed/IMG_2093_result_box.jpg,2025-01-02T02:09:16.525410+00:00
279,grape/static/seg/uploads/IMG_8028.jpg,grape/static/seg/processed/IMG_8028_result_box.jpg,2025-01-02T02:09:19.870749+00:00
280,grape/static/seg/uploads/16-1-1-127.jpg,grape/static/seg/processed/16-1-1-127_result_box.jpg,2025-01-02T02:09:23.363979+00:00
281,grape/static/seg/uploads/IMG_2093.jpg,grape/static/seg/processed/IMG_2093_result_box.jpg,2025-01-02T02:10:04.323661+00:00
282,grape/static/seg/uploads/IMG_0047.jpg,grape/static/seg/processed/IMG_0047_result_box.jpg,2025-01-18T13:28:31.984191+00:00
283,grape/static/seg/uploads/IMG_0047.jpg,grape/static/seg/processed/IMG_0047_result_box.jpg,2025-01-18T13:29:24.432892+00:00
284,grape/static/seg/uploads/IMG_2208.jpg,grape/static/seg/processed/IMG_2208_result_box.jpg,2025-01-18T13:29:28.637810+00:00
285,grape/static/seg/uploads/IMG_2210.jpg,grape/static/seg/processed/IMG_2210_result_box.jpg,2025-01-18T13:30:42.824550+00:00
286,grape/static/seg/uploads/IMG_7053.jpg,grape/static/seg/processed/IMG_7053_result_box.jpg,2025-01-18T13:56:17.423566+00:00
287,grape/static/seg/uploads/IMG_9371.jpg,grape/static/seg/processed/IMG_9371_result_box.jpg,2025-01-20T03:00:40.683634+00:00
288,grape/static/seg/uploads/IMG_2093.jpg,grape/static/seg/processed/IMG_2093_result_box.jpg,2025-01-21T08:38:42.770526+00:00
289,grape/static/seg/uploads/IMG_8028.jpg,grape/static/seg/processed/IMG_8028_result_box.jpg,2025-01-21T08:38:46.059657+00:00
290,grape/static/seg/uploads/16-1-1-127.jpg,grape/static/seg/processed/16-1-1-127_result_box.jpg,2025-01-21T08:38:49.434212+00:00
291,grape/static/seg/uploads/16-1-1-1421.jpg,grape/static/seg/processed/16-1-1-1421_result_box.jpg,2025-02-04T13:39:06.636687+00:00
292,grape/static/seg/uploads/IMG_2093.jpg,grape/static/seg/processed/IMG_2093_result_box.jpg,2025-02-14T04:51:14.385543+00:00
293,grape/static/seg/uploads/IMG_8028.jpg,grape/static/seg/processed/IMG_8028_result_box.jpg,2025-02-14T04:51:17.876442+00:00
294,grape/static/seg/uploads/IMG_8028.jpg,grape/static/seg/processed/IMG_8028_result_box.jpg,2025-02-14T07:39:59.576823+00:00
295,grape/static/seg/uploads/IMG_2093.jpg,grape/static/seg/processed/IMG_2093_result_box.jpg,2025-03-19T10:32:05.167302+00:00
296,grape/static/seg/uploads/IMG_8028.jpg,grape/static/seg/processed/IMG_8028_result_box.jpg,2025-03-19T10:32:08.551907+00:00
297,grape/static/seg/uploads/16-1-1-127.jpg,grape/static/seg/processed/16-1-1-127_result_box.jpg,2025-03-19T10:32:12.039067+00:00
298,grape/static/seg/uploads/16-1-1-127.jpg,grape/static/seg/processed/16-1-1-127_result_box.jpg,2025-03-19T10:32:16.197526+00:00
299,grape/static/seg/uploads/IMG_8028.jpg,grape/static/seg/processed/IMG_8028_result_box.jpg,2025-04-21T01:44:33.968162+00:00
300,grape/static/seg/uploads/IMG_8028.jpg,grape/static/seg/processed/IMG_8028_result_box.jpg,2025-04-21T01:44:57.401282+00:00
301,grape/static/seg/uploads/IMG_2093.jpg,grape/static/seg/processed/IMG_2093_result_box.jpg,2025-04-21T01:48:35.672891+00:00
302,grape/static/seg/uploads/IMG_2093.jpg,grape/static/seg/processed/IMG_2093_result_box.jpg,2025-05-27T06:56:36.425921+00:00
303,grape/static/seg/uploads/IMG_2108.jpg,grape/static/seg/processed/IMG_2108_result_box.jpg,2025-06-13T08:36:50.363662+00:00
304,grape/static/seg/uploads/IMG_8028.jpg,grape/static/seg/processed/IMG_8028_result_box.jpg,2025-06-16T04:00:19.128371+00:00
305,grape/static/seg/uploads/IMG_6567.JPG,grape/static/seg/processed/IMG_6567_result_box.jpg,2025-06-16T07:18:34.324878+00:00
306,grape/static/seg/uploads/IMG_6567.JPG,grape/static/seg/processed/IMG_6567_result_box.jpg,2025-06-16T07:23:38.393565+00:00
307,grape/static/seg/uploads/IMG_6567.JPG,grape/static/seg/processed/IMG_6567_result_box.jpg,2025-06-16T07:23:43.807982+00:00
308,grape/static/seg/uploads/IMG_6567.JPG,grape/static/seg/processed/IMG_6567_result_box.jpg,2025-06-16T07:33:09.614002+00:00
309,grape/static/seg/uploads/IMG_6567.JPG,grape/static/seg/processed/IMG_6567_result_box.jpg,2025-06-16T07:33:15.354430+00:00
310,grape/static/seg/uploads/IMG_6568.JPG,grape/static/seg/processed/IMG_6568_result_box.jpg,2025-06-16T07:33:20.668017+00:00
311,grape/static/seg/uploads/IMG_6567.JPG,grape/static/seg/processed/IMG_6567_result_box.jpg,2025-06-16T08:10:12.228698+00:00
312,grape/static/seg/uploads/IMG_6567.JPG,grape/static/seg/processed/IMG_6567_result_box.jpg,2025-06-16T08:10:18.374174+00:00
313,grape/static/seg/uploads/IMG_6568.JPG,grape/static/seg/processed/IMG_6568_result_box.jpg,2025-06-16T08:10:23.964177+00:00
314,grape/static/seg/uploads/IMG_6569.JPG,grape/static/seg/processed/IMG_6569_result_box.jpg,2025-06-16T08:10:30.314271+00:00
315,grape/static/seg/uploads/IMG_6638.JPG,grape/static/seg/processed/IMG_6638_result_box.jpg,2025-06-16T08:14:23.404864+00:00
316,grape/static/seg/uploads/IMG_6639.JPG,grape/static/seg/processed/IMG_6639_result_box.jpg,2025-06-16T08:14:29.338759+00:00
317,grape/static/seg/uploads/IMG_6640.JPG,grape/static/seg/processed/IMG_6640_result_box.jpg,2025-06-16T08:14:34.736309+00:00
318,grape/static/seg/uploads/IMG_6642.JPG,grape/static/seg/processed/IMG_6642_result_box.jpg,2025-06-16T08:32:16.728353+00:00
319,grape/static/seg/uploads/IMG_6643.JPG,grape/static/seg/processed/IMG_6643_result_box.jpg,2025-06-16T08:32:22.910466+00:00
320,grape/static/seg/uploads/IMG_6644.JPG,grape/static/seg/processed/IMG_6644_result_box.jpg,2025-06-16T08:32:29.219917+00:00
321,grape/static/seg/uploads/IMG_6684.JPG,grape/static/seg/processed/IMG_6684_result_box.jpg,2025-06-16T08:39:08.816186+00:00
322,grape/static/seg/uploads/IMG_6685.JPG,grape/static/seg/processed/IMG_6685_result_box.jpg,2025-06-16T08:39:14.413245+00:00
323,grape/static/seg/uploads/IMG_6686.JPG,grape/static/seg/processed/IMG_6686_result_box.jpg,2025-06-16T08:39:20.577231+00:00
324,grape/static/seg/uploads/IMG_6690.JPG,grape/static/seg/processed/IMG_6690_result_box.jpg,2025-06-16T08:47:02.384932+00:00
325,grape/static/seg/uploads/IMG_6691.JPG,grape/static/seg/processed/IMG_6691_result_box.jpg,2025-06-16T08:47:08.415720+00:00
326,grape/static/seg/uploads/IMG_6692.JPG,grape/static/seg/processed/IMG_6692_result_box.jpg,2025-06-16T08:47:14.221224+00:00
327,grape/static/seg/uploads/IMG_6693.JPG,grape/static/seg/processed/IMG_6693_result_box.jpg,2025-06-16T08:51:58.796507+00:00
328,grape/static/seg/uploads/IMG_6694.JPG,grape/static/seg/processed/IMG_6694_result_box.jpg,2025-06-16T08:52:04.492084+00:00
329,grape/static/seg/uploads/IMG_6695.JPG,grape/static/seg/processed/IMG_6695_result_box.jpg,2025-06-16T08:52:10.346431+00:00
330,grape/static/seg/uploads/IMG_6693.JPG,grape/static/seg/processed/IMG_6693_result_box.jpg,2025-06-16T08:53:07.071198+00:00
331,grape/static/seg/uploads/IMG_6694.JPG,grape/static/seg/processed/IMG_6694_result_box.jpg,2025-06-16T08:53:12.554296+00:00
332,grape/static/seg/uploads/IMG_6695.JPG,grape/static/seg/processed/IMG_6695_result_box.jpg,2025-06-16T08:53:18.655699+00:00
333,grape/static/seg/uploads/IMG_6697.JPG,grape/static/seg/processed/IMG_6697_result_box.jpg,2025-06-16T08:55:13.210295+00:00
334,grape/static/seg/uploads/IMG_6698.JPG,grape/static/seg/processed/IMG_6698_result_box.jpg,2025-06-16T08:55:19.115239+00:00
335,grape/static/seg/uploads/IMG_6699.JPG,grape/static/seg/processed/IMG_6699_result_box.jpg,2025-06-16T08:55:24.909412+00:00
336,grape/static/seg/uploads/IMG_6884.JPG,grape/static/seg/processed/IMG_6884_result_box.jpg,2025-06-16T09:09:07.388719+00:00
337,grape/static/seg/uploads/IMG_6885.JPG,grape/static/seg/processed/IMG_6885_result_box.jpg,2025-06-16T09:09:13.502926+00:00
338,grape/static/seg/uploads/IMG_6886.JPG,grape/static/seg/processed/IMG_6886_result_box.jpg,2025-06-16T09:09:19.514455+00:00
339,grape/static/seg/uploads/IMG_6890.JPG,grape/static/seg/processed/IMG_6890_result_box.jpg,2025-06-16T09:14:56.993331+00:00
340,grape/static/seg/uploads/IMG_6891.JPG,grape/static/seg/processed/IMG_6891_result_box.jpg,2025-06-16T09:15:02.927601+00:00
341,grape/static/seg/uploads/IMG_6892.JPG,grape/static/seg/processed/IMG_6892_result_box.jpg,2025-06-16T09:15:08.924254+00:00
342,grape/static/seg/uploads/IMG_6893.JPG,grape/static/seg/processed/IMG_6893_result_box.jpg,2025-06-16T09:19:33.517154+00:00
343,grape/static/seg/uploads/IMG_6894.JPG,grape/static/seg/processed/IMG_6894_result_box.jpg,2025-06-16T09:19:39.182275+00:00
344,grape/static/seg/uploads/IMG_6895.JPG,grape/static/seg/processed/IMG_6895_result_box.jpg,2025-06-16T09:19:44.998172+00:00
345,grape/static/seg/uploads/IMG_6911.JPG,grape/static/seg/processed/IMG_6911_result_box.jpg,2025-06-16T09:32:55.601372+00:00
346,grape/static/seg/uploads/IMG_6912.JPG,grape/static/seg/processed/IMG_6912_result_box.jpg,2025-06-16T09:33:01.480690+00:00
347,grape/static/seg/uploads/IMG_6913.JPG,grape/static/seg/processed/IMG_6913_result_box.jpg,2025-06-16T09:33:07.125368+00:00
348,grape/static/seg/uploads/IMG_6914.JPG,grape/static/seg/processed/IMG_6914_result_box.jpg,2025-06-16T09:39:45.824701+00:00
349,grape/static/seg/uploads/IMG_6915.JPG,grape/static/seg/processed/IMG_6915_result_box.jpg,2025-06-16T09:39:51.761311+00:00
350,grape/static/seg/uploads/IMG_6915.JPG,grape/static/seg/processed/IMG_6915_result_box.jpg,2025-06-16T09:39:57.647190+00:00
351,grape/static/seg/uploads/IMG_6914.JPG,grape/static/seg/processed/IMG_6914_result_box.jpg,2025-06-16T09:43:09.326169+00:00
352,grape/static/seg/uploads/IMG_6915.JPG,grape/static/seg/processed/IMG_6915_result_box.jpg,2025-06-16T09:43:14.713636+00:00
353,grape/static/seg/uploads/IMG_6916.JPG,grape/static/seg/processed/IMG_6916_result_box.jpg,2025-06-16T09:43:20.819724+00:00
354,grape/static/seg/uploads/IMG_6777.JPG,grape/static/seg/processed/IMG_6777_result_box.jpg,2025-06-17T09:14:04.660834+00:00
355,grape/static/seg/uploads/IMG_6778.JPG,grape/static/seg/processed/IMG_6778_result_box.jpg,2025-06-17T09:14:10.171291+00:00
356,grape/static/seg/uploads/IMG_6779.JPG,grape/static/seg/processed/IMG_6779_result_box.jpg,2025-06-17T09:14:16.305521+00:00
357,grape/static/seg/uploads/IMG_6783.JPG,grape/static/seg/processed/IMG_6783_result_box.jpg,2025-06-17T09:17:18.856670+00:00
358,grape/static/seg/uploads/IMG_6784.JPG,grape/static/seg/processed/IMG_6784_result_box.jpg,2025-06-17T09:17:24.631749+00:00
359,grape/static/seg/uploads/IMG_6785.JPG,grape/static/seg/processed/IMG_6785_result_box.jpg,2025-06-17T09:17:30.789568+00:00
360,grape/static/seg/uploads/IMG_6792.JPG,grape/static/seg/processed/IMG_6792_result_box.jpg,2025-06-17T09:20:34.097271+00:00
361,grape/static/seg/uploads/IMG_6793.JPG,grape/static/seg/processed/IMG_6793_result_box.jpg,2025-06-17T09:20:40.137040+00:00
362,grape/static/seg/uploads/IMG_6794.JPG,grape/static/seg/processed/IMG_6794_result_box.jpg,2025-06-17T09:20:45.555594+00:00
363,grape/static/seg/uploads/IMG_6842.JPG,grape/static/seg/processed/IMG_6842_result_box.jpg,2025-06-17T09:26:28.839502+00:00
364,grape/static/seg/uploads/IMG_6843.JPG,grape/static/seg/processed/IMG_6843_result_box.jpg,2025-06-17T09:26:35.111512+00:00
365,grape/static/seg/uploads/IMG_6844.JPG,grape/static/seg/processed/IMG_6844_result_box.jpg,2025-06-17T09:26:41.184800+00:00
366,grape/static/seg/uploads/IMG_6845.JPG,grape/static/seg/processed/IMG_6845_result_box.jpg,2025-06-17T09:31:11.074898+00:00
367,grape/static/seg/uploads/IMG_6846.JPG,grape/static/seg/processed/IMG_6846_result_box.jpg,2025-06-17T09:31:17.805185+00:00
368,grape/static/seg/uploads/IMG_6847.JPG,grape/static/seg/processed/IMG_6847_result_box.jpg,2025-06-17T09:31:23.868592+00:00
369,grape/static/seg/uploads/IMG_6854.JPG,grape/static/seg/processed/IMG_6854_result_box.jpg,2025-06-17T09:37:18.176152+00:00
370,grape/static/seg/uploads/IMG_6855.JPG,grape/static/seg/processed/IMG_6855_result_box.jpg,2025-06-17T09:37:24.766682+00:00
371,grape/static/seg/uploads/IMG_6856.JPG,grape/static/seg/processed/IMG_6856_result_box.jpg,2025-06-17T09:37:31.379552+00:00
372,grape/static/seg/uploads/IMG_6851.JPG,grape/static/seg/processed/IMG_6851_result_box.jpg,2025-06-17T09:47:28.134509+00:00
373,grape/static/seg/uploads/IMG_6852.JPG,grape/static/seg/processed/IMG_6852_result_box.jpg,2025-06-17T09:47:35.240186+00:00
374,grape/static/seg/uploads/IMG_6853.JPG,grape/static/seg/processed/IMG_6853_result_box.jpg,2025-06-17T09:47:41.963704+00:00
375,grape/static/seg/uploads/IMG_2093.jpg,grape/static/seg/processed/IMG_2093_result_box.jpg,2025-06-19T14:20:37.717182+00:00
376,grape/static/seg/uploads/IMG_6642.JPG,grape/static/seg/processed/IMG_6642_result_box.jpg,2025-07-11T02:48:21.872005+00:00
377,grape/static/seg/uploads/IMG_6642.JPG,grape/static/seg/processed/IMG_6642_result_box.jpg,2025-07-11T02:55:33.643090+00:00
378,grape/static/seg/uploads/IMG_6643.JPG,grape/static/seg/processed/IMG_6643_result_box.jpg,2025-07-11T02:55:39.304315+00:00
379,grape/static/seg/uploads/IMG_6684.JPG,grape/static/seg/processed/IMG_6684_result_box.jpg,2025-07-11T03:18:18.520052+00:00
380,grape/static/seg/uploads/IMG_6684.JPG,grape/static/seg/processed/IMG_6684_result_box.jpg,2025-07-11T03:20:25.114403+00:00
381,grape/static/seg/uploads/IMG_6685.JPG,grape/static/seg/processed/IMG_6685_result_box.jpg,2025-07-11T03:20:30.465517+00:00
382,grape/static/seg/uploads/IMG_6684.JPG,grape/static/seg/processed/IMG_6684_result_box.jpg,2025-07-11T03:22:22.024509+00:00
383,grape/static/seg/uploads/IMG_6685.JPG,grape/static/seg/processed/IMG_6685_result_box.jpg,2025-07-11T03:22:27.830661+00:00
384,grape/static/seg/uploads/IMG_6686.JPG,grape/static/seg/processed/IMG_6686_result_box.jpg,2025-07-11T03:22:34.028791+00:00
385,grape/static/seg/uploads/IMG_6690.JPG,grape/static/seg/processed/IMG_6690_result_box.jpg,2025-07-11T03:40:27.633103+00:00
386,grape/static/seg/uploads/IMG_6691.JPG,grape/static/seg/processed/IMG_6691_result_box.jpg,2025-07-11T03:40:33.586768+00:00
387,grape/static/seg/uploads/IMG_6692.JPG,grape/static/seg/processed/IMG_6692_result_box.jpg,2025-07-11T03:40:39.367959+00:00
388,grape/static/seg/uploads/IMG_6694.JPG,grape/static/seg/processed/IMG_6694_result_box.jpg,2025-07-11T04:17:32.880738+00:00
389,grape/static/seg/uploads/IMG_6695.JPG,grape/static/seg/processed/IMG_6695_result_box.jpg,2025-07-11T04:17:39.092248+00:00
390,grape/static/seg/uploads/IMG_6697.JPG,grape/static/seg/processed/IMG_6697_result_box.jpg,2025-07-11T04:25:32.960547+00:00
391,grape/static/seg/uploads/IMG_6698.JPG,grape/static/seg/processed/IMG_6698_result_box.jpg,2025-07-11T04:25:39.380266+00:00
392,grape/static/seg/uploads/IMG_6699.JPG,grape/static/seg/processed/IMG_6699_result_box.jpg,2025-07-11T04:25:45.575426+00:00
393,grape/static/seg/uploads/IMG_6902.JPG,grape/static/seg/processed/IMG_6902_result_box.jpg,2025-07-11T07:45:04.194596+00:00
394,grape/static/seg/uploads/IMG_6903.JPG,grape/static/seg/processed/IMG_6903_result_box.jpg,2025-07-11T07:45:10.046145+00:00
395,grape/static/seg/uploads/IMG_6904.JPG,grape/static/seg/processed/IMG_6904_result_box.jpg,2025-07-11T07:45:15.887608+00:00
396,grape/static/seg/uploads/IMG_6911.JPG,grape/static/seg/processed/IMG_6911_result_box.jpg,2025-07-11T08:01:11.204530+00:00
397,grape/static/seg/uploads/IMG_6912.JPG,grape/static/seg/processed/IMG_6912_result_box.jpg,2025-07-11T08:01:16.810735+00:00
398,grape/static/seg/uploads/IMG_6913.JPG,grape/static/seg/processed/IMG_6913_result_box.jpg,2025-07-11T08:01:23.124630+00:00
399,grape/static/seg/uploads/11_1.JPG,grape/static/seg/processed/11_1_result_box.jpg,2025-07-11T10:42:39.351558+00:00
400,grape/static/seg/uploads/11_3.JPG,grape/static/seg/processed/11_3_result_box.jpg,2025-07-11T10:42:44.671508+00:00
401,grape/static/seg/uploads/13_3.JPG,grape/static/seg/processed/13_3_result_box.jpg,2025-07-11T10:55:27.859484+00:00
402,grape/static/seg/uploads/IMG_7114.JPG,grape/static/seg/processed/IMG_7114_result_box.jpg,2025-07-11T12:16:49.589740+00:00
403,grape/static/seg/uploads/32_2.JPG,grape/static/seg/processed/32_2_result_box.jpg,2025-07-11T12:29:16.241215+00:00
404,grape/static/seg/uploads/32_2.JPG,grape/static/seg/processed/32_2_result_box.jpg,2025-07-11T12:29:22.608096+00:00
405,grape/static/seg/uploads/32_3.JPG,grape/static/seg/processed/32_3_result_box.jpg,2025-07-11T12:29:28.870881+00:00
406,grape/static/seg/uploads/32_2.JPG,grape/static/seg/processed/32_2_result_box.jpg,2025-07-11T12:34:20.488873+00:00
407,grape/static/seg/uploads/32_2.JPG,grape/static/seg/processed/32_2_result_box.jpg,2025-07-11T12:34:26.425181+00:00
408,grape/static/seg/uploads/32_3.JPG,grape/static/seg/processed/32_3_result_box.jpg,2025-07-11T12:34:32.822737+00:00
409,grape/static/seg/uploads/32_1.JPG,grape/static/seg/processed/32_1_result_box.jpg,2025-07-11T12:34:38.973870+00:00
410,grape/static/seg/uploads/33_1.JPG,grape/static/seg/processed/33_1_result_box.jpg,2025-07-11T12:44:06.615759+00:00
411,grape/static/seg/uploads/33_2.JPG,grape/static/seg/processed/33_2_result_box.jpg,2025-07-11T12:44:12.508733+00:00
412,grape/static/seg/uploads/33_3.JPG,grape/static/seg/processed/33_3_result_box.jpg,2025-07-11T12:44:17.859966+00:00
413,grape/static/seg/uploads/34_1.JPG,grape/static/seg/processed/34_1_result_box.jpg,2025-07-11T12:51:37.701990+00:00
414,grape/static/seg/uploads/34_2.JPG,grape/static/seg/processed/34_2_result_box.jpg,2025-07-11T12:51:43.933853+00:00
415,grape/static/seg/uploads/34_3.JPG,grape/static/seg/processed/34_3_result_box.jpg,2025-07-11T12:51:49.287457+00:00
416,grape/static/seg/uploads/39_3.JPG,grape/static/seg/processed/39_3_result_box.jpg,2025-07-11T13:03:32.461016+00:00
417,grape/static/seg/uploads/2_1.JPG,grape/static/seg/processed/2_1_result_box.jpg,2025-07-11T13:27:17.653603+00:00
418,grape/static/seg/uploads/9_1.JPG,grape/static/seg/processed/9_1_result_box.jpg,2025-07-11T13:27:23.527218+00:00
419,grape/static/seg/uploads/9_4.JPG,grape/static/seg/processed/9_4_result_box.jpg,2025-07-11T13:31:53.734954+00:00
420,grape/static/seg/uploads/9_6.JPG,grape/static/seg/processed/9_6_result_box.jpg,2025-07-11T13:31:57.493111+00:00
421,grape/static/seg/uploads/13_8.JPG,grape/static/seg/processed/13_8_result_box.jpg,2025-07-11T13:38:43.891505+00:00
422,grape/static/seg/uploads/13_8.JPG,grape/static/seg/processed/13_8_result_box.jpg,2025-07-11T13:39:14.593918+00:00
423,grape/static/seg/uploads/13_9.JPG,grape/static/seg/processed/13_9_result_box.jpg,2025-07-11T13:39:18.242497+00:00
424,grape/static/seg/uploads/18_4.JPG,grape/static/seg/processed/18_4_result_box.jpg,2025-07-11T13:45:02.419490+00:00
425,grape/static/seg/uploads/20_1.JPG,grape/static/seg/processed/20_1_result_box.jpg,2025-07-13T04:57:46.257333+00:00
426,grape/static/seg/uploads/20_2.JPG,grape/static/seg/processed/20_2_result_box.jpg,2025-07-13T04:57:52.602424+00:00
427,grape/static/seg/uploads/20_3.JPG,grape/static/seg/processed/20_3_result_box.jpg,2025-07-13T04:57:58.211477+00:00
428,grape/static/seg/uploads/21_1.JPG,grape/static/seg/processed/21_1_result_box.jpg,2025-07-13T05:56:20.661186+00:00
429,grape/static/seg/uploads/21_2.JPG,grape/static/seg/processed/21_2_result_box.jpg,2025-07-13T05:56:26.166213+00:00
430,grape/static/seg/uploads/21_3.JPG,grape/static/seg/processed/21_3_result_box.jpg,2025-07-13T05:56:32.484463+00:00
431,grape/static/seg/uploads/21_1.JPG,grape/static/seg/processed/21_1_result_box.jpg,2025-07-13T05:59:19.347491+00:00
432,grape/static/seg/uploads/21_2.JPG,grape/static/seg/processed/21_2_result_box.jpg,2025-07-13T05:59:25.766214+00:00
433,grape/static/seg/uploads/21_3.JPG,grape/static/seg/processed/21_3_result_box.jpg,2025-07-13T05:59:32.261936+00:00
434,grape/static/seg/uploads/21_8.JPG,grape/static/seg/processed/21_8_result_box.jpg,2025-07-13T05:59:38.739560+00:00
435,grape/static/seg/uploads/16_1.JPG,grape/static/seg/processed/16_1_result_box.jpg,2025-07-13T06:16:12.958379+00:00
436,grape/static/seg/uploads/16_4.JPG,grape/static/seg/processed/16_4_result_box.jpg,2025-07-13T06:16:19.620336+00:00
437,grape/static/seg/uploads/16_6.JPG,grape/static/seg/processed/16_6_result_box.jpg,2025-07-13T06:16:25.240501+00:00
438,grape/static/seg/uploads/16_7.JPG,grape/static/seg/processed/16_7_result_box.jpg,2025-07-13T06:16:33.191026+00:00
439,grape/static/seg/uploads/19_1.JPG,grape/static/seg/processed/19_1_result_box.jpg,2025-07-13T06:45:32.476589+00:00
440,grape/static/seg/uploads/19_2.JPG,grape/static/seg/processed/19_2_result_box.jpg,2025-07-13T06:45:38.360151+00:00
441,grape/static/seg/uploads/19_3.JPG,grape/static/seg/processed/19_3_result_box.jpg,2025-07-13T06:45:44.291691+00:00
442,grape/static/seg/uploads/20_1.JPG,grape/static/seg/processed/20_1_result_box.jpg,2025-07-13T07:31:31.902082+00:00
443,grape/static/seg/uploads/20_2.JPG,grape/static/seg/processed/20_2_result_box.jpg,2025-07-13T07:31:37.699165+00:00
444,grape/static/seg/uploads/20_3.JPG,grape/static/seg/processed/20_3_result_box.jpg,2025-07-13T07:31:43.679690+00:00
445,grape/static/seg/uploads/23_1.JPG,grape/static/seg/processed/23_1_result_box.jpg,2025-07-13T07:36:57.555283+00:00
446,grape/static/seg/uploads/23_2.JPG,grape/static/seg/processed/23_2_result_box.jpg,2025-07-13T07:37:02.985835+00:00
447,grape/static/seg/uploads/23_3.JPG,grape/static/seg/processed/23_3_result_box.jpg,2025-07-13T07:37:09.612098+00:00
448,grape/static/seg/uploads/24_1.JPG,grape/static/seg/processed/24_1_result_box.jpg,2025-07-13T08:00:34.489415+00:00
449,grape/static/seg/uploads/24_2.JPG,grape/static/seg/processed/24_2_result_box.jpg,2025-07-13T08:00:40.789043+00:00
450,grape/static/seg/uploads/24_3.JPG,grape/static/seg/processed/24_3_result_box.jpg,2025-07-13T08:00:46.718916+00:00
451,grape/static/seg/uploads/28_1.JPG,grape/static/seg/processed/28_1_result_box.jpg,2025-07-13T08:26:03.103190+00:00
452,grape/static/seg/uploads/28_2.JPG,grape/static/seg/processed/28_2_result_box.jpg,2025-07-13T08:26:09.408592+00:00
453,grape/static/seg/uploads/28_3.JPG,grape/static/seg/processed/28_3_result_box.jpg,2025-07-13T08:26:14.986671+00:00
454,grape/static/seg/uploads/29_1.JPG,grape/static/seg/processed/29_1_result_box.jpg,2025-07-13T08:46:37.983606+00:00
455,grape/static/seg/uploads/29_2.JPG,grape/static/seg/processed/29_2_result_box.jpg,2025-07-13T08:46:43.631195+00:00
456,grape/static/seg/uploads/29_3.JPG,grape/static/seg/processed/29_3_result_box.jpg,2025-07-13T08:46:49.903144+00:00
457,grape/static/seg/uploads/30_1.JPG,grape/static/seg/processed/30_1_result_box.jpg,2025-07-13T09:12:03.449447+00:00
458,grape/static/seg/uploads/30_2.JPG,grape/static/seg/processed/30_2_result_box.jpg,2025-07-13T09:12:09.449800+00:00
459,grape/static/seg/uploads/30_3.JPG,grape/static/seg/processed/30_3_result_box.jpg,2025-07-13T09:12:15.206013+00:00
460,grape/static/seg/uploads/31_1.JPG,grape/static/seg/processed/31_1_result_box.jpg,2025-07-13T09:26:35.602995+00:00
461,grape/static/seg/uploads/32_2.JPG,grape/static/seg/processed/32_2_result_box.jpg,2025-07-13T09:26:42.064776+00:00
462,grape/static/seg/uploads/31_3.JPG,grape/static/seg/processed/31_3_result_box.jpg,2025-07-13T09:26:48.619083+00:00
463,grape/static/seg/uploads/31_1.JPG,grape/static/seg/processed/31_1_result_box.jpg,2025-07-13T09:42:10.504205+00:00
464,grape/static/seg/uploads/32_2.JPG,grape/static/seg/processed/32_2_result_box.jpg,2025-07-13T09:42:16.569502+00:00
465,grape/static/seg/uploads/31_3.JPG,grape/static/seg/processed/31_3_result_box.jpg,2025-07-13T09:42:22.867852+00:00
466,grape/static/seg/uploads/31_2.JPG,grape/static/seg/processed/31_2_result_box.jpg,2025-07-13T09:42:29.236839+00:00
467,grape/static/seg/uploads/32_1.JPG,grape/static/seg/processed/32_1_result_box.jpg,2025-07-13T09:54:19.735625+00:00
468,grape/static/seg/uploads/32_2.JPG,grape/static/seg/processed/32_2_result_box.jpg,2025-07-13T09:54:26.050662+00:00
469,grape/static/seg/uploads/32_3.JPG,grape/static/seg/processed/32_3_result_box.jpg,2025-07-13T09:54:32.275467+00:00
470,grape/static/seg/uploads/33_1.JPG,grape/static/seg/processed/33_1_result_box.jpg,2025-07-13T10:05:28.617228+00:00
471,grape/static/seg/uploads/33_2.JPG,grape/static/seg/processed/33_2_result_box.jpg,2025-07-13T10:05:34.436007+00:00
472,grape/static/seg/uploads/33_3.JPG,grape/static/seg/processed/33_3_result_box.jpg,2025-07-13T10:05:40.781332+00:00
473,grape/static/seg/uploads/34_1.JPG,grape/static/seg/processed/34_1_result_box.jpg,2025-07-13T11:44:18.029008+00:00
474,grape/static/seg/uploads/34_1.JPG,grape/static/seg/processed/34_1_result_box.jpg,2025-07-13T11:48:55.510016+00:00
475,grape/static/seg/uploads/34_2.JPG,grape/static/seg/processed/34_2_result_box.jpg,2025-07-13T11:49:01.604741+00:00
476,grape/static/seg/uploads/34_1.JPG,grape/static/seg/processed/34_1_result_box.jpg,2025-07-13T11:50:28.586309+00:00
477,grape/static/seg/uploads/34_2.JPG,grape/static/seg/processed/34_2_result_box.jpg,2025-07-13T11:50:34.621467+00:00
478,grape/static/seg/uploads/34_3.JPG,grape/static/seg/processed/34_3_result_box.jpg,2025-07-13T11:50:40.481848+00:00
479,grape/static/seg/uploads/35_1.JPG,grape/static/seg/processed/35_1_result_box.jpg,2025-07-13T11:57:31.229359+00:00
480,grape/static/seg/uploads/35_1.JPG,grape/static/seg/processed/35_1_result_box.jpg,2025-07-13T12:00:57.343596+00:00
481,grape/static/seg/uploads/35_2.JPG,grape/static/seg/processed/35_2_result_box.jpg,2025-07-13T12:01:03.562638+00:00
482,grape/static/seg/uploads/35_1.JPG,grape/static/seg/processed/35_1_result_box.jpg,2025-07-13T12:06:16.072842+00:00
483,grape/static/seg/uploads/35_2.JPG,grape/static/seg/processed/35_2_result_box.jpg,2025-07-13T12:06:21.836268+00:00
484,grape/static/seg/uploads/35_3.JPG,grape/static/seg/processed/35_3_result_box.jpg,2025-07-13T12:06:28.304504+00:00
485,grape/static/seg/uploads/35_1.JPG,grape/static/seg/processed/35_1_result_box.jpg,2025-07-13T12:20:37.563735+00:00
486,grape/static/seg/uploads/35_2.JPG,grape/static/seg/processed/35_2_result_box.jpg,2025-07-13T12:20:43.455900+00:00
487,grape/static/seg/uploads/35_3.JPG,grape/static/seg/processed/35_3_result_box.jpg,2025-07-13T12:20:49.564604+00:00
488,grape/static/seg/uploads/ck_1.JPG,grape/static/seg/processed/ck_1_result_box.jpg,2025-07-13T12:20:55.749335+00:00
489,grape/static/seg/uploads/ck_2.JPG,grape/static/seg/processed/ck_2_result_box.jpg,2025-07-13T12:21:01.284758+00:00
490,grape/static/seg/uploads/ck_3.JPG,grape/static/seg/processed/ck_3_result_box.jpg,2025-07-13T12:21:07.606320+00:00
491,grape/static/seg/uploads/ck_1.JPG,grape/static/seg/processed/ck_1_result_box.jpg,2025-07-13T12:33:09.269853+00:00
492,grape/static/seg/uploads/ck_2.JPG,grape/static/seg/processed/ck_2_result_box.jpg,2025-07-13T12:33:15.959242+00:00
493,grape/static/seg/uploads/ck_3.JPG,grape/static/seg/processed/ck_3_result_box.jpg,2025-07-13T12:33:22.395262+00:00
494,grape/static/seg/uploads/ck_4.JPG,grape/static/seg/processed/ck_4_result_box.jpg,2025-07-13T15:17:32.175443+00:00
495,grape/static/seg/uploads/ck_5.JPG,grape/static/seg/processed/ck_5_result_box.jpg,2025-07-13T15:17:38.462916+00:00
496,grape/static/seg/uploads/ck_6.JPG,grape/static/seg/processed/ck_6_result_box.jpg,2025-07-13T15:17:44.527213+00:00
497,grape/static/seg/uploads/15_6.JPG,grape/static/seg/processed/15_6_result_box.jpg,2025-07-22T03:33:25.657079+00:00
498,grape/static/seg/uploads/15_9.JPG,grape/static/seg/processed/15_9_result_box.jpg,2025-07-22T03:33:30.602864+00:00
499,grape/static/seg/uploads/16_1.JPG,grape/static/seg/processed/16_1_result_box.jpg,2025-07-22T03:42:53.922534+00:00
500,grape/static/seg/uploads/16_2.JPG,grape/static/seg/processed/16_2_result_box.jpg,2025-07-22T03:43:00.233239+00:00
501,grape/static/seg/uploads/16_3.JPG,grape/static/seg/processed/16_3_result_box.jpg,2025-07-22T03:43:06.064541+00:00
502,grape/static/seg/uploads/18_2.JPG,grape/static/seg/processed/18_2_result_box.jpg,2025-07-24T01:31:56.026696+00:00
503,grape/static/seg/uploads/18_4.JPG,grape/static/seg/processed/18_4_result_box.jpg,2025-07-24T01:32:01.713289+00:00
504,grape/static/seg/uploads/19_1.JPG,grape/static/seg/processed/19_1_result_box.jpg,2025-07-24T01:40:50.239931+00:00
505,grape/static/seg/uploads/19_2.JPG,grape/static/seg/processed/19_2_result_box.jpg,2025-07-24T01:40:56.448653+00:00
506,grape/static/seg/uploads/19_3.JPG,grape/static/seg/processed/19_3_result_box.jpg,2025-07-24T01:41:01.896043+00:00
507,grape/static/seg/uploads/20_1.JPG,grape/static/seg/processed/20_1_result_box.jpg,2025-07-24T01:55:49.552575+00:00
508,grape/static/seg/uploads/20_2.JPG,grape/static/seg/processed/20_2_result_box.jpg,2025-07-24T01:55:56.258540+00:00
509,grape/static/seg/uploads/ck_1.JPG,grape/static/seg/processed/ck_1_result_box.jpg,2025-07-24T02:02:54.434803+00:00
510,grape/static/seg/uploads/ck_2.JPG,grape/static/seg/processed/ck_2_result_box.jpg,2025-07-24T02:03:00.751961+00:00
511,grape/static/seg/uploads/ck_3.JPG,grape/static/seg/processed/ck_3_result_box.jpg,2025-07-24T02:03:06.505718+00:00
512,grape/static/seg/uploads/23_1.JPG,grape/static/seg/processed/23_1_result_box.jpg,2025-07-24T02:15:45.602159+00:00
513,grape/static/seg/uploads/23_2.JPG,grape/static/seg/processed/23_2_result_box.jpg,2025-07-24T02:15:50.956743+00:00
514,grape/static/seg/uploads/23_3.JPG,grape/static/seg/processed/23_3_result_box.jpg,2025-07-24T02:15:57.058909+00:00
515,grape/static/seg/uploads/24_1.JPG,grape/static/seg/processed/24_1_result_box.jpg,2025-07-24T02:30:09.946683+00:00
516,grape/static/seg/uploads/24_2.JPG,grape/static/seg/processed/24_2_result_box.jpg,2025-07-24T02:30:16.276804+00:00
517,grape/static/seg/uploads/24_3.JPG,grape/static/seg/processed/24_3_result_box.jpg,2025-07-24T02:30:22.682178+00:00
518,grape/static/seg/uploads/28_1.JPG,grape/static/seg/processed/28_1_result_box.jpg,2025-07-24T02:44:09.571207+00:00
519,grape/static/seg/uploads/28_2.JPG,grape/static/seg/processed/28_2_result_box.jpg,2025-07-24T02:44:15.391165+00:00
520,grape/static/seg/uploads/28_3.JPG,grape/static/seg/processed/28_3_result_box.jpg,2025-07-24T02:44:21.791281+00:00
521,grape/static/seg/uploads/29_1.JPG,grape/static/seg/processed/29_1_result_box.jpg,2025-07-24T02:54:49.511725+00:00
522,grape/static/seg/uploads/29_2.JPG,grape/static/seg/processed/29_2_result_box.jpg,2025-07-24T02:54:55.763740+00:00
523,grape/static/seg/uploads/29_3.JPG,grape/static/seg/processed/29_3_result_box.jpg,2025-07-24T02:55:01.721873+00:00
524,grape/static/seg/uploads/30_2.JPG,grape/static/seg/processed/30_2_result_box.jpg,2025-07-24T03:06:44.247163+00:00
525,grape/static/seg/uploads/30_4.JPG,grape/static/seg/processed/30_4_result_box.jpg,2025-07-24T03:06:50.406515+00:00
526,grape/static/seg/uploads/30_6.JPG,grape/static/seg/processed/30_6_result_box.jpg,2025-07-24T03:06:56.333686+00:00
527,grape/static/seg/uploads/30_2.JPG,grape/static/seg/processed/30_2_result_box.jpg,2025-07-26T13:15:42.397119+00:00
528,grape/static/seg/uploads/30_4.JPG,grape/static/seg/processed/30_4_result_box.jpg,2025-07-26T13:15:48.000122+00:00
529,grape/static/seg/uploads/30_6.JPG,grape/static/seg/processed/30_6_result_box.jpg,2025-07-26T13:15:54.411416+00:00
530,grape/static/seg/uploads/31_1.JPG,grape/static/seg/processed/31_1_result_box.jpg,2025-07-26T13:38:47.143935+00:00
531,grape/static/seg/uploads/31_2.JPG,grape/static/seg/processed/31_2_result_box.jpg,2025-07-26T13:38:53.675403+00:00
532,grape/static/seg/uploads/31_3.JPG,grape/static/seg/processed/31_3_result_box.jpg,2025-07-26T13:39:00.435147+00:00
533,grape/static/seg/uploads/32_1.JPG,grape/static/seg/processed/32_1_result_box.jpg,2025-07-26T14:02:02.475698+00:00
534,grape/static/seg/uploads/32_2.JPG,grape/static/seg/processed/32_2_result_box.jpg,2025-07-26T14:02:08.909343+00:00
535,grape/static/seg/uploads/32_1.JPG,grape/static/seg/processed/32_1_result_box.jpg,2025-07-26T14:02:14.890368+00:00
536,grape/static/seg/uploads/32_2.JPG,grape/static/seg/processed/32_2_result_box.jpg,2025-07-26T14:02:20.445431+00:00
537,grape/static/seg/uploads/32_4.JPG,grape/static/seg/processed/32_4_result_box.jpg,2025-07-26T14:02:26.326692+00:00
538,grape/static/seg/uploads/32_3.JPG,grape/static/seg/processed/32_3_result_box.jpg,2025-07-26T14:02:32.300771+00:00
539,grape/static/seg/uploads/32_1.JPG,grape/static/seg/processed/32_1_result_box.jpg,2025-08-19T01:37:24.453729+00:00
540,grape/static/seg/uploads/32_1.JPG,grape/static/seg/processed/32_1_result_box.jpg,2025-08-19T01:37:31.123464+00:00
541,grape/static/seg/uploads/32_2.JPG,grape/static/seg/processed/32_2_result_box.jpg,2025-08-19T01:37:37.804055+00:00
542,grape/static/seg/uploads/32_3.JPG,grape/static/seg/processed/32_3_result_box.jpg,2025-08-19T01:37:43.747766+00:00
543,grape/static/seg/uploads/1.png,grape/static/seg/processed/1_result_box.jpg,2025-08-19T02:16:33.676558+00:00
544,grape/static/seg/uploads/1.png,grape/static/seg/processed/1_result_box.jpg,2025-08-19T02:16:43.034407+00:00
545,grape/static/seg/uploads/1.png,grape/static/seg/processed/1_result_box.jpg,2025-08-19T02:18:34.477940+00:00
546,grape/static/seg/uploads/12.png,grape/static/seg/processed/12_result_box.jpg,2025-08-19T02:18:35.846010+00:00
547,grape/static/seg/uploads/33_1.JPG,grape/static/seg/processed/33_1_result_box.jpg,2025-08-19T02:25:13.993993+00:00
548,grape/static/seg/uploads/33_2.JPG,grape/static/seg/processed/33_2_result_box.jpg,2025-08-19T02:25:20.352730+00:00
549,grape/static/seg/uploads/33_3.JPG,grape/static/seg/processed/33_3_result_box.jpg,2025-08-19T02:25:26.446213+00:00
550,grape/static/seg/uploads/306c471f-d160-4e9f-be6c-96dc10c5b646.png,grape/static/seg/processed/306c471f-d160-4e9f-be6c-96dc10c5b646_result_box.jpg,2025-08-19T02:33:03.653966+00:00
551,grape/static/seg/uploads/34_1.JPG,grape/static/seg/processed/34_1_result_box.jpg,2025-08-19T02:40:09.821720+00:00
552,grape/static/seg/uploads/34_2.JPG,grape/static/seg/processed/34_2_result_box.jpg,2025-08-19T02:40:15.637489+00:00
553,grape/static/seg/uploads/34_3.JPG,grape/static/seg/processed/34_3_result_box.jpg,2025-08-19T02:40:22.182957+00:00
554,grape/static/seg/uploads/35_1.JPG,grape/static/seg/processed/35_1_result_box.jpg,2025-08-19T02:57:05.913595+00:00
555,grape/static/seg/uploads/35_2.JPG,grape/static/seg/processed/35_2_result_box.jpg,2025-08-19T02:57:12.445421+00:00
556,grape/static/seg/uploads/35_3.JPG,grape/static/seg/processed/35_3_result_box.jpg,2025-08-19T02:57:19.069186+00:00
557,grape/static/seg/uploads/18-D9_2.JPG,grape/static/seg/processed/18-D9_2_result_box.jpg,2025-08-28T07:36:22.157300+00:00
558,grape/static/seg/uploads/29-D9_2.JPG,grape/static/seg/processed/29-D9_2_result_box.jpg,2025-08-28T07:36:28.828310+00:00
559,grape/static/seg/uploads/29-D9_1.JPG,grape/static/seg/processed/29-D9_1_result_box.jpg,2025-08-28T07:44:40.593638+00:00
560,grape/static/seg/uploads/29-D9_2.JPG,grape/static/seg/processed/29-D9_2_result_box.jpg,2025-08-28T07:44:46.209202+00:00
561,grape/static/seg/uploads/29-D9_3.JPG,grape/static/seg/processed/29-D9_3_result_box.jpg,2025-08-28T07:44:52.371801+00:00
562,grape/static/seg/uploads/30-D5_1.JPG,grape/static/seg/processed/30-D5_1_result_box.jpg,2025-08-28T08:02:10.597046+00:00
563,grape/static/seg/uploads/30-D5_2.JPG,grape/static/seg/processed/30-D5_2_result_box.jpg,2025-08-28T08:02:16.738975+00:00
564,grape/static/seg/uploads/30-D5_3.JPG,grape/static/seg/processed/30-D5_3_result_box.jpg,2025-08-28T08:02:22.909376+00:00
565,grape/static/seg/uploads/31-D9_1.JPG,grape/static/seg/processed/31-D9_1_result_box.jpg,2025-08-28T08:14:48.602769+00:00
566,grape/static/seg/uploads/31-D9_2.JPG,grape/static/seg/processed/31-D9_2_result_box.jpg,2025-08-28T08:14:54.204364+00:00
567,grape/static/seg/uploads/31-D9_3.JPG,grape/static/seg/processed/31-D9_3_result_box.jpg,2025-08-28T08:15:00.534899+00:00
568,grape/static/seg/uploads/32-D9_1.JPG,grape/static/seg/processed/32-D9_1_result_box.jpg,2025-08-28T08:22:41.073112+00:00
569,grape/static/seg/uploads/32-D9_1.JPG,grape/static/seg/processed/32-D9_1_result_box.jpg,2025-08-28T08:22:47.462222+00:00
570,grape/static/seg/uploads/32-D9_2.JPG,grape/static/seg/processed/32-D9_2_result_box.jpg,2025-08-28T08:22:53.536157+00:00
571,grape/static/seg/uploads/32-D9_3.JPG,grape/static/seg/processed/32-D9_3_result_box.jpg,2025-08-28T08:22:59.553464+00:00
572,grape/static/seg/uploads/32-D9_1.JPG,grape/static/seg/processed/32-D9_1_result_box.jpg,2025-08-28T08:24:23.362308+00:00
573,grape/static/seg/uploads/32-D9_1.JPG,grape/static/seg/processed/32-D9_1_result_box.jpg,2025-08-28T08:24:29.406624+00:00
574,grape/static/seg/uploads/32-D9_2.JPG,grape/static/seg/processed/32-D9_2_result_box.jpg,2025-08-28T08:24:35.832337+00:00
575,grape/static/seg/uploads/32-D9_3.JPG,grape/static/seg/processed/32-D9_3_result_box.jpg,2025-08-28T08:24:41.596107+00:00
576,grape/static/seg/uploads/35-D5_2.JPG,grape/static/seg/processed/35-D5_2_result_box.jpg,2025-08-28T08:38:12.751799+00:00
577,grape/static/seg/uploads/35-D5_3.JPG,grape/static/seg/processed/35-D5_3_result_box.jpg,2025-08-28T08:38:18.229628+00:00
578,grape/static/seg/uploads/16-D9_2.JPG,grape/static/seg/processed/16-D9_2_result_box.jpg,2025-08-28T08:46:57.548231+00:00
579,grape/static/seg/uploads/23-D9_1.JPG,grape/static/seg/processed/23-D9_1_result_box.jpg,2025-08-28T08:50:57.197311+00:00
580,grape/static/seg/uploads/23-D9_3.JPG,grape/static/seg/processed/23-D9_3_result_box.jpg,2025-08-28T08:51:02.956194+00:00
581,grape/static/seg/uploads/24-D9_1.JPG,grape/static/seg/processed/24-D9_1_result_box.jpg,2025-08-28T08:58:11.067734+00:00
582,grape/static/seg/uploads/24-D9_2.JPG,grape/static/seg/processed/24-D9_2_result_box.jpg,2025-08-28T08:58:17.093924+00:00
583,grape/static/seg/uploads/24-D9_3.JPG,grape/static/seg/processed/24-D9_3_result_box.jpg,2025-08-28T08:58:23.632574+00:00
584,grape/static/seg/uploads/30-D9_1.JPG,grape/static/seg/processed/30-D9_1_result_box.jpg,2025-08-28T09:49:43.290534+00:00
585,grape/static/seg/uploads/30-D9_2.JPG,grape/static/seg/processed/30-D9_2_result_box.jpg,2025-08-28T09:49:49.910594+00:00
586,grape/static/seg/uploads/30-D9_3.JPG,grape/static/seg/processed/30-D9_3_result_box.jpg,2025-08-28T09:49:56.408568+00:00
587,grape/static/seg/uploads/34-D9_1.JPG,grape/static/seg/processed/34-D9_1_result_box.jpg,2025-08-28T10:01:31.051738+00:00
588,grape/static/seg/uploads/34-D9_2.JPG,grape/static/seg/processed/34-D9_2_result_box.jpg,2025-08-28T10:01:36.766073+00:00
589,grape/static/seg/uploads/34-D9_3.JPG,grape/static/seg/processed/34-D9_3_result_box.jpg,2025-08-28T10:01:43.111242+00:00
590,grape/static/seg/uploads/35-D9_1.JPG,grape/static/seg/processed/35-D9_1_result_box.jpg,2025-08-28T10:07:19.092306+00:00
591,grape/static/seg/uploads/35-D9_2.JPG,grape/static/seg/processed/35-D9_2_result_box.jpg,2025-08-28T10:07:25.572674+00:00
592,grape/static/seg/uploads/35-D9_3.JPG,grape/static/seg/processed/35-D9_3_result_box.jpg,2025-08-28T10:07:32.089415+00:00
593,grape/static/seg/uploads/3-D9_3.JPG,grape/static/seg/processed/3-D9_3_result_box.jpg,2025-08-28T10:41:46.216491+00:00
594,grape/static/seg/uploads/8-D9_2.JPG,grape/static/seg/processed/8-D9_2_result_box.jpg,2025-08-28T10:51:32.692208+00:00
595,grape/static/seg/uploads/29-D9_1.JPG,grape/static/seg/processed/29-D9_1_result_box.jpg,2025-08-28T11:12:17.854017+00:00
596,grape/static/seg/uploads/29-D9_2.JPG,grape/static/seg/processed/29-D9_2_result_box.jpg,2025-08-28T11:12:23.915487+00:00
597,grape/static/seg/uploads/29-D9_3.JPG,grape/static/seg/processed/29-D9_3_result_box.jpg,2025-08-28T11:12:29.959099+00:00
598,grape/static/seg/uploads/30-D9_1.JPG,grape/static/seg/processed/30-D9_1_result_box.jpg,2025-08-29T00:33:40.538498+00:00
599,grape/static/seg/uploads/30-D9_3.JPG,grape/static/seg/processed/30-D9_3_result_box.jpg,2025-08-29T00:33:46.699168+00:00
600,grape/static/seg/uploads/31-D9_1.JPG,grape/static/seg/processed/31-D9_1_result_box.jpg,2025-08-29T00:45:07.407763+00:00
601,grape/static/seg/uploads/31-D9_2.JPG,grape/static/seg/processed/31-D9_2_result_box.jpg,2025-08-29T00:45:13.990015+00:00
602,grape/static/seg/uploads/31-D9_3.JPG,grape/static/seg/processed/31-D9_3_result_box.jpg,2025-08-29T00:45:20.658529+00:00
603,grape/static/seg/uploads/32-D9_1.JPG,grape/static/seg/processed/32-D9_1_result_box.jpg,2025-08-29T00:56:22.709040+00:00
604,grape/static/seg/uploads/32-D9_2.JPG,grape/static/seg/processed/32-D9_2_result_box.jpg,2025-08-29T00:56:28.834657+00:00
605,grape/static/seg/uploads/32-D9_3.JPG,grape/static/seg/processed/32-D9_3_result_box.jpg,2025-08-29T00:56:34.911205+00:00
606,grape/static/seg/uploads/23-D9_1.JPG,grape/static/seg/processed/23-D9_1_result_box.jpg,2025-08-29T01:17:53.283908+00:00
607,grape/static/seg/uploads/23-D9_2.JPG,grape/static/seg/processed/23-D9_2_result_box.jpg,2025-08-29T01:17:59.156721+00:00
608,grape/static/seg/uploads/23-D9_3.JPG,grape/static/seg/processed/23-D9_3_result_box.jpg,2025-08-29T01:18:05.780680+00:00
609,grape/static/seg/uploads/24-D9_1.JPG,grape/static/seg/processed/24-D9_1_result_box.jpg,2025-08-29T01:29:51.401175+00:00
610,grape/static/seg/uploads/24-D9_2.JPG,grape/static/seg/processed/24-D9_2_result_box.jpg,2025-08-29T01:29:57.005193+00:00
611,grape/static/seg/uploads/24-D9_3.JPG,grape/static/seg/processed/24-D9_3_result_box.jpg,2025-08-29T01:30:03.525072+00:00
612,grape/static/seg/uploads/34-D9_1.JPG,grape/static/seg/processed/34-D9_1_result_box.jpg,2025-08-29T01:40:10.850795+00:00
613,grape/static/seg/uploads/34-D9_2.JPG,grape/static/seg/processed/34-D9_2_result_box.jpg,2025-08-29T01:40:16.998510+00:00
614,grape/static/seg/uploads/34-D9_3.JPG,grape/static/seg/processed/34-D9_3_result_box.jpg,2025-08-29T01:40:22.870589+00:00
615,grape/static/seg/uploads/7_1.JPG,grape/static/seg/processed/7_1_result_box.jpg,2025-08-29T02:35:23.446332+00:00
616,grape/static/seg/uploads/7_2.JPG,grape/static/seg/processed/7_2_result_box.jpg,2025-08-29T02:35:29.791785+00:00
617,grape/static/seg/uploads/7_3.JPG,grape/static/seg/processed/7_3_result_box.jpg,2025-08-29T02:35:35.833174+00:00
618,grape/static/seg/uploads/13_1.JPG,grape/static/seg/processed/13_1_result_box.jpg,2025-08-29T03:09:43.511180+00:00
619,grape/static/seg/uploads/13_2.JPG,grape/static/seg/processed/13_2_result_box.jpg,2025-08-29T03:09:49.455170+00:00
620,grape/static/seg/uploads/13_3.JPG,grape/static/seg/processed/13_3_result_box.jpg,2025-08-29T03:09:55.547207+00:00
621,grape/static/seg/uploads/15_1.JPG,grape/static/seg/processed/15_1_result_box.jpg,2025-08-29T03:25:23.187716+00:00
622,grape/static/seg/uploads/15_2.JPG,grape/static/seg/processed/15_2_result_box.jpg,2025-08-29T03:25:29.374777+00:00
623,grape/static/seg/uploads/15_3.JPG,grape/static/seg/processed/15_3_result_box.jpg,2025-08-29T03:25:35.402039+00:00
624,grape/static/seg/uploads/16_1.JPG,grape/static/seg/processed/16_1_result_box.jpg,2025-08-29T03:34:45.661808+00:00
625,grape/static/seg/uploads/16_2.JPG,grape/static/seg/processed/16_2_result_box.jpg,2025-08-29T03:34:51.939165+00:00
626,grape/static/seg/uploads/16_3.JPG,grape/static/seg/processed/16_3_result_box.jpg,2025-08-29T03:34:57.773588+00:00
627,grape/static/seg/uploads/19_1.JPG,grape/static/seg/processed/19_1_result_box.jpg,2025-08-29T03:46:52.202138+00:00
628,grape/static/seg/uploads/19_2.JPG,grape/static/seg/processed/19_2_result_box.jpg,2025-08-29T03:46:58.557502+00:00
629,grape/static/seg/uploads/19_3.JPG,grape/static/seg/processed/19_3_result_box.jpg,2025-08-29T03:47:04.965641+00:00
630,grape/static/seg/uploads/20_1.JPG,grape/static/seg/processed/20_1_result_box.jpg,2025-08-29T08:05:57.976709+00:00
631,grape/static/seg/uploads/20_2.JPG,grape/static/seg/processed/20_2_result_box.jpg,2025-08-29T08:06:04.021695+00:00
632,grape/static/seg/uploads/20_3.JPG,grape/static/seg/processed/20_3_result_box.jpg,2025-08-29T08:06:10.323629+00:00
633,grape/static/seg/uploads/21_1.JPG,grape/static/seg/processed/21_1_result_box.jpg,2025-08-29T08:19:14.112664+00:00
634,grape/static/seg/uploads/21_2.JPG,grape/static/seg/processed/21_2_result_box.jpg,2025-08-29T08:19:20.801856+00:00
635,grape/static/seg/uploads/21_3.JPG,grape/static/seg/processed/21_3_result_box.jpg,2025-08-29T08:19:27.019125+00:00
636,grape/static/seg/uploads/24_1.JPG,grape/static/seg/processed/24_1_result_box.jpg,2025-08-29T08:29:50.722236+00:00
637,grape/static/seg/uploads/24_2.JPG,grape/static/seg/processed/24_2_result_box.jpg,2025-08-29T08:29:57.412665+00:00
638,grape/static/seg/uploads/24_3.JPG,grape/static/seg/processed/24_3_result_box.jpg,2025-08-29T08:30:03.958176+00:00
639,grape/static/seg/uploads/28_1.JPG,grape/static/seg/processed/28_1_result_box.jpg,2025-08-29T08:45:24.094430+00:00
640,grape/static/seg/uploads/28_2.JPG,grape/static/seg/processed/28_2_result_box.jpg,2025-08-29T08:45:29.691146+00:00
641,grape/static/seg/uploads/28_3.JPG,grape/static/seg/processed/28_3_result_box.jpg,2025-08-29T08:45:35.878860+00:00
642,grape/static/seg/uploads/29_1.JPG,grape/static/seg/processed/29_1_result_box.jpg,2025-08-29T08:59:14.618019+00:00
643,grape/static/seg/uploads/29_2.JPG,grape/static/seg/processed/29_2_result_box.jpg,2025-08-29T08:59:20.634095+00:00
644,grape/static/seg/uploads/29_3.JPG,grape/static/seg/processed/29_3_result_box.jpg,2025-08-29T08:59:26.569465+00:00
645,grape/static/seg/uploads/7_1.JPG,grape/static/seg/processed/7_1_result_box.jpg,2025-08-29T09:18:46.913565+00:00
646,grape/static/seg/uploads/7_2.JPG,grape/static/seg/processed/7_2_result_box.jpg,2025-08-29T09:18:52.934126+00:00
647,grape/static/seg/uploads/7_3.JPG,grape/static/seg/processed/7_3_result_box.jpg,2025-08-29T09:18:58.312257+00:00
648,grape/static/seg/uploads/11_4.JPG,grape/static/seg/processed/11_4_result_box.jpg,2025-08-29T13:58:12.431232+00:00
649,grape/static/seg/uploads/15_1.JPG,grape/static/seg/processed/15_1_result_box.jpg,2025-08-29T14:05:30.241349+00:00
650,grape/static/seg/uploads/15_2.JPG,grape/static/seg/processed/15_2_result_box.jpg,2025-08-29T14:05:36.590652+00:00
651,grape/static/seg/uploads/15_3.JPG,grape/static/seg/processed/15_3_result_box.jpg,2025-08-29T14:05:42.511989+00:00
652,grape/static/seg/uploads/16_1.JPG,grape/static/seg/processed/16_1_result_box.jpg,2025-08-29T14:13:36.572425+00:00
653,grape/static/seg/uploads/16_2.JPG,grape/static/seg/processed/16_2_result_box.jpg,2025-08-29T14:13:42.219103+00:00
654,grape/static/seg/uploads/16_3.JPG,grape/static/seg/processed/16_3_result_box.jpg,2025-08-29T14:13:48.428273+00:00
655,grape/static/seg/uploads/19_1.JPG,grape/static/seg/processed/19_1_result_box.jpg,2025-08-29T14:24:34.195896+00:00
656,grape/static/seg/uploads/19_2.JPG,grape/static/seg/processed/19_2_result_box.jpg,2025-08-29T14:24:41.374683+00:00
657,grape/static/seg/uploads/19_3.JPG,grape/static/seg/processed/19_3_result_box.jpg,2025-08-29T14:24:47.586382+00:00
658,grape/static/seg/uploads/20_1.JPG,grape/static/seg/processed/20_1_result_box.jpg,2025-08-29T14:35:47.629234+00:00
659,grape/static/seg/uploads/20_3.JPG,grape/static/seg/processed/20_3_result_box.jpg,2025-08-29T14:35:54.037552+00:00
660,grape/static/seg/uploads/20_4.JPG,grape/static/seg/processed/20_4_result_box.jpg,2025-08-29T14:36:03.085652+00:00
661,grape/static/seg/uploads/21_1.JPG,grape/static/seg/processed/21_1_result_box.jpg,2025-08-29T14:44:59.019084+00:00
662,grape/static/seg/uploads/21_2.JPG,grape/static/seg/processed/21_2_result_box.jpg,2025-08-29T14:45:05.206888+00:00
663,grape/static/seg/uploads/21_3.JPG,grape/static/seg/processed/21_3_result_box.jpg,2025-08-29T14:45:10.944995+00:00
664,grape/static/seg/uploads/24_1.JPG,grape/static/seg/processed/24_1_result_box.jpg,2025-08-29T14:56:06.784324+00:00
665,grape/static/seg/uploads/24_2.JPG,grape/static/seg/processed/24_2_result_box.jpg,2025-08-29T14:56:12.323601+00:00
666,grape/static/seg/uploads/24_3.JPG,grape/static/seg/processed/24_3_result_box.jpg,2025-08-29T14:56:18.968121+00:00
667,grape/static/seg/uploads/28_1.JPG,grape/static/seg/processed/28_1_result_box.jpg,2025-08-29T15:07:58.925794+00:00
668,grape/static/seg/uploads/28_2.JPG,grape/static/seg/processed/28_2_result_box.jpg,2025-08-29T15:08:04.668122+00:00
669,grape/static/seg/uploads/28_3.JPG,grape/static/seg/processed/28_3_result_box.jpg,2025-08-29T15:08:11.026069+00:00
670,grape/static/seg/uploads/29_1.JPG,grape/static/seg/processed/29_1_result_box.jpg,2025-08-29T15:41:19.452375+00:00
671,grape/static/seg/uploads/29_2.JPG,grape/static/seg/processed/29_2_result_box.jpg,2025-08-29T15:41:26.024633+00:00
672,grape/static/seg/uploads/29_3.JPG,grape/static/seg/processed/29_3_result_box.jpg,2025-08-29T15:41:32.510325+00:00
673,grape/static/seg/uploads/30_1.JPG,grape/static/seg/processed/30_1_result_box.jpg,2025-08-29T15:52:01.004403+00:00
674,grape/static/seg/uploads/30_2.JPG,grape/static/seg/processed/30_2_result_box.jpg,2025-08-29T15:52:07.494371+00:00
675,grape/static/seg/uploads/30_3.JPG,grape/static/seg/processed/30_3_result_box.jpg,2025-08-29T15:52:13.487894+00:00
676,grape/static/seg/uploads/9_2.JPG,grape/static/seg/processed/9_2_result_box.jpg,2025-08-30T00:43:43.838579+00:00
677,grape/static/seg/uploads/13_2.JPG,grape/static/seg/processed/13_2_result_box.jpg,2025-08-30T00:52:57.323308+00:00
678,grape/static/seg/uploads/15.JPG,grape/static/seg/processed/15_result_box.jpg,2025-08-30T00:56:18.014416+00:00
679,grape/static/seg/uploads/16.JPG,grape/static/seg/processed/16_result_box.jpg,2025-08-30T01:30:19.279872+00:00
680,grape/static/seg/uploads/19.JPG,grape/static/seg/processed/19_result_box.jpg,2025-08-30T02:18:56.120030+00:00
681,grape/static/seg/uploads/20.JPG,grape/static/seg/processed/20_result_box.jpg,2025-08-30T02:27:14.952341+00:00
682,grape/static/seg/uploads/24.JPG,grape/static/seg/processed/24_result_box.jpg,2025-08-30T02:35:25.795801+00:00
683,grape/static/seg/uploads/28.JPG,grape/static/seg/processed/28_result_box.jpg,2025-08-30T02:42:07.070374+00:00
684,grape/static/seg/uploads/3.JPG,grape/static/seg/processed/3_result_box.jpg,2025-09-01T09:29:55.249890+00:00
685,grape/static/seg/uploads/6.JPG,grape/static/seg/processed/6_result_box.jpg,2025-09-01T09:33:19.505173+00:00
686,grape/static/seg/uploads/8.JPG,grape/static/seg/processed/8_result_box.jpg,2025-09-01T09:35:48.070000+00:00
687,grape/static/seg/uploads/9_3.JPG,grape/static/seg/processed/9_3_result_box.jpg,2025-09-01T09:39:01.699394+00:00
688,grape/static/seg/uploads/11_2.JPG,grape/static/seg/processed/11_2_result_box.jpg,2025-09-01T09:43:56.953544+00:00
689,grape/static/seg/uploads/13_1.JPG,grape/static/seg/processed/13_1_result_box.jpg,2025-09-01T09:49:54.319549+00:00
690,grape/static/seg/uploads/15_2.JPG,grape/static/seg/processed/15_2_result_box.jpg,2025-09-01T09:54:13.992621+00:00
691,grape/static/seg/uploads/19.JPG,grape/static/seg/processed/19_result_box.jpg,2025-09-01T09:59:44.071634+00:00
692,grape/static/seg/uploads/20.JPG,grape/static/seg/processed/20_result_box.jpg,2025-09-01T10:08:02.511630+00:00
693,grape/static/seg/uploads/24.JPG,grape/static/seg/processed/24_result_box.jpg,2025-09-01T10:13:23.681155+00:00
694,grape/static/seg/uploads/26_2.JPG,grape/static/seg/processed/26_2_result_box.jpg,2025-09-01T10:21:16.043094+00:00
695,grape/static/seg/uploads/26_3.JPG,grape/static/seg/processed/26_3_result_box.jpg,2025-09-01T10:21:24.240748+00:00
696,grape/static/seg/uploads/16.JPG,grape/static/seg/processed/16_result_box.jpg,2025-09-01T10:24:58.984713+00:00
697,grape/static/seg/uploads/28_2.JPG,grape/static/seg/processed/28_2_result_box.jpg,2025-09-01T10:35:46.813626+00:00
698,grape/static/seg/uploads/31.JPG,grape/static/seg/processed/31_result_box.jpg,2025-09-01T10:44:18.291636+00:00
699,grape/static/seg/uploads/32.JPG,grape/static/seg/processed/32_result_box.jpg,2025-09-01T10:54:52.069199+00:00
700,grape/static/seg/uploads/33.JPG,grape/static/seg/processed/33_result_box.jpg,2025-09-01T11:05:22.976992+00:00
701,grape/static/seg/uploads/34.JPG,grape/static/seg/processed/34_result_box.jpg,2025-09-01T11:14:29.600814+00:00
702,grape/static/seg/uploads/35.JPG,grape/static/seg/processed/35_result_box.jpg,2025-09-01T11:21:49.832443+00:00
703,grape/static/seg/uploads/31.JPG,grape/static/seg/processed/31_result_box.jpg,2025-09-01T11:32:37.809235+00:00
704,grape/static/seg/uploads/31.JPG,grape/static/seg/processed/31_result_box.jpg,2025-09-02T02:55:30.783981+00:00
705,grape/static/seg/uploads/31.JPG,grape/static/seg/processed/31_result_box.jpg,2025-09-02T03:00:05.622337+00:00
706,grape/static/seg/uploads/33.JPG,grape/static/seg/processed/33_result_box.jpg,2025-09-02T03:08:32.117683+00:00
707,grape/static/seg/uploads/34.JPG,grape/static/seg/processed/34_result_box.jpg,2025-09-02T03:13:45.443858+00:00
708,grape/static/seg/uploads/35.JPG,grape/static/seg/processed/35_result_box.jpg,2025-09-02T03:22:13.739856+00:00
709,grape/static/seg/uploads/37.JPG,grape/static/seg/processed/37_result_box.jpg,2025-09-02T03:29:23.845795+00:00
710,grape/static/seg/uploads/31.JPG,grape/static/seg/processed/31_result_box.jpg,2025-09-02T03:33:00.393090+00:00
711,grape/static/seg/uploads/32.JPG,grape/static/seg/processed/32_result_box.jpg,2025-09-02T03:40:49.881772+00:00
712,grape/static/seg/uploads/34.JPG,grape/static/seg/processed/34_result_box.jpg,2025-09-02T03:56:57.739208+00:00
713,grape/static/seg/uploads/IMG_2093.jpg,grape/static/seg/processed/IMG_2093_result_box.jpg,2025-09-19T02:18:28.150195+00:00
714,grape/static/seg/uploads/IMG_5089.JPG,grape/static/seg/processed/IMG_5089_result_box.jpg,2025-10-22T00:51:17.534930+00:00
715,grape/static/seg/uploads/IMG_2093.jpg,grape/static/seg/processed/IMG_2093_result_box.jpg,2025-11-05T02:45:39.462175+00:00
716,grape/static/seg/uploads/IMG_2093.jpg,grape/static/seg/processed/IMG_2093_result_box.jpg,2025-11-05T02:46:26.635329+00:00
717,grape/static/seg/uploads/IMG_2093.jpg,grape/static/seg/processed/IMG_2093_result_box.jpg,2025-11-05T02:46:53.364913+00:00
718,grape/static/seg/uploads/IMG_2093.jpg,grape/static/seg/processed/IMG_2093_result_box.jpg,2025-11-11T03:39:32.358984+00:00
719,grape/static/seg/uploads/IMG_8028.jpg,grape/static/seg/processed/IMG_8028_result_box.jpg,2025-11-11T03:40:49.468675+00:00
720,grape/static/seg/uploads/IMG_2093.jpg,grape/static/seg/processed/IMG_2093_result_box.jpg,2025-11-11T04:05:42.966669+00:00
721,grape/static/seg/uploads/IMG_2093.jpg,grape/static/seg/processed/IMG_2093_result_box.jpg,2025-11-11T07:33:37.866460+00:00
722,grape/static/seg/uploads/16-1-1-127.jpg,grape/static/seg/processed/16-1-1-127_result_box.jpg,2025-11-11T07:36:23.123060+00:00
723,grape/static/seg/uploads/IMG_2093.jpg,grape/static/seg/processed/IMG_2093_result_box.jpg,2025-11-11T07:44:23.727012+00:00
724,grape/static/seg/uploads/IMG_2093.jpg,grape/static/seg/processed/IMG_2093_result_box.jpg,2025-11-11T14:24:09.494237+00:00
725,grape/static/seg/uploads/IMG_8028.jpg,grape/static/seg/processed/IMG_8028_result_box.jpg,2025-11-17T10:06:36.234493+00:00
726,grape/static/seg/uploads/IMG_2093.jpg,grape/static/seg/processed/IMG_2093_result_box.jpg,2025-11-17T10:06:39.920345+00:00
727,grape/static/seg/uploads/IMG_2093.jpg,grape/static/seg/processed/IMG_2093_result_box.jpg,2025-11-17T10:06:44.169724+00:00
728,grape/static/seg/uploads/IMG_2093.jpg,grape/static/seg/processed/IMG_2093_result_box.jpg,2025-11-17T10:06:48.623836+00:00
729,grape/static/seg/uploads/IMG_8869.JPG,grape/static/seg/processed/IMG_8869_result_box.jpg,2025-11-25T02:48:08.335392+00:00
730,grape/static/seg/uploads/IMG_8869.JPG,grape/static/seg/processed/IMG_8869_result_box.jpg,2025-11-25T02:50:47.930115+00:00
731,grape/static/seg/uploads/IMG_8870.JPG,grape/static/seg/processed/IMG_8870_result_box.jpg,2025-11-25T02:50:54.905427+00:00
732,grape/static/seg/uploads/IMG_8869.JPG,grape/static/seg/processed/IMG_8869_result_box.jpg,2025-11-25T02:51:50.142202+00:00
733,grape/static/seg/uploads/IMG_8870.JPG,grape/static/seg/processed/IMG_8870_result_box.jpg,2025-11-25T02:51:56.867291+00:00
734,grape/static/seg/uploads/IMG_8871.JPG,grape/static/seg/processed/IMG_8871_result_box.jpg,2025-11-25T02:52:03.544634+00:00
735,grape/static/seg/uploads/IMG_8872.JPG,grape/static/seg/processed/IMG_8872_result_box.jpg,2025-11-25T02:54:47.167476+00:00
736,grape/static/seg/uploads/IMG_8873.JPG,grape/static/seg/processed/IMG_8873_result_box.jpg,2025-11-25T02:54:53.746786+00:00
737,grape/static/seg/uploads/IMG_8874.JPG,grape/static/seg/processed/IMG_8874_result_box.jpg,2025-11-25T02:55:00.362000+00:00
738,grape/static/seg/uploads/IMG_8875.JPG,grape/static/seg/processed/IMG_8875_result_box.jpg,2025-11-25T03:00:36.440518+00:00
739,grape/static/seg/uploads/IMG_8876.JPG,grape/static/seg/processed/IMG_8876_result_box.jpg,2025-11-25T03:00:43.589392+00:00
740,grape/static/seg/uploads/IMG_8877.JPG,grape/static/seg/processed/IMG_8877_result_box.jpg,2025-11-25T03:00:50.113122+00:00
741,grape/static/seg/uploads/IMG_8878.JPG,grape/static/seg/processed/IMG_8878_result_box.jpg,2025-11-25T03:07:44.649872+00:00
742,grape/static/seg/uploads/IMG_8879.JPG,grape/static/seg/processed/IMG_8879_result_box.jpg,2025-11-25T03:07:51.391645+00:00
743,grape/static/seg/uploads/IMG_8880.JPG,grape/static/seg/processed/IMG_8880_result_box.jpg,2025-11-25T03:07:58.133396+00:00
744,grape/static/seg/uploads/IMG_8881.JPG,grape/static/seg/processed/IMG_8881_result_box.jpg,2025-11-25T03:12:01.575592+00:00
745,grape/static/seg/uploads/IMG_8882.JPG,grape/static/seg/processed/IMG_8882_result_box.jpg,2025-11-25T03:12:08.176087+00:00
746,grape/static/seg/uploads/IMG_8883.JPG,grape/static/seg/processed/IMG_8883_result_box.jpg,2025-11-25T03:12:15.134736+00:00
747,grape/static/seg/uploads/32.JPG,grape/static/seg/processed/32_result_box.jpg,2025-11-28T08:29:30.535238+00:00
748,grape/static/seg/uploads/33.JPG,grape/static/seg/processed/33_result_box.jpg,2025-11-28T08:44:03.879746+00:00
749,grape/static/seg/uploads/34.JPG,grape/static/seg/processed/34_result_box.jpg,2025-11-28T08:51:56.425196+00:00
750,grape/static/seg/uploads/35.JPG,grape/static/seg/processed/35_result_box.jpg,2025-11-28T09:24:11.693189+00:00
751,grape/static/seg/uploads/36_1.JPG,grape/static/seg/processed/36_1_result_box.jpg,2025-11-28T09:40:37.870863+00:00
752,grape/static/seg/uploads/IMG_8596.JPG,grape/static/seg/processed/IMG_8596_result_box.jpg,2025-11-29T09:00:28.634318+00:00
753,grape/static/seg/uploads/IMG_8598.JPG,grape/static/seg/processed/IMG_8598_result_box.jpg,2025-11-29T09:02:24.871455+00:00
754,grape/static/seg/uploads/IMG_8600.JPG,grape/static/seg/processed/IMG_8600_result_box.jpg,2025-11-29T09:10:00.571695+00:00
755,grape/static/seg/uploads/IMG_8601.JPG,grape/static/seg/processed/IMG_8601_result_box.jpg,2025-11-29T09:18:33.328559+00:00
756,grape/static/seg/uploads/IMG_8603.JPG,grape/static/seg/processed/IMG_8603_result_box.jpg,2025-11-29T09:23:04.807828+00:00
757,grape/static/seg/uploads/IMG_8603.JPG,grape/static/seg/processed/IMG_8603_result_box.jpg,2025-11-29T09:25:58.285772+00:00
758,grape/static/seg/uploads/IMG_8604.JPG,grape/static/seg/processed/IMG_8604_result_box.jpg,2025-11-29T09:27:28.904342+00:00
759,grape/static/seg/uploads/IMG_8605.JPG,grape/static/seg/processed/IMG_8605_result_box.jpg,2025-11-29T09:31:27.375387+00:00
760,grape/static/seg/uploads/IMG_8608.JPG,grape/static/seg/processed/IMG_8608_result_box.jpg,2025-11-29T09:36:40.192729+00:00
761,grape/static/seg/uploads/IMG_8608.JPG,grape/static/seg/processed/IMG_8608_result_box.jpg,2025-11-29T09:38:03.115571+00:00
762,grape/static/seg/uploads/IMG_8609.JPG,grape/static/seg/processed/IMG_8609_result_box.jpg,2025-11-29T09:43:19.889890+00:00
763,grape/static/seg/uploads/IMG_8609.JPG,grape/static/seg/processed/IMG_8609_result_box.jpg,2025-11-29T09:46:30.823951+00:00
764,grape/static/seg/uploads/35.JPG,grape/static/seg/processed/35_result_box.jpg,2025-11-30T13:56:03.673661+00:00
765,grape/static/seg/uploads/35.JPG,grape/static/seg/processed/35_result_box.jpg,2025-11-30T13:57:38.251129+00:00
766,grape/static/seg/uploads/5.JPG,grape/static/seg/processed/5_result_box.jpg,2025-11-30T14:07:47.635168+00:00
767,grape/static/seg/uploads/19.JPG,grape/static/seg/processed/19_result_box.jpg,2025-11-30T14:10:46.677645+00:00
768,grape/static/seg/uploads/21.JPG,grape/static/seg/processed/21_result_box.jpg,2025-11-30T14:21:45.170905+00:00
769,grape/static/seg/uploads/22.JPG,grape/static/seg/processed/22_result_box.jpg,2025-11-30T14:32:25.788613+00:00
770,grape/static/seg/uploads/23.JPG,grape/static/seg/processed/23_result_box.jpg,2025-11-30T14:36:14.799654+00:00
771,grape/static/seg/uploads/25.JPG,grape/static/seg/processed/25_result_box.jpg,2025-11-30T14:40:15.948245+00:00
772,grape/static/seg/uploads/27.JPG,grape/static/seg/processed/27_result_box.jpg,2025-11-30T14:41:34.309184+00:00
773,grape/static/seg/uploads/29.JPG,grape/static/seg/processed/29_result_box.jpg,2025-11-30T14:46:04.814452+00:00
774,grape/static/seg/uploads/30.JPG,grape/static/seg/processed/30_result_box.jpg,2025-11-30T14:52:18.168601+00:00
775,grape/static/seg/uploads/34.JPG,grape/static/seg/processed/34_result_box.jpg,2025-11-30T14:55:05.562887+00:00
776,grape/static/seg/uploads/6_1.JPG,grape/static/seg/processed/6_1_result_box.jpg,2025-12-01T04:45:45.009008+00:00
777,grape/static/seg/uploads/IMG_8628.JPG,grape/static/seg/processed/IMG_8628_result_box.jpg,2025-12-01T04:52:47.572204+00:00
778,grape/static/seg/uploads/IMG_8640.JPG,grape/static/seg/processed/IMG_8640_result_box.jpg,2025-12-01T05:05:12.957080+00:00
779,grape/static/seg/uploads/IMG_8641.JPG,grape/static/seg/processed/IMG_8641_result_box.jpg,2025-12-01T05:14:48.388793+00:00
780,grape/static/seg/uploads/IMG_8642.JPG,grape/static/seg/processed/IMG_8642_result_box.jpg,2025-12-01T05:19:45.559868+00:00
781,grape/static/seg/uploads/IMG_8643.JPG,grape/static/seg/processed/IMG_8643_result_box.jpg,2025-12-01T05:25:12.405167+00:00
782,grape/static/seg/uploads/IMG_8644.JPG,grape/static/seg/processed/IMG_8644_result_box.jpg,2025-12-01T05:31:09.348853+00:00
783,grape/static/seg/uploads/IMG_8645.JPG,grape/static/seg/processed/IMG_8645_result_box.jpg,2025-12-01T05:35:30.101339+00:00
784,grape/static/seg/uploads/IMG_8647.JPG,grape/static/seg/processed/IMG_8647_result_box.jpg,2025-12-01T05:41:17.727984+00:00
785,grape/static/seg/uploads/IMG_8649.JPG,grape/static/seg/processed/IMG_8649_result_box.jpg,2025-12-01T07:14:42.328927+00:00
786,grape/static/seg/uploads/17.JPG,grape/static/seg/processed/17_result_box.jpg,2025-12-01T09:36:54.194933+00:00
787,grape/static/seg/uploads/19.JPG,grape/static/seg/processed/19_result_box.jpg,2025-12-01T09:39:36.788176+00:00
788,grape/static/seg/uploads/21.JPG,grape/static/seg/processed/21_result_box.jpg,2025-12-01T09:49:52.017557+00:00
789,grape/static/seg/uploads/23.JPG,grape/static/seg/processed/23_result_box.jpg,2025-12-02T02:14:38.255885+00:00
790,grape/static/seg/uploads/23.JPG,grape/static/seg/processed/23_result_box.jpg,2025-12-02T02:22:46.471708+00:00
791,grape/static/seg/uploads/22.JPG,grape/static/seg/processed/22_result_box.jpg,2025-12-02T02:23:26.403001+00:00
792,grape/static/seg/uploads/25.JPG,grape/static/seg/processed/25_result_box.jpg,2025-12-02T02:33:17.490962+00:00
793,grape/static/seg/uploads/27.JPG,grape/static/seg/processed/27_result_box.jpg,2025-12-02T02:37:09.372309+00:00
794,grape/static/seg/uploads/29.JPG,grape/static/seg/processed/29_result_box.jpg,2025-12-02T02:45:51.498210+00:00
795,grape/static/seg/uploads/30.JPG,grape/static/seg/processed/30_result_box.jpg,2025-12-02T02:53:05.191128+00:00
796,grape/static/seg/uploads/31.JPG,grape/static/seg/processed/31_result_box.jpg,2025-12-02T03:00:53.786351+00:00
797,grape/static/seg/uploads/32.JPG,grape/static/seg/processed/32_result_box.jpg,2025-12-02T03:07:03.086500+00:00
798,grape/static/seg/uploads/33.JPG,grape/static/seg/processed/33_result_box.jpg,2025-12-02T03:13:36.147757+00:00
799,grape/static/seg/uploads/34.JPG,grape/static/seg/processed/34_result_box.jpg,2025-12-02T03:21:19.794591+00:00
800,grape/static/seg/uploads/35.JPG,grape/static/seg/processed/35_result_box.jpg,2025-12-02T03:28:18.353768+00:00
801,grape/static/seg/uploads/36.JPG,grape/static/seg/processed/36_result_box.jpg,2025-12-02T03:37:42.616691+00:00
802,grape/static/seg/uploads/37.JPG,grape/static/seg/processed/37_result_box.jpg,2025-12-02T03:40:51.964201+00:00
803,grape/static/seg/uploads/16.JPG,grape/static/seg/processed/16_result_box.jpg,2025-12-02T03:47:45.889829+00:00
804,grape/static/seg/uploads/19.JPG,grape/static/seg/processed/19_result_box.jpg,2025-12-02T08:49:11.073190+00:00
805,grape/static/seg/uploads/20.JPG,grape/static/seg/processed/20_result_box.jpg,2025-12-02T08:56:37.962693+00:00
806,grape/static/seg/uploads/22.JPG,grape/static/seg/processed/22_result_box.jpg,2025-12-02T09:04:10.835753+00:00
807,grape/static/seg/uploads/23.JPG,grape/static/seg/processed/23_result_box.jpg,2025-12-02T09:10:14.797207+00:00
808,grape/static/seg/uploads/24.JPG,grape/static/seg/processed/24_result_box.jpg,2025-12-02T09:18:38.616462+00:00
809,grape/static/seg/uploads/31_1.JPG,grape/static/seg/processed/31_1_result_box.jpg,2025-12-02T09:27:13.029313+00:00
810,grape/static/seg/uploads/31_2.JPG,grape/static/seg/processed/31_2_result_box.jpg,2025-12-02T09:31:14.646411+00:00
811,grape/static/seg/uploads/31_3.JPG,grape/static/seg/processed/31_3_result_box.jpg,2025-12-02T09:32:42.831785+00:00
812,grape/static/seg/uploads/34_1.JPG,grape/static/seg/processed/34_1_result_box.jpg,2025-12-02T09:38:10.013370+00:00
813,grape/static/seg/uploads/34_2.JPG,grape/static/seg/processed/34_2_result_box.jpg,2025-12-02T09:39:17.182377+00:00
814,grape/static/seg/uploads/34_3.JPG,grape/static/seg/processed/34_3_result_box.jpg,2025-12-02T09:40:05.418341+00:00
815,grape/static/seg/uploads/IMG_8028.jpg,grape/static/seg/processed/IMG_8028_result_box.jpg,2025-12-04T09:54:16.546049+00:00
816,grape/static/seg/uploads/29.JPG,grape/static/seg/processed/29_result_box.jpg,2025-12-04T10:13:42.672708+00:00
817,grape/static/seg/uploads/30.JPG,grape/static/seg/processed/30_result_box.jpg,2025-12-04T10:21:50.879204+00:00
818,grape/static/seg/uploads/29_1.JPG,grape/static/seg/processed/29_1_result_box.jpg,2025-12-06T12:22:22.426492+00:00
819,grape/static/seg/uploads/29_2.JPG,grape/static/seg/processed/29_2_result_box.jpg,2025-12-06T12:24:05.431159+00:00
820,grape/static/seg/uploads/29_3.JPG,grape/static/seg/processed/29_3_result_box.jpg,2025-12-06T12:26:21.470616+00:00
821,grape/static/seg/uploads/IMG_8977.JPG,grape/static/seg/processed/IMG_8977_result_box.jpg,2025-12-07T14:24:22.406538+00:00
822,grape/static/seg/uploads/IMG_8978.JPG,grape/static/seg/processed/IMG_8978_result_box.jpg,2025-12-07T14:26:02.018839+00:00
823,grape/static/seg/uploads/IMG_8979.JPG,grape/static/seg/processed/IMG_8979_result_box.jpg,2025-12-07T14:28:07.767119+00:00
824,grape/static/seg/uploads/IMG_8980.JPG,grape/static/seg/processed/IMG_8980_result_box.jpg,2025-12-07T14:29:57.595447+00:00
825,grape/static/seg/uploads/IMG_8981.JPG,grape/static/seg/processed/IMG_8981_result_box.jpg,2025-12-07T14:31:16.259438+00:00
826,grape/static/seg/uploads/IMG_8982.JPG,grape/static/seg/processed/IMG_8982_result_box.jpg,2025-12-07T14:32:38.026155+00:00
827,grape/static/seg/uploads/IMG_8983.JPG,grape/static/seg/processed/IMG_8983_result_box.jpg,2025-12-07T14:33:54.594042+00:00
828,grape/static/seg/uploads/IMG_8983.JPG,grape/static/seg/processed/IMG_8983_result_box.jpg,2025-12-07T14:35:04.293987+00:00
829,grape/static/seg/uploads/IMG_8985.JPG,grape/static/seg/processed/IMG_8985_result_box.jpg,2025-12-07T14:36:18.785747+00:00
830,grape/static/seg/uploads/IMG_8986.JPG,grape/static/seg/processed/IMG_8986_result_box.jpg,2025-12-07T14:37:36.090263+00:00
831,grape/static/seg/uploads/IMG_8987.JPG,grape/static/seg/processed/IMG_8987_result_box.jpg,2025-12-07T14:38:44.024418+00:00
832,grape/static/seg/uploads/IMG_8988.JPG,grape/static/seg/processed/IMG_8988_result_box.jpg,2025-12-07T14:41:02.465114+00:00
833,grape/static/seg/uploads/IMG_8989.JPG,grape/static/seg/processed/IMG_8989_result_box.jpg,2025-12-07T14:42:15.364077+00:00
834,grape/static/seg/uploads/IMG_8990.JPG,grape/static/seg/processed/IMG_8990_result_box.jpg,2025-12-07T14:43:42.319891+00:00
835,grape/static/seg/uploads/IMG_8991.JPG,grape/static/seg/processed/IMG_8991_result_box.jpg,2025-12-07T14:46:41.839099+00:00
836,grape/static/seg/uploads/IMG_5091.JPG,grape/static/seg/processed/IMG_5091_result_box.jpg,2025-12-08T08:17:17.527301+00:00
837,grape/static/seg/uploads/IMG_5087.JPG,grape/static/seg/processed/IMG_5087_result_box.jpg,2025-12-08T08:17:27.014670+00:00
838,grape/static/seg/uploads/IMG_5089.JPG,grape/static/seg/processed/IMG_5089_result_box.jpg,2025-12-08T08:17:36.265358+00:00
839,grape/static/seg/uploads/IMG_5087.JPG,grape/static/seg/processed/IMG_5087_result_box.jpg,2025-12-08T08:17:40.214578+00:00
840,grape/static/seg/uploads/IMG_5101.JPG,grape/static/seg/processed/IMG_5101_result_box.jpg,2025-12-08T08:17:51.383767+00:00
841,grape/static/seg/uploads/IMG_5103.JPG,grape/static/seg/processed/IMG_5103_result_box.jpg,2025-12-08T08:18:01.940480+00:00
