id,status,run_time,duration,finished,exception,traceback,job_id
845,Executed,2024-11-11T22:00:00+00:00,1689.57,1731364089.57,,,job3
2,Executed,2023-09-16T16:10:00+00:00,0.22,1694880600.22,,,job
3,Executed,2023-09-17T05:25:30+00:00,147.82,1694928477.82,,,job3
4,Executed,2023-09-17T16:10:00+00:00,0.37,1694967000.37,,,job
846,Executed,2024-11-12T16:10:00+00:00,28.61,1731427828.61,,,job
6,Executed,2023-09-18T16:10:00+00:00,0.2,1695053400.2,,,job
847,Executed,2024-11-12T22:00:00+00:00,1772.42,1731450572.42,,,job3
8,Executed,2023-09-19T16:10:00+00:00,0.44,1695139800.44,,,job
9,Executed,2023-09-20T06:50:30+00:00,106.08,1695192736.08,,,job3
10,Executed,2023-09-20T16:10:00+00:00,0.2,1695226200.2,,,job
11,Executed,2023-09-21T06:50:30+00:00,113.51,1695279143.51,,,job3
12,Executed,2023-09-21T16:10:00+00:00,0.37,1695312600.37,,,job
13,Executed,2023-09-22T06:50:30+00:00,111.31,1695365541.31,,,job3
14,Executed,2023-09-22T16:10:00+00:00,0.21,1695399000.21,,,job
15,Executed,2023-09-23T06:50:30+00:00,124.09,1695451954.09,,,job3
16,Executed,2023-09-23T16:10:00+00:00,0.21,1695485400.21,,,job
848,Executed,2024-11-13T16:10:00+00:00,27.87,1731514227.87,,,job
18,Executed,2023-09-24T16:10:00+00:00,0.2,1695571800.2,,,job
19,Executed,2023-09-25T06:50:30+00:00,111.96,1695624741.96,,,job3
20,Executed,2023-09-25T16:10:00+00:00,0.2,1695658200.2,,,job
21,Executed,2023-09-26T06:50:30+00:00,120.87,1695711150.87,,,job3
22,Executed,2023-09-26T16:10:00+00:00,0.2,1695744600.2,,,job
23,Executed,2023-09-27T06:50:30+00:00,120.23,1695797550.23,,,job3
24,Executed,2023-09-27T16:10:00+00:00,0.3,1695831000.3,,,job
25,Executed,2023-09-28T06:50:30+00:00,123.33,1695883953.33,,,job3
26,Executed,2023-09-28T16:10:00+00:00,0.2,1695917400.2,,,job
27,Executed,2023-09-29T06:50:30+00:00,152.16,1695970382.16,,,job3
28,Executed,2023-09-29T16:10:00+00:00,0.21,1696003800.21,,,job
29,Executed,2023-09-30T06:50:30+00:00,133.73,1696056763.73,,,job3
30,Executed,2023-09-30T16:10:00+00:00,0.21,1696090200.21,,,job
31,Executed,2023-10-01T06:50:30+00:00,133.0,1696143163.0,,,job3
32,Executed,2023-10-01T16:10:00+00:00,0.21,1696176600.21,,,job
33,Executed,2023-10-02T06:50:30+00:00,120.92,1696229550.92,,,job3
34,Executed,2023-10-02T16:10:00+00:00,0.3,1696263000.3,,,job
35,Executed,2023-10-03T06:50:30+00:00,130.43,1696315960.43,,,job3
36,Executed,2023-10-03T16:10:00+00:00,0.2,1696349400.2,,,job
849,Started execution,2024-11-13T22:00:00+00:00,,,,,job3
38,Executed,2023-10-04T16:10:00+00:00,0.2,1696435800.2,,,job
39,Executed,2023-10-05T06:50:30+00:00,129.37,1696488759.37,,,job3
40,Executed,2023-10-05T16:10:00+00:00,0.2,1696522200.2,,,job
41,Executed,2023-10-06T06:50:30+00:00,133.02,1696575163.02,,,job3
42,Executed,2023-10-06T16:10:00+00:00,0.2,1696608600.2,,,job
43,Executed,2023-10-07T06:50:30+00:00,115.72,1696661545.72,,,job3
44,Executed,2023-10-07T16:10:00+00:00,0.2,1696695000.2,,,job
45,Executed,2023-10-08T06:50:30+00:00,148.21,1696747978.21,,,job3
46,Executed,2023-10-08T16:10:00+00:00,0.2,1696781400.2,,,job
47,Executed,2023-10-09T06:50:30+00:00,144.07,1696834374.07,,,job3
48,Executed,2023-10-09T16:10:00+00:00,0.2,1696867800.2,,,job
49,Executed,2023-10-10T06:50:30+00:00,167.08,1696920797.08,,,job3
1095,Executed,2025-03-16T22:00:00+00:00,1456.62,1742163856.62,,,job3
1096,Executed,2025-03-17T16:10:00+00:00,0.42,1742227800.42,,,job
1097,Executed,2025-03-17T22:00:00+00:00,341.04,1742249141.04,,,job3
1098,Executed,2025-03-18T16:10:00+00:00,0.4,1742314200.4,,,job
1099,Executed,2025-03-18T22:00:00+00:00,342.34,1742335542.34,,,job3
1100,Executed,2025-03-19T16:10:00+00:00,0.5,1742400600.5,,,job
1101,Executed,2025-03-19T22:00:00+00:00,341.24,1742421941.24,,,job3
1102,Executed,2025-03-20T16:10:00+00:00,0.4,1742487000.4,,,job
1103,Executed,2025-03-20T22:00:00+00:00,340.51,1742508340.51,,,job3
1104,Executed,2025-03-21T16:10:00+00:00,0.45,1742573400.45,,,job
1105,Executed,2025-03-21T22:00:00+00:00,345.85,1742594745.85,,,job3
1106,Executed,2025-03-22T16:10:00+00:00,0.44,1742659800.44,,,job
1107,Executed,2025-03-22T22:00:00+00:00,345.31,1742681145.31,,,job3
1108,Executed,2025-03-23T16:10:00+00:00,0.46,1742746200.46,,,job
1109,Executed,2025-03-23T22:00:00+00:00,348.62,1742767548.62,,,job3
1110,Executed,2025-03-24T16:10:00+00:00,0.48,1742832600.48,,,job
1111,Executed,2025-03-24T22:00:00+00:00,1481.54,1742855081.54,,,job3
1112,Executed,2025-03-25T16:10:00+00:00,0.41,1742919000.41,,,job
1113,Executed,2025-03-25T22:00:00+00:00,356.12,1742940356.12,,,job3
1206,Error!,2025-05-12T16:10:00+00:00,0.12,1747066200.12,"server closed the connection unexpectedly
	This probably means the server terminated abnormally
	before or while processing the request.
","  File ""/mnt/grape_backend/myenv/lib/python3.10/site-packages/apscheduler/executors/base.py"", line 125, in run_job
    retval = job.func(*job.args, **job.kwargs)
  File ""/mnt/grape_backend/grape_backend/grape/./weather/views.py"", line 218, in job
    fields = FieldsInfoSerializer(instance=Field.objects.all(),many=True).data
  File ""/mnt/grape_backend/myenv/lib/python3.10/site-packages/rest_framework/serializers.py"", line 768, in data
    ret = super().data
  File ""/mnt/grape_backend/myenv/lib/python3.10/site-packages/rest_framework/serializers.py"", line 253, in data
    self._data = self.to_representation(self.instance)
  File ""/mnt/grape_backend/myenv/lib/python3.10/site-packages/rest_framework/serializers.py"", line 686, in to_representation
    return [
  File ""/mnt/grape_backend/myenv/lib/python3.10/site-packages/django/db/models/query.py"", line 398, in __iter__
    self._fetch_all()
  File ""/mnt/grape_backend/myenv/lib/python3.10/site-packages/django/db/models/query.py"", line 1881, in _fetch_all
    self._result_cache = list(self._iterable_class(self))
  File ""/mnt/grape_backend/myenv/lib/python3.10/site-packages/django/db/models/query.py"", line 91, in __iter__
    results = compiler.execute_sql(
  File ""/mnt/grape_backend/myenv/lib/python3.10/site-packages/django/db/models/sql/compiler.py"", line 1560, in execute_sql
    cursor.execute(sql, params)
  File ""/mnt/grape_backend/myenv/lib/python3.10/site-packages/django/db/backends/utils.py"", line 67, in execute
    return self._execute_with_wrappers(
  File ""/mnt/grape_backend/myenv/lib/python3.10/site-packages/django/db/backends/utils.py"", line 80, in _execute_with_wrappers
    return executor(sql, params, many, context)
  File ""/mnt/grape_backend/myenv/lib/python3.10/site-packages/django/db/backends/utils.py"", line 84, in _execute
    with self.db.wrap_database_errors:
  File ""/mnt/grape_backend/myenv/lib/python3.10/site-packages/django/db/utils.py"", line 91, in __exit__
    raise dj_exc_value.with_traceback(traceback) from exc_value
  File ""/mnt/grape_backend/myenv/lib/python3.10/site-packages/django/db/backends/utils.py"", line 89, in _execute
    return self.cursor.execute(sql, params)
",job
1207,Executed,2025-05-12T22:00:00+00:00,556.67,1747087756.67,,,job3
1208,Executed,2025-05-13T16:10:00+00:00,0.24,1747152600.24,,,job
1209,Executed,2025-05-13T22:00:00+00:00,550.01,1747174150.01,,,job3
1210,Executed,2025-05-14T16:10:00+00:00,0.18,1747239000.18,,,job
1211,Executed,2025-05-14T22:00:00+00:00,552.26,1747260552.26,,,job3
50,Executed,2023-10-10T16:10:00+00:00,0.19,1696954200.19,,,job
51,Executed,2023-10-11T06:50:30+00:00,127.26,1697007157.26,,,job3
52,Executed,2023-10-11T16:10:00+00:00,0.19,1697040600.19,,,job
53,Executed,2023-10-12T06:50:30+00:00,124.08,1697093554.08,,,job3
54,Executed,2023-10-12T16:10:00+00:00,0.2,1697127000.2,,,job
55,Executed,2023-10-13T06:50:30+00:00,127.66,1697179957.66,,,job3
56,Executed,2023-10-13T16:10:00+00:00,0.2,1697213400.2,,,job
57,Executed,2023-10-14T06:50:30+00:00,130.5,1697266360.5,,,job3
58,Executed,2023-10-14T16:10:00+00:00,0.2,1697299800.2,,,job
59,Executed,2023-10-15T06:50:30+00:00,133.65,1697352763.65,,,job3
60,Executed,2023-10-15T16:10:00+00:00,0.19,1697386200.19,,,job
61,Executed,2023-10-16T06:50:30+00:00,138.42,1697439168.42,,,job3
62,Executed,2023-10-16T16:10:00+00:00,0.2,1697472600.2,,,job
850,Executed,2024-11-14T16:10:00+00:00,29.43,1731600629.43,,,job
64,Executed,2023-10-17T16:10:00+00:00,0.03,1697559000.03,,,job
851,Executed,2024-11-14T22:00:00+00:00,1983.59,1731623583.59,,,job3
66,Executed,2023-10-18T16:10:00+00:00,0.03,1697645400.03,,,job
852,Executed,2024-11-15T16:10:00+00:00,28.65,1731687028.65,,,job
68,Executed,2023-10-19T16:10:00+00:00,0.03,1697731800.03,,,job
853,Executed,2024-11-15T22:00:00+00:00,2014.52,1731710014.52,,,job3
70,Executed,2023-10-20T16:10:00+00:00,0.03,1697818200.03,,,job
854,Executed,2024-11-16T16:10:00+00:00,28.62,1731773428.62,,,job
72,Executed,2023-10-21T16:10:00+00:00,0.03,1697904600.03,,,job
855,Executed,2024-11-16T22:00:00+00:00,2008.95,1731796408.95,,,job3
856,Executed,2024-11-17T16:10:00+00:00,28.56,1731859828.56,,,job
857,Executed,2024-11-17T22:00:00+00:00,2022.37,1731882822.37,,,job3
858,Executed,2024-11-18T16:10:00+00:00,28.61,1731946228.61,,,job
859,Executed,2024-11-18T22:00:00+00:00,2087.57,1731969287.57,,,job3
171,Executed,2023-12-10T16:10:00+00:00,1.5,1702224601.5,,,job
860,Executed,2024-11-19T16:10:00+00:00,26.83,1732032626.83,,,job
861,Executed,2024-11-19T22:00:00+00:00,2045.12,1732055645.12,,,job3
862,Executed,2024-11-20T16:10:00+00:00,26.95,1732119026.95,,,job
863,Executed,2024-11-20T22:00:00+00:00,3310.59,1732143310.59,,,job3
864,Executed,2024-11-21T16:10:00+00:00,25.83,1732205425.83,,,job
865,Executed,2024-11-21T22:00:00+00:00,2056.2,1732228456.2,,,job3
866,Executed,2024-11-22T16:10:00+00:00,27.49,1732291827.49,,,job
867,Executed,2024-11-22T22:00:00+00:00,2074.97,1732314874.97,,,job3
868,Executed,2024-11-23T16:10:00+00:00,25.48,1732378225.48,,,job
869,Executed,2024-11-23T22:00:00+00:00,2085.26,1732401285.26,,,job3
870,Executed,2024-11-24T16:10:00+00:00,27.82,1732464627.82,,,job
871,Executed,2024-11-24T22:00:00+00:00,2104.45,1732487704.45,,,job3
872,Executed,2024-11-25T16:10:00+00:00,23.82,1732551023.82,,,job
873,Executed,2024-11-25T22:00:00+00:00,3369.06,1732575369.06,,,job3
874,Executed,2024-11-26T16:10:00+00:00,21.8,1732637421.8,,,job
875,Executed,2024-11-26T22:00:00+00:00,2154.23,1732660554.23,,,job3
1114,Executed,2025-03-26T16:10:00+00:00,0.68,1743005400.68,,,job
1115,Executed,2025-03-26T22:00:00+00:00,1470.85,1743027870.85,,,job3
1212,Executed,2025-05-15T16:10:00+00:00,0.18,1747325400.18,,,job
1213,Executed,2025-05-15T22:00:00+00:00,1719.51,1747348119.51,,,job3
1214,Executed,2025-05-16T16:10:00+00:00,0.2,1747411800.2,,,job
1549,Executed,2025-10-30T22:00:00+00:00,2746.77,1761864346.77,,,job3
1550,Executed,2025-10-31T16:10:00+00:00,0.08,1761927000.08,,,job
1551,Executed,2025-10-31T22:00:00+00:00,2985.45,1761950985.45,,,job3
1552,Executed,2025-11-01T16:10:00+00:00,0.07,1762013400.07,,,job
1553,Executed,2025-11-01T22:00:00+00:00,3245.9,1762037645.9,,,job3
1554,Executed,2025-11-02T16:10:00+00:00,0.47,1762099800.47,,,job
1555,Executed,2025-11-02T22:00:00+00:00,2272.41,1762123072.41,,,job3
1556,Executed,2025-11-03T16:10:00+00:00,0.82,1762186200.82,,,job
1557,Executed,2025-11-03T22:00:00+00:00,2342.21,1762209542.21,,,job3
1558,Executed,2025-11-04T16:10:00+00:00,0.84,1762272600.84,,,job
1559,Executed,2025-11-04T22:00:00+00:00,3462.49,1762297062.49,,,job3
1560,Executed,2025-11-05T16:10:00+00:00,0.93,1762359000.93,,,job
1561,Executed,2025-11-05T22:00:00+00:00,3454.33,1762383454.33,,,job3
1562,Executed,2025-11-06T16:10:00+00:00,0.89,1762445400.89,,,job
1563,Executed,2025-11-06T22:00:00+00:00,3485.18,1762469885.18,,,job3
1564,Executed,2025-11-07T16:10:00+00:00,0.8,1762531800.8,,,job
1565,Executed,2025-11-07T22:00:00+00:00,3521.79,1762556321.79,,,job3
1566,Executed,2025-11-08T16:10:00+00:00,0.89,1762618200.89,,,job
1567,Executed,2025-11-08T22:00:00+00:00,2422.14,1762641622.14,,,job3
1568,Executed,2025-11-09T16:10:00+00:00,1.0,1762704601.0,,,job
1569,Executed,2025-11-09T22:00:00+00:00,2451.48,1762728051.48,,,job3
1570,Executed,2025-11-10T16:10:00+00:00,1.04,1762791001.04,,,job
1571,Executed,2025-11-10T22:00:00+00:00,3559.85,1762815559.85,,,job3
1572,Executed,2025-11-11T16:10:00+00:00,1.06,1762877401.06,,,job
1573,Executed,2025-11-11T22:00:00+00:00,3583.56,1762901983.56,,,job3
1574,Executed,2025-11-12T16:10:00+00:00,481.03,1762964281.03,,,job
1575,Executed,2025-11-12T22:00:00+00:00,4615.43,1762989415.43,,,job3
1576,Executed,2025-11-13T16:10:00+00:00,480.93,1763050680.93,,,job
1577,Executed,2025-11-13T22:00:00+00:00,3218.85,1763074418.85,,,job3
1578,Executed,2025-11-14T16:10:00+00:00,480.95,1763137080.95,,,job
1579,Executed,2025-11-14T22:00:00+00:00,3601.59,1763161201.59,,,job3
1580,Executed,2025-11-15T16:10:00+00:00,480.99,1763223480.99,,,job
1581,Executed,2025-11-15T22:00:00+00:00,3614.82,1763247614.82,,,job3
1582,Executed,2025-11-16T16:10:00+00:00,1.13,1763309401.13,,,job
74,Executed,2023-10-22T16:10:00+00:00,0.03,1697991000.03,,,job
76,Executed,2023-10-23T16:10:00+00:00,0.03,1698077400.03,,,job
78,Executed,2023-10-24T16:10:00+00:00,0.03,1698163800.03,,,job
876,Executed,2024-11-27T16:10:00+00:00,15.39,1732723815.39,,,job
80,Executed,2023-10-25T16:10:00+00:00,0.03,1698250200.03,,,job
82,Executed,2023-10-26T16:10:00+00:00,0.03,1698336600.03,,,job
877,Executed,2024-11-27T22:00:00+00:00,2183.34,1732746983.34,,,job3
92,Executed,2023-10-31T16:10:00+00:00,0.03,1698768600.03,,,job
94,Executed,2023-11-01T16:10:00+00:00,0.03,1698855000.03,,,job
878,Executed,2024-11-28T16:10:00+00:00,12.69,1732810212.69,,,job
173,Executed,2023-12-11T16:10:00+00:00,1.25,1702311001.25,,,job
175,Executed,2023-12-12T16:10:00+00:00,1.21,1702397401.21,,,job
879,Executed,2024-11-28T22:00:00+00:00,2165.96,1732833365.96,,,job3
177,Executed,2023-12-13T16:10:00+00:00,2.43,1702483802.43,,,job
880,Executed,2024-11-29T16:10:00+00:00,13.13,1732896613.13,,,job
881,Executed,2024-11-29T22:00:00+00:00,2166.15,1732919766.15,,,job3
882,Executed,2024-11-30T16:10:00+00:00,13.3,1732983013.3,,,job
883,Executed,2024-11-30T22:00:00+00:00,9045.67,1733013045.67,,,job3
884,Executed,2024-12-01T16:10:00+00:00,8.8,1733069408.8,,,job
885,Executed,2024-12-01T22:00:00+00:00,3443.98,1733093843.98,,,job3
886,Executed,2024-12-02T16:10:00+00:00,9.54,1733155809.54,,,job
887,Executed,2024-12-02T22:00:00+00:00,2341.35,1733179141.35,,,job3
888,Executed,2024-12-03T16:10:00+00:00,8.74,1733242208.74,,,job
889,Executed,2024-12-03T22:00:00+00:00,3092.6,1733266292.6,,,job3
1116,Executed,2025-03-27T16:10:00+00:00,0.48,1743091800.48,,,job
1117,Executed,2025-03-27T22:00:00+00:00,358.11,1743113158.11,,,job3
1118,Executed,2025-03-28T16:10:00+00:00,0.39,1743178200.39,,,job
1119,Executed,2025-03-28T22:00:00+00:00,351.55,1743199551.55,,,job3
1120,Executed,2025-03-29T16:10:00+00:00,0.46,1743264600.46,,,job
1121,Executed,2025-03-29T22:00:00+00:00,348.8,1743285948.8,,,job3
1122,Executed,2025-03-30T16:10:00+00:00,0.45,1743351000.45,,,job
1123,Executed,2025-03-30T22:00:00+00:00,353.21,1743372353.21,,,job3
1124,Executed,2025-03-31T16:10:00+00:00,0.52,1743437400.52,,,job
1125,Executed,2025-03-31T22:00:00+00:00,1348.66,1743459748.66,,,job3
1126,Executed,2025-04-01T16:10:00+00:00,0.45,1743523800.45,,,job
1127,Executed,2025-04-01T22:00:00+00:00,358.82,1743545158.82,,,job3
1128,Executed,2025-04-02T16:10:00+00:00,0.5,1743610200.5,,,job
1129,Executed,2025-04-02T22:00:00+00:00,356.99,1743631556.99,,,job3
1130,Executed,2025-04-03T16:10:00+00:00,0.41,1743696600.41,,,job
1131,Executed,2025-04-03T22:00:00+00:00,367.77,1743717967.77,,,job3
1132,Executed,2025-04-04T16:10:00+00:00,0.42,1743783000.42,,,job
1133,Executed,2025-04-04T22:00:00+00:00,358.65,1743804358.65,,,job3
1134,Executed,2025-04-05T16:10:00+00:00,0.39,1743869400.39,,,job
1135,Executed,2025-04-05T22:00:00+00:00,375.86,1743890775.86,,,job3
1136,Executed,2025-04-06T16:10:00+00:00,0.45,1743955800.45,,,job
1137,Executed,2025-04-06T22:00:00+00:00,373.38,1743977173.38,,,job3
1138,Executed,2025-04-07T16:10:00+00:00,0.4,1744042200.4,,,job
1139,Executed,2025-04-07T22:00:00+00:00,373.53,1744063573.53,,,job3
1140,Executed,2025-04-08T16:10:00+00:00,0.4,1744128600.4,,,job
1141,Executed,2025-04-08T22:00:00+00:00,374.13,1744149974.13,,,job3
1142,Executed,2025-04-09T16:10:00+00:00,0.44,1744215000.44,,,job
1143,Executed,2025-04-09T22:00:00+00:00,383.06,1744236383.06,,,job3
1144,Executed,2025-04-10T16:10:00+00:00,0.5,1744301400.5,,,job
1145,Executed,2025-04-10T22:00:00+00:00,389.19,1744322789.19,,,job3
1146,Executed,2025-04-11T16:10:00+00:00,0.46,1744387800.46,,,job
1147,Executed,2025-04-11T22:00:00+00:00,386.43,1744409186.43,,,job3
1148,Executed,2025-04-12T16:10:00+00:00,0.51,1744474200.51,,,job
1149,Executed,2025-04-12T22:00:00+00:00,391.23,1744495591.23,,,job3
1215,Executed,2025-05-16T22:00:00+00:00,560.85,1747433360.85,,,job3
1216,Executed,2025-05-17T16:10:00+00:00,0.21,1747498200.21,,,job
1217,Executed,2025-05-17T22:00:00+00:00,564.44,1747519764.44,,,job3
1218,Executed,2025-05-18T16:10:00+00:00,0.28,1747584600.28,,,job
1219,Executed,2025-05-18T22:00:00+00:00,573.9,1747606173.9,,,job3
1220,Executed,2025-05-19T16:10:00+00:00,0.39,1747671000.39,,,job
1221,Executed,2025-05-19T22:00:00+00:00,577.39,1747692577.39,,,job3
1222,Executed,2025-05-20T16:10:00+00:00,0.38,1747757400.38,,,job
1223,Executed,2025-05-20T22:00:00+00:00,576.93,1747778976.93,,,job3
1224,Executed,2025-05-21T16:10:00+00:00,0.37,1747843800.37,,,job
1225,Executed,2025-05-21T22:00:00+00:00,577.03,1747865377.03,,,job3
1226,Executed,2025-05-22T16:10:00+00:00,0.34,1747930200.34,,,job
1227,Executed,2025-05-22T22:00:00+00:00,589.37,1747951789.37,,,job3
1228,Executed,2025-05-23T16:10:00+00:00,0.33,1748016600.33,,,job
1229,Executed,2025-05-23T22:00:00+00:00,1726.01,1748039326.01,,,job3
1230,Executed,2025-05-24T16:10:00+00:00,0.35,1748103000.35,,,job
1231,Executed,2025-05-24T22:00:00+00:00,587.47,1748124587.47,,,job3
1232,Executed,2025-05-25T16:10:00+00:00,0.36,1748189400.36,,,job
1233,Executed,2025-05-25T22:00:00+00:00,591.04,1748210991.04,,,job3
1234,Executed,2025-05-26T16:10:00+00:00,3.29,1748275803.29,,,job
1235,Executed,2025-05-26T22:00:00+00:00,1749.98,1748298549.98,,,job3
1236,Executed,2025-05-27T16:10:00+00:00,0.33,1748362200.33,,,job
1237,Executed,2025-05-27T22:00:00+00:00,603.25,1748383803.25,,,job3
1583,Executed,2025-11-16T22:00:00+00:00,3630.3,1763334030.3,,,job3
1726,Executed,2026-02-14T16:10:00+00:00,0.07,1771085400.07,,,job
1727,Executed,2026-02-14T22:00:00+00:00,1740.29,1771108140.29,,,job3
84,Executed,2023-10-27T16:10:00+00:00,0.03,1698423000.03,,,job
890,Executed,2024-12-04T16:10:00+00:00,4.68,1733328604.68,,,job
86,Executed,2023-10-28T16:10:00+00:00,0.03,1698509400.03,,,job
88,Executed,2023-10-29T16:10:00+00:00,0.03,1698595800.03,,,job
891,Executed,2024-12-04T22:00:00+00:00,2363.14,1733351963.14,,,job3
90,Executed,2023-10-30T16:10:00+00:00,0.03,1698682200.03,,,job
892,Executed,2024-12-05T16:10:00+00:00,3.84,1733415003.84,,,job
893,Executed,2024-12-05T22:00:00+00:00,2849.19,1733438849.19,,,job3
894,Executed,2024-12-06T16:10:00+00:00,3.53,1733501403.53,,,job
895,Executed,2024-12-06T22:00:00+00:00,3580.9,1733525980.9,,,job3
896,Executed,2024-12-07T16:10:00+00:00,3.85,1733587803.85,,,job
897,Executed,2024-12-07T22:00:00+00:00,2384.43,1733611184.43,,,job3
898,Executed,2024-12-08T16:10:00+00:00,4.7,1733674204.7,,,job
899,Executed,2024-12-08T22:00:00+00:00,3560.99,1733698760.99,,,job3
900,Executed,2024-12-09T16:10:00+00:00,3.65,1733760603.65,,,job
901,Executed,2024-12-09T22:00:00+00:00,2400.66,1733784000.66,,,job3
902,Executed,2024-12-10T16:10:00+00:00,3.79,1733847003.79,,,job
903,Executed,2024-12-10T22:00:00+00:00,2410.53,1733870410.53,,,job3
904,Executed,2024-12-11T16:10:00+00:00,3.84,1733933403.84,,,job
905,Executed,2024-12-11T22:00:00+00:00,3601.97,1733958001.97,,,job3
906,Executed,2024-12-12T16:10:00+00:00,5.23,1734019805.23,,,job
907,Executed,2024-12-12T22:00:00+00:00,3644.92,1734044444.92,,,job3
908,Executed,2024-12-13T16:10:00+00:00,1.92,1734106201.92,,,job
909,Executed,2024-12-13T22:00:00+00:00,2480.16,1734129680.16,,,job3
910,Executed,2024-12-14T16:10:00+00:00,0.05,1734192600.05,,,job
911,Executed,2024-12-14T22:00:00+00:00,1360.41,1734214960.41,,,job3
912,Executed,2024-12-15T16:10:00+00:00,0.05,1734279000.05,,,job
913,Executed,2024-12-15T22:00:00+00:00,1351.58,1734301351.58,,,job3
914,Executed,2024-12-16T16:10:00+00:00,0.04,1734365400.04,,,job
915,Executed,2024-12-16T22:00:00+00:00,1406.87,1734387806.87,,,job3
917,Executed,2024-12-17T22:00:00+00:00,2218.7,1734475018.7,,,job3
919,Executed,2024-12-18T22:00:00+00:00,2525.66,1734561725.66,,,job3
920,Executed,2024-12-19T16:10:00+00:00,0.05,1734624600.05,,,job
921,Executed,2024-12-19T22:00:00+00:00,1426.19,1734647026.19,,,job3
1150,Executed,2025-04-14T16:10:00+00:00,0.81,1744647000.81,,,job
1151,Executed,2025-04-14T22:00:00+00:00,401.08,1744668401.08,,,job3
1152,Executed,2025-04-15T16:10:00+00:00,0.45,1744733400.45,,,job
1153,Executed,2025-04-15T22:00:00+00:00,403.13,1744754803.13,,,job3
1154,Executed,2025-04-16T16:10:00+00:00,0.13,1744819800.13,,,job
1155,Executed,2025-04-16T22:00:00+00:00,407.83,1744841207.83,,,job3
1156,Executed,2025-04-17T16:10:00+00:00,0.1,1744906200.1,,,job
1157,Executed,2025-04-17T22:00:00+00:00,408.66,1744927608.66,,,job3
1158,Executed,2025-04-18T16:10:00+00:00,0.06,1744992600.06,,,job
1159,Executed,2025-04-18T22:00:00+00:00,420.01,1745014020.01,,,job3
1160,Executed,2025-04-19T16:10:00+00:00,0.08,1745079000.08,,,job
1161,Executed,2025-04-19T22:00:00+00:00,414.43,1745100414.43,,,job3
1162,Executed,2025-04-20T16:10:00+00:00,0.08,1745165400.08,,,job
1163,Executed,2025-04-20T22:00:00+00:00,418.89,1745186818.89,,,job3
1164,Executed,2025-04-21T16:10:00+00:00,0.1,1745251800.1,,,job
1165,Executed,2025-04-21T22:00:00+00:00,419.54,1745273219.54,,,job3
1166,Executed,2025-04-22T16:10:00+00:00,0.13,1745338200.13,,,job
1167,Executed,2025-04-22T22:00:00+00:00,419.93,1745359619.93,,,job3
1168,Executed,2025-04-23T16:10:00+00:00,0.08,1745424600.08,,,job
1238,Executed,2025-05-28T16:10:00+00:00,0.3,1748448600.3,,,job
1239,Executed,2025-05-28T22:00:00+00:00,643.63,1748470243.63,,,job3
1240,Executed,2025-05-29T16:10:00+00:00,0.29,1748535000.29,,,job
1241,Executed,2025-05-29T22:00:00+00:00,609.84,1748556609.84,,,job3
1242,Executed,2025-05-30T16:10:00+00:00,0.67,1748621400.67,,,job
1243,Executed,2025-05-30T22:00:00+00:00,628.57,1748643028.57,,,job3
1244,Executed,2025-05-31T16:10:00+00:00,0.25,1748707800.25,,,job
1245,Executed,2025-05-31T22:00:00+00:00,620.11,1748729420.11,,,job3
1246,Error!,2025-06-01T16:10:00+00:00,0.12,1748794200.12,"SSL SYSCALL error: EOF detected
","  File ""/mnt/grape_backend/myenv/lib/python3.10/site-packages/apscheduler/executors/base.py"", line 125, in run_job
    retval = job.func(*job.args, **job.kwargs)
  File ""/mnt/grape_backend/grape_backend/grape/./weather/views.py"", line 218, in job
    fields = FieldsInfoSerializer(instance=Field.objects.all(),many=True).data
  File ""/mnt/grape_backend/myenv/lib/python3.10/site-packages/rest_framework/serializers.py"", line 768, in data
    ret = super().data
  File ""/mnt/grape_backend/myenv/lib/python3.10/site-packages/rest_framework/serializers.py"", line 253, in data
    self._data = self.to_representation(self.instance)
  File ""/mnt/grape_backend/myenv/lib/python3.10/site-packages/rest_framework/serializers.py"", line 686, in to_representation
    return [
  File ""/mnt/grape_backend/myenv/lib/python3.10/site-packages/django/db/models/query.py"", line 398, in __iter__
    self._fetch_all()
  File ""/mnt/grape_backend/myenv/lib/python3.10/site-packages/django/db/models/query.py"", line 1881, in _fetch_all
    self._result_cache = list(self._iterable_class(self))
  File ""/mnt/grape_backend/myenv/lib/python3.10/site-packages/django/db/models/query.py"", line 91, in __iter__
    results = compiler.execute_sql(
  File ""/mnt/grape_backend/myenv/lib/python3.10/site-packages/django/db/models/sql/compiler.py"", line 1560, in execute_sql
    cursor.execute(sql, params)
  File ""/mnt/grape_backend/myenv/lib/python3.10/site-packages/django/db/backends/utils.py"", line 67, in execute
    return self._execute_with_wrappers(
  File ""/mnt/grape_backend/myenv/lib/python3.10/site-packages/django/db/backends/utils.py"", line 80, in _execute_with_wrappers
    return executor(sql, params, many, context)
  File ""/mnt/grape_backend/myenv/lib/python3.10/site-packages/django/db/backends/utils.py"", line 84, in _execute
    with self.db.wrap_database_errors:
  File ""/mnt/grape_backend/myenv/lib/python3.10/site-packages/django/db/utils.py"", line 91, in __exit__
    raise dj_exc_value.with_traceback(traceback) from exc_value
  File ""/mnt/grape_backend/myenv/lib/python3.10/site-packages/django/db/backends/utils.py"", line 89, in _execute
    return self.cursor.execute(sql, params)
",job
916,Executed,2024-12-17T16:10:00+00:00,0.04,1734451800.04,,,job
96,Executed,2023-11-02T16:10:00+00:00,0.03,1698941400.03,,,job
918,Executed,2024-12-18T16:10:00+00:00,0.05,1734538200.05,,,job
98,Executed,2023-11-03T16:10:00+00:00,0.03,1699027800.03,,,job
100,Executed,2023-11-04T16:10:00+00:00,0.03,1699114200.03,,,job
1169,Executed,2025-04-23T22:00:00+00:00,428.3,1745446028.3,,,job3
102,Executed,2023-11-05T16:10:00+00:00,0.03,1699200600.03,,,job
104,Executed,2023-11-06T16:10:00+00:00,0.03,1699287000.03,,,job
105,Executed,2023-11-07T16:10:00+00:00,0.04,1699373400.04,,,job
1170,Executed,2025-04-24T16:10:00+00:00,0.07,1745511000.07,,,job
107,Executed,2023-11-08T16:10:00+00:00,0.03,1699459800.03,,,job
1171,Executed,2025-04-24T22:00:00+00:00,431.38,1745532431.38,,,job3
109,Executed,2023-11-09T16:10:00+00:00,0.03,1699546200.03,,,job
1172,Executed,2025-04-25T16:10:00+00:00,0.11,1745597400.11,,,job
111,Executed,2023-11-10T16:10:00+00:00,0.03,1699632600.03,,,job
1173,Executed,2025-04-25T22:00:00+00:00,434.41,1745618834.41,,,job3
113,Executed,2023-11-11T16:10:00+00:00,0.03,1699719000.03,,,job
1174,Executed,2025-04-26T16:10:00+00:00,0.08,1745683800.08,,,job
118,Executed,2023-11-13T19:40:00+00:00,128.74,1699904528.74,,,job3
120,Executed,2023-11-14T19:40:00+00:00,134.39,1699990934.39,,,job3
122,Executed,2023-11-15T19:40:00+00:00,134.04,1700077334.04,,,job3
1175,Executed,2025-04-26T22:00:00+00:00,437.17,1745705237.17,,,job3
1176,Executed,2025-04-27T16:10:00+00:00,0.12,1745770200.12,,,job
1177,Executed,2025-04-27T22:00:00+00:00,445.76,1745791645.76,,,job3
1178,Executed,2025-04-28T16:10:00+00:00,0.08,1745856600.08,,,job
1179,Executed,2025-04-28T22:00:00+00:00,470.93,1745878070.93,,,job3
1180,Executed,2025-04-29T16:10:00+00:00,0.08,1745943000.08,,,job
1181,Executed,2025-04-29T22:00:00+00:00,720.64,1745964720.64,,,job3
1182,Executed,2025-04-30T16:10:00+00:00,0.08,1746029400.08,,,job
1183,Executed,2025-04-30T22:00:00+00:00,476.14,1746050876.14,,,job3
1184,Executed,2025-05-01T16:10:00+00:00,0.12,1746115800.12,,,job
1185,Executed,2025-05-01T22:00:00+00:00,486.37,1746137286.37,,,job3
1186,Executed,2025-05-02T16:10:00+00:00,0.08,1746202200.08,,,job
1187,Executed,2025-05-02T22:00:00+00:00,498.66,1746223698.66,,,job3
1188,Executed,2025-05-03T16:10:00+00:00,0.08,1746288600.08,,,job
1189,Executed,2025-05-03T22:00:00+00:00,494.54,1746310094.54,,,job3
1190,Executed,2025-05-04T16:10:00+00:00,0.12,1746375000.12,,,job
1191,Executed,2025-05-04T22:00:00+00:00,499.3,1746396499.3,,,job3
1192,Executed,2025-05-05T16:10:00+00:00,0.09,1746461400.09,,,job
1193,Executed,2025-05-05T22:00:00+00:00,495.63,1746482895.63,,,job3
1194,Executed,2025-05-06T16:10:00+00:00,0.08,1746547800.08,,,job
1195,Executed,2025-05-06T22:00:00+00:00,510.52,1746569310.52,,,job3
1196,Executed,2025-05-07T16:10:00+00:00,0.09,1746634200.09,,,job
1197,Executed,2025-05-07T22:00:00+00:00,1613.84,1746656813.84,,,job3
1198,Executed,2025-05-08T16:10:00+00:00,0.09,1746720600.09,,,job
1199,Executed,2025-05-08T22:00:00+00:00,535.23,1746742135.23,,,job3
1200,Executed,2025-05-09T16:10:00+00:00,0.15,1746807000.15,,,job
1201,Executed,2025-05-09T22:00:00+00:00,537.84,1746828537.84,,,job3
1202,Executed,2025-05-10T16:10:00+00:00,0.18,1746893400.18,,,job
1203,Executed,2025-05-10T22:00:00+00:00,543.22,1746914943.22,,,job3
1204,Executed,2025-05-11T16:10:00+00:00,0.11,1746979800.11,,,job
1205,Executed,2025-05-11T22:00:00+00:00,545.85,1747001345.85,,,job3
1247,Executed,2025-06-01T22:00:00+00:00,699.21,1748815899.21,,,job3
1248,Executed,2025-06-02T16:10:00+00:00,0.36,1748880600.36,,,job
1249,Executed,2025-06-02T22:00:00+00:00,1792.01,1748903392.01,,,job3
1250,Executed,2025-06-03T16:10:00+00:00,0.19,1748967000.19,,,job
1251,Executed,2025-06-03T22:00:00+00:00,1723.32,1748989723.32,,,job3
1252,Executed,2025-06-04T16:10:00+00:00,0.2,1749053400.2,,,job
1253,Executed,2025-06-04T22:00:00+00:00,692.48,1749075092.48,,,job3
1584,Executed,2025-11-17T16:10:00+00:00,36.39,1763395836.39,,,job
1585,Executed,2025-11-17T22:00:00+00:00,3647.37,1763420447.37,,,job3
1586,Executed,2025-11-18T16:10:00+00:00,480.86,1763482680.86,,,job
1587,Executed,2025-11-18T22:00:00+00:00,4741.31,1763507941.31,,,job3
1588,Executed,2025-11-19T16:10:00+00:00,480.76,1763569080.76,,,job
1589,Executed,2025-11-19T22:00:00+00:00,5769.2,1763595369.2,,,job3
1590,Executed,2025-11-20T16:10:00+00:00,480.72,1763655480.72,,,job
1591,Executed,2025-11-20T22:00:00+00:00,3642.84,1763679642.84,,,job3
1592,Executed,2025-11-21T16:10:00+00:00,0.76,1763741400.76,,,job
1593,Executed,2025-11-21T22:00:00+00:00,2614.83,1763765014.83,,,job3
1594,Executed,2025-11-22T16:10:00+00:00,480.78,1763828280.78,,,job
1595,Executed,2025-11-22T22:00:00+00:00,3733.75,1763852533.75,,,job3
1596,Executed,2025-11-23T16:10:00+00:00,0.74,1763914200.74,,,job
1597,Executed,2025-11-23T22:00:00+00:00,3730.5,1763938930.5,,,job3
1598,Executed,2025-11-24T16:10:00+00:00,0.89,1764000600.89,,,job
1599,Executed,2025-11-24T22:00:00+00:00,3744.64,1764025344.64,,,job3
1600,Executed,2025-11-25T16:10:00+00:00,0.93,1764087000.93,,,job
1601,Executed,2025-11-25T22:00:00+00:00,2664.93,1764110664.93,,,job3
1602,Executed,2025-11-26T16:10:00+00:00,2.7,1764173402.7,,,job
1603,Executed,2025-11-26T22:00:00+00:00,2683.38,1764197083.38,,,job3
1604,Executed,2025-11-27T16:10:00+00:00,480.95,1764260280.95,,,job
1605,Executed,2025-11-27T22:00:00+00:00,3822.13,1764284622.13,,,job3
1606,Executed,2025-11-28T16:10:00+00:00,481.02,1764346681.02,,,job
1607,Executed,2025-11-28T22:00:00+00:00,2727.63,1764369927.63,,,job3
1608,Executed,2025-11-29T16:10:00+00:00,481.04,1764433081.04,,,job
115,Executed,2023-11-12T16:10:00+00:00,0.03,1699805400.03,,,job
922,Executed,2024-12-20T16:10:00+00:00,0.04,1734711000.04,,,job
117,Executed,2023-11-13T16:10:00+00:00,0.03,1699891800.03,,,job
119,Executed,2023-11-14T16:10:00+00:00,0.03,1699978200.03,,,job
121,Executed,2023-11-15T16:10:00+00:00,0.03,1700064600.03,,,job
123,Executed,2023-11-16T16:10:00+00:00,0.03,1700151000.03,,,job
124,Executed,2023-11-16T19:40:00+00:00,131.4,1700163731.4,,,job3
125,Executed,2023-11-17T16:10:00+00:00,0.03,1700237400.03,,,job
126,Executed,2023-11-17T19:40:00+00:00,132.25,1700250132.25,,,job3
127,Executed,2023-11-18T16:10:00+00:00,0.03,1700323800.03,,,job
128,Executed,2023-11-18T19:40:00+00:00,131.01,1700336531.01,,,job3
129,Executed,2023-11-19T16:10:00+00:00,0.03,1700410200.03,,,job
130,Executed,2023-11-19T19:40:00+00:00,129.85,1700422929.85,,,job3
131,Executed,2023-11-20T16:10:00+00:00,0.03,1700496600.03,,,job
132,Executed,2023-11-20T19:40:00+00:00,135.03,1700509335.03,,,job3
133,Executed,2023-11-21T16:10:00+00:00,0.03,1700583000.03,,,job
134,Executed,2023-11-21T19:40:00+00:00,132.91,1700595732.91,,,job3
135,Executed,2023-11-22T16:10:00+00:00,0.03,1700669400.03,,,job
136,Executed,2023-11-22T19:40:00+00:00,136.17,1700682136.17,,,job3
137,Executed,2023-11-23T16:10:00+00:00,0.04,1700755800.04,,,job
138,Executed,2023-11-23T19:40:00+00:00,134.33,1700768534.33,,,job3
139,Executed,2023-11-24T16:10:00+00:00,0.03,1700842200.03,,,job
140,Executed,2023-11-24T19:40:00+00:00,133.56,1700854933.56,,,job3
141,Executed,2023-11-25T16:10:00+00:00,0.04,1700928600.04,,,job
142,Executed,2023-11-25T19:40:00+00:00,147.27,1700941347.27,,,job3
143,Executed,2023-11-26T16:10:00+00:00,0.06,1701015000.06,,,job
144,Executed,2023-11-26T19:40:00+00:00,149.45,1701027749.45,,,job3
145,Executed,2023-11-27T16:10:00+00:00,0.04,1701101400.04,,,job
146,Executed,2023-11-27T19:40:00+00:00,170.21,1701114170.21,,,job3
147,Executed,2023-11-28T16:10:00+00:00,0.99,1701187800.99,,,job
148,Executed,2023-11-28T19:40:00+00:00,355.08,1701200755.08,,,job3
149,Executed,2023-11-29T16:10:00+00:00,1.13,1701274201.13,,,job
150,Executed,2023-11-29T19:40:00+00:00,382.65,1701287182.65,,,job3
151,Executed,2023-11-30T16:10:00+00:00,1.33,1701360601.33,,,job
923,Executed,2024-12-20T22:00:00+00:00,1420.89,1734733420.89,,,job3
153,Executed,2023-12-01T16:10:00+00:00,1.36,1701447001.36,,,job
924,Executed,2024-12-21T16:10:00+00:00,0.05,1734797400.05,,,job
155,Executed,2023-12-02T16:10:00+00:00,0.98,1701533400.98,,,job
925,Executed,2024-12-21T22:00:00+00:00,1419.07,1734819819.07,,,job3
157,Executed,2023-12-03T16:10:00+00:00,0.99,1701619800.99,,,job
926,Executed,2024-12-22T16:10:00+00:00,0.05,1734883800.05,,,job
159,Executed,2023-12-04T16:10:00+00:00,1.15,1701706201.15,,,job
927,Executed,2024-12-22T22:00:00+00:00,1409.7,1734906209.7,,,job3
161,Executed,2023-12-05T16:10:00+00:00,1.19,1701792601.19,,,job
1254,Executed,2025-06-05T16:10:00+00:00,0.16,1749139800.16,,,job
163,Executed,2023-12-06T16:10:00+00:00,1.85,1701879001.85,,,job
1255,Executed,2025-06-05T22:00:00+00:00,763.38,1749161563.38,,,job3
165,Executed,2023-12-07T16:10:00+00:00,1.2,1701965401.2,,,job
167,Executed,2023-12-08T16:10:00+00:00,1.22,1702051801.22,,,job
1256,Executed,2025-06-06T16:10:00+00:00,0.17,1749226200.17,,,job
1257,Executed,2025-06-06T22:00:00+00:00,691.27,1749247891.27,,,job3
1258,Executed,2025-06-07T16:10:00+00:00,0.2,1749312600.2,,,job
1259,Executed,2025-06-07T22:00:00+00:00,527.59,1749334127.59,,,job3
1260,Executed,2025-06-08T16:10:00+00:00,0.22,1749399000.22,,,job
1261,Executed,2025-06-08T22:00:00+00:00,310.68,1749420310.68,,,job3
1262,Executed,2025-06-09T16:10:00+00:00,0.21,1749485400.21,,,job
1263,Executed,2025-06-09T22:00:00+00:00,1733.27,1749508133.27,,,job3
1264,Executed,2025-06-10T16:10:00+00:00,0.19,1749571800.19,,,job
1265,Executed,2025-06-10T22:00:00+00:00,1814.35,1749594614.35,,,job3
1266,Executed,2025-06-11T16:10:00+00:00,0.14,1749658200.14,,,job
1267,Executed,2025-06-11T22:00:00+00:00,711.85,1749679911.85,,,job3
1268,Executed,2025-06-12T16:10:00+00:00,0.07,1749744600.07,,,job
1269,Executed,2025-06-12T22:00:00+00:00,1756.45,1749767356.45,,,job3
1270,Executed,2025-06-13T16:10:00+00:00,0.07,1749831000.07,,,job
1271,Executed,2025-06-13T22:00:00+00:00,703.98,1749852703.98,,,job3
1272,Executed,2025-06-14T16:10:00+00:00,0.07,1749917400.07,,,job
1273,Executed,2025-06-14T22:00:00+00:00,1754.47,1749940154.47,,,job3
1274,Executed,2025-06-15T16:10:00+00:00,0.07,1750003800.07,,,job
1275,Executed,2025-06-15T22:00:00+00:00,711.34,1750025511.34,,,job3
1276,Executed,2025-06-16T16:10:00+00:00,0.07,1750090200.07,,,job
1277,Executed,2025-06-16T22:00:00+00:00,1790.38,1750112990.38,,,job3
1278,Executed,2025-06-17T16:10:00+00:00,0.08,1750176600.08,,,job
1279,Executed,2025-06-17T22:00:00+00:00,705.52,1750198305.52,,,job3
1280,Executed,2025-06-18T16:10:00+00:00,0.08,1750263000.08,,,job
1281,Executed,2025-06-18T22:00:00+00:00,724.31,1750284724.31,,,job3
1282,Executed,2025-06-19T16:10:00+00:00,0.07,1750349400.07,,,job
1283,Executed,2025-06-19T22:00:00+00:00,1827.79,1750372227.79,,,job3
1284,Executed,2025-06-20T16:10:00+00:00,0.08,1750435800.08,,,job
1609,Executed,2025-11-29T22:00:00+00:00,3870.42,1764457470.42,,,job3
1610,Executed,2025-11-30T16:10:00+00:00,0.99,1764519000.99,,,job
1611,Executed,2025-11-30T22:00:00+00:00,2779.1,1764542779.1,,,job3
1612,Executed,2025-12-01T16:10:00+00:00,0.98,1764605400.98,,,job
1613,Executed,2025-12-01T22:00:00+00:00,3879.24,1764630279.24,,,job3
1614,Executed,2025-12-02T16:10:00+00:00,1.1,1764691801.1,,,job
1615,Executed,2025-12-02T22:00:00+00:00,3898.62,1764716698.62,,,job3
928,Executed,2024-12-23T16:10:00+00:00,0.05,1734970200.05,,,job
169,Executed,2023-12-09T16:10:00+00:00,1.2,1702138201.2,,,job
929,Executed,2024-12-23T22:00:00+00:00,1417.43,1734992617.43,,,job3
930,Executed,2024-12-24T16:10:00+00:00,0.05,1735056600.05,,,job
931,Executed,2024-12-24T22:00:00+00:00,1427.48,1735079027.48,,,job3
932,Executed,2024-12-25T16:10:00+00:00,0.05,1735143000.05,,,job
933,Executed,2024-12-25T22:00:00+00:00,2569.13,1735166569.13,,,job3
934,Executed,2024-12-26T16:10:00+00:00,0.05,1735229400.05,,,job
935,Executed,2024-12-26T22:00:00+00:00,1428.47,1735251828.47,,,job3
936,Executed,2024-12-27T16:10:00+00:00,0.05,1735315800.05,,,job
937,Executed,2024-12-27T22:00:00+00:00,2512.58,1735339312.58,,,job3
938,Executed,2024-12-28T16:10:00+00:00,0.05,1735402200.05,,,job
939,Executed,2024-12-28T22:00:00+00:00,1425.47,1735424625.47,,,job3
940,Executed,2024-12-29T16:10:00+00:00,0.05,1735488600.05,,,job
941,Executed,2024-12-29T22:00:00+00:00,2528.15,1735512128.15,,,job3
943,Executed,2024-12-30T22:00:00+00:00,1402.1,1735597402.1,,,job3
944,Executed,2024-12-31T16:10:00+00:00,0.05,1735661400.05,,,job
945,Executed,2024-12-31T22:00:00+00:00,2725.51,1735685125.51,,,job3
946,Executed,2025-01-01T16:10:00+00:00,0.05,1735747800.05,,,job
947,Executed,2025-01-01T22:00:00+00:00,1546.06,1735770346.06,,,job3
948,Executed,2025-01-02T16:10:00+00:00,0.05,1735834200.05,,,job
949,Error!,2025-01-02T22:00:00+00:00,1585.05,1735856785.05,"invalid input syntax for type json
LINE 1: ...ES ('c4d4a2ef-b6f6-4dbb-949f-defae3db2679'::uuid, '{""Date"": ...
                                                             ^
DETAIL:  Token ""NaN"" is invalid.
CONTEXT:  JSON data, line 1: ...-01-16"", ""2025-01-17"", ""2025-01-18""], ""GDD"": [NaN...
","  File ""/mnt/grape_backend/myenv/lib/python3.10/site-packages/apscheduler/executors/base.py"", line 125, in run_job
    retval = job.func(*job.args, **job.kwargs)
  File ""/mnt/grape_backend/grape_backend/grape/./weather/views.py"", line 1711, in job3
    PhenData.objects.bulk_create(phen_update_list)
  File ""/mnt/grape_backend/myenv/lib/python3.10/site-packages/django/db/models/manager.py"", line 87, in manager_method
    return getattr(self.get_queryset(), name)(*args, **kwargs)
  File ""/mnt/grape_backend/myenv/lib/python3.10/site-packages/django/db/models/query.py"", line 803, in bulk_create
    returned_columns = self._batched_insert(
  File ""/mnt/grape_backend/myenv/lib/python3.10/site-packages/django/db/models/query.py"", line 1831, in _batched_insert
    self._insert(
  File ""/mnt/grape_backend/myenv/lib/python3.10/site-packages/django/db/models/query.py"", line 1805, in _insert
    return query.get_compiler(using=using).execute_sql(returning_fields)
  File ""/mnt/grape_backend/myenv/lib/python3.10/site-packages/django/db/models/sql/compiler.py"", line 1820, in execute_sql
    cursor.execute(sql, params)
  File ""/mnt/grape_backend/myenv/lib/python3.10/site-packages/django/db/backends/utils.py"", line 67, in execute
    return self._execute_with_wrappers(
  File ""/mnt/grape_backend/myenv/lib/python3.10/site-packages/django/db/backends/utils.py"", line 80, in _execute_with_wrappers
    return executor(sql, params, many, context)
  File ""/mnt/grape_backend/myenv/lib/python3.10/site-packages/django/db/backends/utils.py"", line 84, in _execute
    with self.db.wrap_database_errors:
  File ""/mnt/grape_backend/myenv/lib/python3.10/site-packages/django/db/utils.py"", line 91, in __exit__
    raise dj_exc_value.with_traceback(traceback) from exc_value
  File ""/mnt/grape_backend/myenv/lib/python3.10/site-packages/django/db/backends/utils.py"", line 89, in _execute
    return self.cursor.execute(sql, params)
",job3
1285,Executed,2025-06-20T22:00:00+00:00,1780.83,1750458580.83,,,job3
1286,Executed,2025-06-21T16:10:00+00:00,0.07,1750522200.07,,,job
1287,Executed,2025-06-21T22:00:00+00:00,1719.44,1750544919.44,,,job3
1288,Executed,2025-06-22T16:10:00+00:00,0.06,1750608600.06,,,job
1289,Executed,2025-06-22T22:00:00+00:00,721.73,1750630321.73,,,job3
1290,Executed,2025-06-23T16:10:00+00:00,0.07,1750695000.07,,,job
1291,Executed,2025-06-23T22:00:00+00:00,738.86,1750716738.86,,,job3
1292,Executed,2025-06-24T16:10:00+00:00,0.07,1750781400.07,,,job
1293,Executed,2025-06-24T22:00:00+00:00,741.93,1750803141.93,,,job3
1294,Executed,2025-06-25T16:10:00+00:00,0.07,1750867800.07,,,job
1295,Executed,2025-06-25T22:00:00+00:00,743.42,1750889543.42,,,job3
1296,Executed,2025-06-26T16:10:00+00:00,0.07,1750954200.07,,,job
1297,Executed,2025-06-26T22:00:00+00:00,726.13,1750975926.13,,,job3
1298,Executed,2025-06-27T16:10:00+00:00,0.07,1751040600.07,,,job
1299,Executed,2025-06-27T22:00:00+00:00,757.56,1751062357.56,,,job3
1300,Executed,2025-06-28T16:10:00+00:00,0.07,1751127000.07,,,job
1301,Executed,2025-06-28T22:00:00+00:00,723.6,1751148723.6,,,job3
1302,Executed,2025-06-29T16:10:00+00:00,0.07,1751213400.07,,,job
1303,Executed,2025-06-29T22:00:00+00:00,740.05,1751235140.05,,,job3
1304,Executed,2025-06-30T16:10:00+00:00,0.07,1751299800.07,,,job
1305,Executed,2025-06-30T22:00:00+00:00,1829.88,1751322629.88,,,job3
1306,Executed,2025-07-01T16:10:00+00:00,0.07,1751386200.07,,,job
1307,Executed,2025-07-01T22:00:00+00:00,740.6,1751407940.6,,,job3
1308,Executed,2025-07-02T16:10:00+00:00,0.06,1751472600.06,,,job
1309,Executed,2025-07-02T22:00:00+00:00,743.26,1751494343.26,,,job3
1310,Executed,2025-07-03T16:10:00+00:00,0.06,1751559000.06,,,job
1311,Executed,2025-07-03T22:00:00+00:00,1736.16,1751581736.16,,,job3
1312,Executed,2025-07-04T16:10:00+00:00,0.06,1751645400.06,,,job
1313,Executed,2025-07-04T22:00:00+00:00,763.55,1751667163.55,,,job3
1314,Executed,2025-07-05T16:10:00+00:00,0.06,1751731800.06,,,job
1315,Executed,2025-07-05T22:00:00+00:00,764.05,1751753564.05,,,job3
1316,Executed,2025-07-06T16:10:00+00:00,0.06,1751818200.06,,,job
1317,Executed,2025-07-06T22:00:00+00:00,1681.88,1751840881.88,,,job3
1318,Executed,2025-07-07T16:10:00+00:00,0.06,1751904600.06,,,job
1319,Executed,2025-07-07T22:00:00+00:00,759.59,1751926359.59,,,job3
1320,Executed,2025-07-08T16:10:00+00:00,0.06,1751991000.06,,,job
1321,Executed,2025-07-08T22:00:00+00:00,763.46,1752012763.46,,,job3
1322,Executed,2025-07-09T16:10:00+00:00,0.07,1752077400.07,,,job
1323,Executed,2025-07-09T22:00:00+00:00,759.21,1752099159.21,,,job3
1324,Executed,2025-07-10T16:10:00+00:00,0.06,1752163800.06,,,job
1325,Executed,2025-07-10T22:00:00+00:00,1868.05,1752186668.05,,,job3
1326,Executed,2025-07-11T16:10:00+00:00,0.06,1752250200.06,,,job
1327,Executed,2025-07-11T22:00:00+00:00,779.9,1752271979.9,,,job3
1328,Executed,2025-07-12T16:10:00+00:00,0.06,1752336600.06,,,job
1329,Executed,2025-07-12T22:00:00+00:00,1921.43,1752359521.43,,,job3
1330,Executed,2025-07-13T16:10:00+00:00,0.07,1752423000.07,,,job
1331,Executed,2025-07-13T22:00:00+00:00,1844.96,1752445844.96,,,job3
1332,Executed,2025-07-14T16:10:00+00:00,0.06,1752509400.06,,,job
1333,Executed,2025-07-14T22:00:00+00:00,758.09,1752531158.09,,,job3
1334,Executed,2025-07-15T16:10:00+00:00,0.06,1752595800.06,,,job
1335,Executed,2025-07-15T22:00:00+00:00,1848.82,1752618648.82,,,job3
942,Executed,2024-12-30T16:10:00+00:00,0.04,1735575000.04,,,job
179,Executed,2023-12-14T16:10:00+00:00,1.23,1702570201.23,,,job
1336,Executed,2025-07-16T16:10:00+00:00,0.06,1752682200.06,,,job
181,Executed,2023-12-15T16:10:00+00:00,1.31,1702656601.31,,,job
1337,Executed,2025-07-16T22:00:00+00:00,755.4,1752703955.4,,,job3
183,Executed,2023-12-16T16:10:00+00:00,1.21,1702743001.21,,,job
1338,Executed,2025-07-17T16:10:00+00:00,0.07,1752768600.07,,,job
185,Executed,2023-12-17T16:10:00+00:00,1.42,1702829401.42,,,job
1339,Executed,2025-07-17T22:00:00+00:00,2869.86,1752792469.86,,,job3
187,Executed,2023-12-18T16:10:00+00:00,1.2,1702915801.2,,,job
1340,Executed,2025-07-18T16:10:00+00:00,0.06,1752855000.06,,,job
189,Executed,2023-12-19T16:10:00+00:00,1.15,1703002201.15,,,job
1341,Executed,2025-07-18T22:00:00+00:00,1846.75,1752877846.75,,,job3
191,Executed,2023-12-20T16:10:00+00:00,1.28,1703088601.28,,,job
1342,Executed,2025-07-19T16:10:00+00:00,0.06,1752941400.06,,,job
193,Executed,2023-12-21T16:10:00+00:00,1.35,1703175001.35,,,job
1343,Executed,2025-07-19T22:00:00+00:00,17450.61,1752979850.61,,,job3
195,Executed,2023-12-22T16:10:00+00:00,1.52,1703261401.52,,,job
1344,Executed,2025-07-20T16:10:00+00:00,0.5,1753027800.5,,,job
197,Executed,2023-12-23T16:10:00+00:00,1.18,1703347801.18,,,job
1345,Executed,2025-07-20T22:00:00+00:00,756.79,1753049556.79,,,job3
199,Executed,2023-12-24T16:10:00+00:00,1.18,1703434201.18,,,job
1346,Executed,2025-07-21T16:10:00+00:00,0.69,1753114200.69,,,job
201,Executed,2023-12-25T16:10:00+00:00,0.97,1703520600.97,,,job
1347,Executed,2025-07-21T22:00:00+00:00,1769.79,1753136969.79,,,job3
203,Executed,2023-12-26T16:10:00+00:00,1.12,1703607001.12,,,job
1348,Executed,2025-07-22T16:10:00+00:00,0.49,1753200600.49,,,job
205,Executed,2023-12-27T16:10:00+00:00,1.08,1703693401.08,,,job
1349,Executed,2025-07-22T22:00:00+00:00,833.73,1753222433.73,,,job3
207,Executed,2023-12-28T16:10:00+00:00,1.37,1703779801.37,,,job
1350,Executed,2025-07-23T16:10:00+00:00,0.45,1753287000.45,,,job
1351,Executed,2025-07-23T22:00:00+00:00,753.25,1753308753.25,,,job3
1352,Executed,2025-07-24T16:10:00+00:00,0.69,1753373400.69,,,job
1353,Executed,2025-07-24T22:00:00+00:00,750.26,1753395150.26,,,job3
1354,Executed,2025-07-25T16:10:00+00:00,0.42,1753459800.42,,,job
1355,Executed,2025-07-25T22:00:00+00:00,771.33,1753481571.33,,,job3
1356,Executed,2025-07-26T16:10:00+00:00,0.46,1753546200.46,,,job
1357,Executed,2025-07-26T22:00:00+00:00,825.01,1753568025.01,,,job3
1358,Executed,2025-07-27T16:10:00+00:00,0.59,1753632600.59,,,job
1359,Executed,2025-07-27T22:00:00+00:00,756.54,1753654356.54,,,job3
1360,Executed,2025-07-28T16:10:00+00:00,0.45,1753719000.45,,,job
1361,Executed,2025-07-28T22:00:00+00:00,815.8,1753740815.8,,,job3
1616,Executed,2025-12-03T16:10:00+00:00,240.81,1764778440.81,,,job
1617,Executed,2025-12-03T22:00:00+00:00,2818.98,1764802018.98,,,job3
1618,Executed,2025-12-04T16:10:00+00:00,0.06,1764864600.06,,,job
1619,Executed,2025-12-04T22:00:00+00:00,6034.11,1764891634.11,,,job3
1620,Executed,2025-12-05T16:10:00+00:00,0.06,1764951000.06,,,job
1621,Executed,2025-12-05T22:00:00+00:00,3931.89,1764975931.89,,,job3
1622,Executed,2025-12-06T16:10:00+00:00,0.06,1765037400.06,,,job
1623,Executed,2025-12-06T22:00:00+00:00,2859.34,1765061259.34,,,job3
1624,Executed,2025-12-07T16:10:00+00:00,0.06,1765123800.06,,,job
1625,Executed,2025-12-07T22:00:00+00:00,2893.47,1765147693.47,,,job3
1626,Executed,2025-12-08T16:10:00+00:00,0.06,1765210200.06,,,job
1627,Error!,2025-12-08T22:00:00+00:00,10119.84,1765241319.84,"server closed the connection unexpectedly
	This probably means the server terminated abnormally
	before or while processing the request.
","  File ""/mnt/grape_backend/grapeenv/lib/python3.10/site-packages/apscheduler/executors/base.py"", line 125, in run_job
    retval = job.func(*job.args, **job.kwargs)
  File ""/mnt/grape_backend/grape_backend/grape/./weather/views.py"", line 1713, in job3
    RB.objects.bulk_create(rb_updata_list)
  File ""/mnt/grape_backend/grapeenv/lib/python3.10/site-packages/django/db/models/manager.py"", line 87, in manager_method
    return getattr(self.get_queryset(), name)(*args, **kwargs)
  File ""/mnt/grape_backend/grapeenv/lib/python3.10/site-packages/django/db/models/query.py"", line 803, in bulk_create
    returned_columns = self._batched_insert(
  File ""/mnt/grape_backend/grapeenv/lib/python3.10/site-packages/django/db/models/query.py"", line 1831, in _batched_insert
    self._insert(
  File ""/mnt/grape_backend/grapeenv/lib/python3.10/site-packages/django/db/models/query.py"", line 1805, in _insert
    return query.get_compiler(using=using).execute_sql(returning_fields)
  File ""/mnt/grape_backend/grapeenv/lib/python3.10/site-packages/django/db/models/sql/compiler.py"", line 1820, in execute_sql
    cursor.execute(sql, params)
  File ""/mnt/grape_backend/grapeenv/lib/python3.10/site-packages/django/db/backends/utils.py"", line 102, in execute
    return super().execute(sql, params)
  File ""/mnt/grape_backend/grapeenv/lib/python3.10/site-packages/django/db/backends/utils.py"", line 67, in execute
    return self._execute_with_wrappers(
  File ""/mnt/grape_backend/grapeenv/lib/python3.10/site-packages/django/db/backends/utils.py"", line 80, in _execute_with_wrappers
    return executor(sql, params, many, context)
  File ""/mnt/grape_backend/grapeenv/lib/python3.10/site-packages/django/db/backends/utils.py"", line 84, in _execute
    with self.db.wrap_database_errors:
  File ""/mnt/grape_backend/grapeenv/lib/python3.10/site-packages/django/db/utils.py"", line 91, in __exit__
    raise dj_exc_value.with_traceback(traceback) from exc_value
  File ""/mnt/grape_backend/grapeenv/lib/python3.10/site-packages/django/db/backends/utils.py"", line 89, in _execute
    return self.cursor.execute(sql, params)
",job3
1628,Executed,2025-12-09T16:10:00+00:00,0.06,1765296600.06,,,job
1629,Error!,2025-12-09T22:00:00+00:00,11275.99,1765328875.99,"server closed the connection unexpectedly
	This probably means the server terminated abnormally
	before or while processing the request.
","  File ""/mnt/grape_backend/grapeenv/lib/python3.10/site-packages/apscheduler/executors/base.py"", line 125, in run_job
    retval = job.func(*job.args, **job.kwargs)
  File ""/mnt/grape_backend/grape_backend/grape/./weather/views.py"", line 1713, in job3
    RB.objects.bulk_create(rb_updata_list)
  File ""/mnt/grape_backend/grapeenv/lib/python3.10/site-packages/django/db/models/manager.py"", line 87, in manager_method
    return getattr(self.get_queryset(), name)(*args, **kwargs)
  File ""/mnt/grape_backend/grapeenv/lib/python3.10/site-packages/django/db/models/query.py"", line 803, in bulk_create
    returned_columns = self._batched_insert(
  File ""/mnt/grape_backend/grapeenv/lib/python3.10/site-packages/django/db/models/query.py"", line 1831, in _batched_insert
    self._insert(
  File ""/mnt/grape_backend/grapeenv/lib/python3.10/site-packages/django/db/models/query.py"", line 1805, in _insert
    return query.get_compiler(using=using).execute_sql(returning_fields)
  File ""/mnt/grape_backend/grapeenv/lib/python3.10/site-packages/django/db/models/sql/compiler.py"", line 1820, in execute_sql
    cursor.execute(sql, params)
  File ""/mnt/grape_backend/grapeenv/lib/python3.10/site-packages/django/db/backends/utils.py"", line 102, in execute
    return super().execute(sql, params)
  File ""/mnt/grape_backend/grapeenv/lib/python3.10/site-packages/django/db/backends/utils.py"", line 67, in execute
    return self._execute_with_wrappers(
  File ""/mnt/grape_backend/grapeenv/lib/python3.10/site-packages/django/db/backends/utils.py"", line 80, in _execute_with_wrappers
    return executor(sql, params, many, context)
  File ""/mnt/grape_backend/grapeenv/lib/python3.10/site-packages/django/db/backends/utils.py"", line 84, in _execute
    with self.db.wrap_database_errors:
  File ""/mnt/grape_backend/grapeenv/lib/python3.10/site-packages/django/db/utils.py"", line 91, in __exit__
    raise dj_exc_value.with_traceback(traceback) from exc_value
  File ""/mnt/grape_backend/grapeenv/lib/python3.10/site-packages/django/db/backends/utils.py"", line 89, in _execute
    return self.cursor.execute(sql, params)
",job3
1728,Executed,2026-02-15T16:10:00+00:00,0.1,1771171800.1,,,job
1729,Executed,2026-02-15T22:00:00+00:00,1744.24,1771194544.24,,,job3
1730,Executed,2026-02-16T16:10:00+00:00,0.1,1771258200.1,,,job
1731,Executed,2026-02-16T22:00:00+00:00,710.95,1771279910.95,,,job3
1732,Executed,2026-02-17T16:10:00+00:00,0.09,1771344600.09,,,job
1733,Executed,2026-02-17T22:00:00+00:00,721.15,1771366321.15,,,job3
1734,Executed,2026-02-18T16:10:00+00:00,0.1,1771431000.1,,,job
1735,Executed,2026-02-18T22:00:00+00:00,4941.86,1771456941.86,,,job3
1736,Executed,2026-02-19T16:10:00+00:00,0.1,1771517400.1,,,job
1737,Executed,2026-02-19T22:00:00+00:00,2855.86,1771541255.86,,,job3
950,Executed,2025-01-03T16:10:00+00:00,0.04,1735920600.04,,,job
209,Executed,2023-12-29T16:10:00+00:00,0.04,1703866200.04,,,job
951,Executed,2025-01-03T22:00:00+00:00,240.46,1735941840.46,,,job3
211,Executed,2023-12-30T16:10:00+00:00,0.04,1703952600.04,,,job
952,Executed,2025-01-04T16:10:00+00:00,0.05,1736007000.05,,,job
213,Executed,2023-12-31T16:10:00+00:00,0.05,1704039000.05,,,job
953,Executed,2025-01-04T22:00:00+00:00,1438.61,1736029438.61,,,job3
215,Executed,2024-01-01T16:10:00+00:00,0.04,1704125400.04,,,job
954,Executed,2025-01-05T16:10:00+00:00,0.04,1736093400.04,,,job
217,Executed,2024-01-02T16:10:00+00:00,0.74,1704211800.74,,,job
955,Executed,2025-01-05T22:00:00+00:00,235.87,1736114635.87,,,job3
219,Executed,2024-01-03T16:10:00+00:00,0.8,1704298200.8,,,job
1362,Executed,2025-07-29T16:10:00+00:00,0.97,1753805400.97,,,job
221,Executed,2024-01-04T07:06:30+00:00,55.28,1704352045.28,,,job3
222,Executed,2024-01-04T16:10:00+00:00,1.1,1704384601.1,,,job
1363,Executed,2025-07-29T22:00:00+00:00,1097.57,1753827497.57,,,job3
1364,Executed,2025-07-30T16:10:00+00:00,0.91,1753891800.91,,,job
1365,Executed,2025-07-30T22:00:00+00:00,2241.93,1753915041.93,,,job3
226,Executed,2024-01-06T16:10:00+00:00,0.63,1704557400.63,,,job
1366,Executed,2025-07-31T16:10:00+00:00,0.81,1753978200.81,,,job
228,Executed,2024-01-07T16:10:00+00:00,0.97,1704643800.97,,,job
1367,Executed,2025-07-31T22:00:00+00:00,1092.99,1754000292.99,,,job3
230,Executed,2024-01-08T16:10:00+00:00,1.06,1704730201.06,,,job
1368,Executed,2025-08-01T16:10:00+00:00,0.95,1754064600.95,,,job
232,Executed,2024-01-09T05:39:30+00:00,124.79,1704778894.79,,,job3
233,Executed,2024-01-09T05:41:30+00:00,129.56,1704779019.56,,,job3
234,Executed,2024-01-09T16:10:00+00:00,0.8,1704816600.8,,,job
315,Executed,2024-02-18T03:14:30+00:00,230.14,1708226300.14,,,job3
316,Executed,2024-02-18T16:10:00+00:00,1.41,1708272601.41,,,job
1448,Executed,2025-09-10T16:10:00+00:00,0.09,1757520600.09,,,job
1449,Executed,2025-09-10T22:00:00+00:00,1576.35,1757543176.35,,,job3
1450,Executed,2025-09-11T16:10:00+00:00,0.1,1757607000.1,,,job
1451,Executed,2025-09-11T22:00:00+00:00,2640.56,1757630640.56,,,job3
1452,Executed,2025-09-12T16:10:00+00:00,0.12,1757693400.12,,,job
1453,Executed,2025-09-12T22:00:00+00:00,2699.3,1757717099.3,,,job3
1454,Executed,2025-09-13T16:10:00+00:00,0.11,1757779800.11,,,job
1455,Executed,2025-09-13T22:00:00+00:00,1602.63,1757802402.63,,,job3
1456,Executed,2025-09-14T16:10:00+00:00,0.1,1757866200.1,,,job
1630,Executed,2025-12-10T16:10:00+00:00,0.1,1765383000.1,,,job
1631,Started execution,2025-12-10T22:00:00+00:00,,,,,job3
1632,Executed,2025-12-29T16:10:00+00:00,0.08,1767024600.08,,,job
1633,Executed,2025-12-29T22:00:00+00:00,3647.75,1767049247.75,,,job3
1634,Executed,2025-12-30T16:10:00+00:00,0.07,1767111000.07,,,job
1635,Executed,2025-12-30T22:00:00+00:00,2572.08,1767134572.08,,,job3
1636,Executed,2025-12-31T16:10:00+00:00,0.06,1767197400.06,,,job
1637,Executed,2025-12-31T22:00:00+00:00,1419.7,1767219819.7,,,job3
1638,Executed,2026-01-01T16:10:00+00:00,0.06,1767283800.06,,,job
1639,Executed,2026-01-01T22:00:00+00:00,1488.52,1767306288.52,,,job3
1640,Executed,2026-01-02T16:10:00+00:00,0.07,1767370200.07,,,job
1641,Executed,2026-01-02T22:00:00+00:00,2601.76,1767393801.76,,,job3
1642,Executed,2026-01-03T16:10:00+00:00,0.09,1767456600.09,,,job
1643,Executed,2026-01-03T22:00:00+00:00,2618.18,1767480218.18,,,job3
1644,Executed,2026-01-04T16:10:00+00:00,0.08,1767543000.08,,,job
1645,Executed,2026-01-04T22:00:00+00:00,2627.56,1767566627.56,,,job3
1646,Executed,2026-01-05T16:10:00+00:00,0.08,1767629400.08,,,job
1647,Executed,2026-01-05T22:00:00+00:00,3717.96,1767654117.96,,,job3
1648,Executed,2026-01-06T16:10:00+00:00,0.08,1767715800.08,,,job
1649,Executed,2026-01-06T22:00:00+00:00,469.05,1767737269.05,,,job3
1650,Executed,2026-01-07T16:10:00+00:00,0.09,1767802200.09,,,job
1651,Executed,2026-01-07T22:00:00+00:00,1424.79,1767824624.79,,,job3
1652,Executed,2026-01-08T16:10:00+00:00,0.09,1767888600.09,,,job
1653,Executed,2026-01-08T22:00:00+00:00,1564.39,1767911164.39,,,job3
1654,Executed,2026-01-09T16:10:00+00:00,0.08,1767975000.08,,,job
1655,Executed,2026-01-09T22:00:00+00:00,352.63,1767996352.63,,,job3
1656,Executed,2026-01-10T16:10:00+00:00,0.09,1768061400.09,,,job
1657,Executed,2026-01-10T22:00:00+00:00,1557.66,1768083957.66,,,job3
1658,Executed,2026-01-11T16:10:00+00:00,0.08,1768147800.08,,,job
1659,Executed,2026-01-11T22:00:00+00:00,4858.42,1768173658.42,,,job3
1660,Executed,2026-01-12T16:10:00+00:00,0.07,1768234200.07,,,job
1661,Executed,2026-01-12T22:00:00+00:00,3750.62,1768258950.62,,,job3
1662,Executed,2026-01-13T16:10:00+00:00,0.08,1768320600.08,,,job
1663,Executed,2026-01-13T22:00:00+00:00,1575.33,1768343175.33,,,job3
1664,Executed,2026-01-14T16:10:00+00:00,0.08,1768407000.08,,,job
1665,Executed,2026-01-14T22:00:00+00:00,1520.76,1768429520.76,,,job3
1666,Executed,2026-01-15T16:10:00+00:00,0.07,1768493400.07,,,job
1667,Executed,2026-01-15T22:00:00+00:00,1419.02,1768515819.02,,,job3
1668,Executed,2026-01-16T16:10:00+00:00,0.1,1768579800.1,,,job
1669,Executed,2026-01-16T22:00:00+00:00,1580.06,1768602380.06,,,job3
1670,Executed,2026-01-17T16:10:00+00:00,0.09,1768666200.09,,,job
1671,Executed,2026-01-17T22:00:00+00:00,1426.58,1768688626.58,,,job3
1672,Executed,2026-01-18T16:10:00+00:00,0.08,1768752600.08,,,job
1673,Executed,2026-01-18T22:00:00+00:00,527.51,1768774127.51,,,job3
1674,Executed,2026-01-19T16:10:00+00:00,0.06,1768839000.06,,,job
1675,Executed,2026-01-19T22:00:00+00:00,1584.0,1768861584.0,,,job3
236,Executed,2024-01-10T03:14:30+00:00,132.36,1704856602.36,,,job3
237,Executed,2024-01-10T16:10:00+00:00,0.72,1704903000.72,,,job
238,Executed,2024-01-11T03:14:30+00:00,95.33,1704942965.33,,,job3
239,Executed,2024-01-11T16:10:00+00:00,2.45,1704989402.45,,,job
240,Executed,2024-01-12T03:14:30+00:00,178.72,1705029448.72,,,job3
241,Executed,2024-01-12T16:10:00+00:00,5.26,1705075805.26,,,job
242,Executed,2024-01-13T03:14:30+00:00,202.65,1705115872.65,,,job3
243,Executed,2024-01-13T16:10:00+00:00,6.85,1705162206.85,,,job
956,Executed,2025-01-06T16:10:00+00:00,0.05,1736179800.05,,,job
245,Executed,2024-01-14T02:45:30+00:00,491.84,1705200821.84,,,job3
246,Executed,2024-01-14T16:10:00+00:00,6.73,1705248606.73,,,job
247,Executed,2024-01-15T03:14:30+00:00,432.09,1705288902.09,,,job3
248,Executed,2024-01-15T16:10:00+00:00,7.62,1705335007.62,,,job
249,Executed,2024-01-16T03:14:30+00:00,215.61,1705375085.61,,,job3
250,Executed,2024-01-16T16:10:00+00:00,7.08,1705421407.08,,,job
251,Executed,2024-01-17T03:14:30+00:00,377.82,1705461647.82,,,job3
252,Executed,2024-01-17T16:10:00+00:00,6.91,1705507806.91,,,job
253,Executed,2024-01-18T03:14:30+00:00,262.31,1705547932.31,,,job3
254,Executed,2024-01-18T16:10:00+00:00,7.17,1705594207.17,,,job
255,Executed,2024-01-19T03:14:30+00:00,268.3,1705634338.3,,,job3
256,Executed,2024-01-19T16:10:00+00:00,7.08,1705680607.08,,,job
257,Executed,2024-01-20T03:14:30+00:00,567.55,1705721037.55,,,job3
258,Executed,2024-01-20T16:10:00+00:00,7.15,1705767007.15,,,job
259,Executed,2024-01-21T03:14:30+00:00,235.57,1705807105.57,,,job3
260,Executed,2024-01-21T16:10:00+00:00,7.17,1705853407.17,,,job
261,Executed,2024-01-22T03:14:30+00:00,261.65,1705893531.65,,,job3
262,Executed,2024-01-22T16:10:00+00:00,6.69,1705939806.69,,,job
263,Executed,2024-01-23T03:14:30+00:00,266.59,1705979936.59,,,job3
264,Executed,2024-01-23T16:10:00+00:00,7.63,1706026207.63,,,job
265,Executed,2024-01-24T03:14:30+00:00,656.81,1706066726.81,,,job3
266,Executed,2024-01-24T16:10:00+00:00,7.18,1706112607.18,,,job
267,Executed,2024-01-25T03:14:30+00:00,320.58,1706152790.58,,,job3
268,Executed,2024-01-25T16:10:00+00:00,6.51,1706199006.51,,,job
269,Executed,2024-01-26T03:14:30+00:00,413.4,1706239283.4,,,job3
270,Executed,2024-01-26T16:10:00+00:00,7.26,1706285407.26,,,job
271,Executed,2024-01-27T03:14:30+00:00,278.86,1706325548.86,,,job3
272,Executed,2024-01-27T16:10:00+00:00,6.58,1706371806.58,,,job
273,Executed,2024-01-28T03:14:30+00:00,263.98,1706411933.98,,,job3
274,Executed,2024-01-28T16:10:00+00:00,7.91,1706458207.91,,,job
275,Executed,2024-01-29T03:14:30+00:00,304.08,1706498374.08,,,job3
276,Executed,2024-01-29T16:10:00+00:00,6.55,1706544606.55,,,job
277,Executed,2024-01-30T03:14:30+00:00,405.59,1706584875.59,,,job3
278,Executed,2024-01-30T16:10:00+00:00,7.11,1706631007.11,,,job
279,Executed,2024-01-31T03:14:30+00:00,272.39,1706671142.39,,,job3
280,Executed,2024-01-31T16:10:00+00:00,7.95,1706717407.95,,,job
281,Executed,2024-02-01T03:14:30+00:00,275.97,1706757545.97,,,job3
282,Executed,2024-02-01T16:10:00+00:00,6.36,1706803806.36,,,job
283,Executed,2024-02-02T03:14:30+00:00,275.17,1706843945.17,,,job3
284,Executed,2024-02-02T16:10:00+00:00,6.9,1706890206.9,,,job
285,Executed,2024-02-03T03:14:30+00:00,271.73,1706930341.73,,,job3
286,Executed,2024-02-03T16:10:00+00:00,6.41,1706976606.41,,,job
287,Executed,2024-02-04T03:14:30+00:00,272.84,1707016742.84,,,job3
288,Executed,2024-02-04T16:10:00+00:00,7.98,1707063007.98,,,job
289,Executed,2024-02-05T03:14:30+00:00,270.8,1707103140.8,,,job3
290,Executed,2024-02-05T16:10:00+00:00,6.66,1707149406.66,,,job
291,Executed,2024-02-06T03:14:30+00:00,279.44,1707189549.44,,,job3
292,Executed,2024-02-06T16:10:00+00:00,6.46,1707235806.46,,,job
293,Executed,2024-02-07T03:14:30+00:00,278.73,1707275948.73,,,job3
294,Executed,2024-02-07T16:10:00+00:00,6.53,1707322206.53,,,job
295,Executed,2024-02-08T03:14:30+00:00,289.06,1707362359.06,,,job3
296,Executed,2024-02-08T16:10:00+00:00,6.49,1707408606.49,,,job
297,Executed,2024-02-09T03:14:30+00:00,295.78,1707448765.78,,,job3
298,Executed,2024-02-09T16:10:00+00:00,9.89,1707495009.89,,,job
299,Executed,2024-02-10T03:14:30+00:00,298.46,1707535168.46,,,job3
300,Executed,2024-02-10T16:10:00+00:00,6.76,1707581406.76,,,job
301,Executed,2024-02-11T03:14:30+00:00,271.4,1707621541.4,,,job3
302,Executed,2024-02-11T16:10:00+00:00,5.43,1707667805.43,,,job
303,Executed,2024-02-12T03:14:30+00:00,228.27,1707707898.27,,,job3
304,Executed,2024-02-12T16:10:00+00:00,2.08,1707754202.08,,,job
305,Executed,2024-02-13T03:14:30+00:00,211.72,1707794281.72,,,job3
306,Executed,2024-02-13T16:10:00+00:00,0.07,1707840600.07,,,job
307,Executed,2024-02-14T03:14:30+00:00,209.76,1707880679.76,,,job3
308,Executed,2024-02-14T16:10:00+00:00,0.07,1707927000.07,,,job
309,Executed,2024-02-15T03:14:30+00:00,223.0,1707967093.0,,,job3
310,Executed,2024-02-15T16:10:00+00:00,0.07,1708013400.07,,,job
311,Executed,2024-02-16T03:14:30+00:00,241.2,1708053511.2,,,job3
312,Executed,2024-02-16T16:10:00+00:00,0.07,1708099800.07,,,job
313,Executed,2024-02-17T03:14:30+00:00,235.35,1708139905.35,,,job3
314,Executed,2024-02-17T16:10:00+00:00,0.06,1708186200.06,,,job
957,Executed,2025-01-06T22:00:00+00:00,214.63,1736201014.63,,,job3
958,Executed,2025-01-07T16:10:00+00:00,0.05,1736266200.05,,,job
959,Executed,2025-01-07T22:00:00+00:00,239.06,1736287439.06,,,job3
960,Executed,2025-01-08T16:10:00+00:00,0.05,1736352600.05,,,job
961,Executed,2025-01-08T22:00:00+00:00,231.73,1736373831.73,,,job3
317,Executed,2024-02-19T03:14:30+00:00,244.19,1708312714.19,,,job3
318,Executed,2024-02-19T16:10:00+00:00,0.06,1708359000.06,,,job
319,Executed,2024-02-20T03:14:30+00:00,230.71,1708399100.71,,,job3
320,Executed,2024-02-20T16:10:00+00:00,0.07,1708445400.07,,,job
321,Executed,2024-02-21T03:14:30+00:00,232.93,1708485502.93,,,job3
322,Executed,2024-02-21T16:10:00+00:00,0.06,1708531800.06,,,job
323,Executed,2024-02-22T03:14:30+00:00,236.14,1708571906.14,,,job3
324,Executed,2024-02-22T16:10:00+00:00,0.06,1708618200.06,,,job
325,Executed,2024-02-23T03:14:30+00:00,242.58,1708658312.58,,,job3
326,Executed,2024-02-23T16:10:00+00:00,0.1,1708704600.1,,,job
327,Executed,2024-02-24T03:14:30+00:00,247.64,1708744717.64,,,job3
328,Executed,2024-02-24T16:10:00+00:00,0.06,1708791000.06,,,job
329,Executed,2024-02-25T03:14:30+00:00,253.98,1708831123.98,,,job3
330,Executed,2024-02-25T16:10:00+00:00,0.07,1708877400.07,,,job
331,Executed,2024-02-26T03:14:30+00:00,255.66,1708917525.66,,,job3
332,Executed,2024-02-26T16:10:00+00:00,0.07,1708963800.07,,,job
333,Executed,2024-02-27T03:14:30+00:00,247.38,1709003917.38,,,job3
334,Executed,2024-02-27T16:10:00+00:00,0.1,1709050200.1,,,job
335,Executed,2024-02-28T02:45:30+00:00,237.72,1709088567.72,,,job3
336,Executed,2024-02-28T16:10:00+00:00,0.1,1709136600.1,,,job
337,Executed,2024-02-29T02:45:30+00:00,240.85,1709174970.85,,,job3
338,Executed,2024-02-29T16:10:00+00:00,0.06,1709223000.06,,,job
339,Executed,2024-03-01T02:45:30+00:00,242.55,1709261372.55,,,job3
340,Executed,2024-03-01T16:10:00+00:00,0.07,1709309400.07,,,job
341,Executed,2024-03-02T02:45:30+00:00,249.02,1709347779.02,,,job3
342,Executed,2024-03-02T16:10:00+00:00,0.06,1709395800.06,,,job
343,Executed,2024-03-03T02:45:30+00:00,245.9,1709434175.9,,,job3
344,Executed,2024-03-03T16:10:00+00:00,0.1,1709482200.1,,,job
345,Executed,2024-03-04T02:45:30+00:00,245.01,1709520575.01,,,job3
346,Executed,2024-03-04T16:10:00+00:00,0.06,1709568600.06,,,job
347,Executed,2024-03-05T02:45:30+00:00,247.14,1709606977.14,,,job3
348,Executed,2024-03-05T16:10:00+00:00,0.07,1709655000.07,,,job
349,Executed,2024-03-06T02:45:30+00:00,251.77,1709693381.77,,,job3
350,Executed,2024-03-06T16:10:00+00:00,0.07,1709741400.07,,,job
351,Executed,2024-03-07T02:45:30+00:00,251.82,1709779781.82,,,job3
352,Executed,2024-03-07T16:10:00+00:00,0.07,1709827800.07,,,job
353,Executed,2024-03-08T02:45:30+00:00,255.81,1709866185.81,,,job3
354,Executed,2024-03-08T16:10:00+00:00,0.07,1709914200.07,,,job
355,Executed,2024-03-09T02:45:30+00:00,255.73,1709952585.73,,,job3
356,Executed,2024-03-09T16:10:00+00:00,0.07,1710000600.07,,,job
357,Executed,2024-03-10T02:45:30+00:00,264.41,1710038994.41,,,job3
358,Executed,2024-03-10T16:10:00+00:00,0.07,1710087000.07,,,job
359,Executed,2024-03-11T02:45:30+00:00,280.06,1710125410.06,,,job3
360,Executed,2024-03-11T16:10:00+00:00,0.07,1710173400.07,,,job
361,Executed,2024-03-12T02:45:30+00:00,277.44,1710211807.44,,,job3
362,Executed,2024-03-12T16:10:00+00:00,0.11,1710259800.11,,,job
363,Executed,2024-03-13T02:45:30+00:00,281.0,1710298211.0,,,job3
364,Executed,2024-03-13T16:10:00+00:00,0.06,1710346200.06,,,job
365,Executed,2024-03-14T02:45:30+00:00,277.81,1710384607.81,,,job3
366,Executed,2024-03-14T16:10:00+00:00,0.07,1710432600.07,,,job
367,Executed,2024-03-15T02:45:30+00:00,278.61,1710471008.61,,,job3
368,Executed,2024-03-15T16:10:00+00:00,0.06,1710519000.06,,,job
369,Executed,2024-03-16T02:45:30+00:00,275.13,1710557405.13,,,job3
370,Executed,2024-03-16T16:10:00+00:00,0.06,1710605400.06,,,job
962,Executed,2025-01-09T16:10:00+00:00,0.33,1736439000.33,,,job
372,Executed,2024-03-17T16:10:00+00:00,0.06,1710691800.06,,,job
373,Executed,2024-03-18T02:45:30+00:00,278.9,1710730208.9,,,job3
374,Executed,2024-03-18T16:10:00+00:00,0.06,1710778200.06,,,job
963,Executed,2025-01-09T22:00:00+00:00,221.55,1736460221.55,,,job3
376,Executed,2024-03-19T16:10:00+00:00,0.05,1710864600.05,,,job
965,Executed,2025-01-10T22:00:00+00:00,249.59,1736546649.59,,,job3
378,Executed,2024-03-20T16:10:00+00:00,0.05,1710951000.05,,,job
966,Executed,2025-01-11T16:10:00+00:00,0.05,1736611800.05,,,job
384,Executed,2024-03-23T16:10:00+00:00,0.06,1711210200.06,,,job
967,Executed,2025-01-11T22:00:00+00:00,236.53,1736633036.53,,,job3
386,Executed,2024-03-24T16:10:00+00:00,0.06,1711296600.06,,,job
388,Executed,2024-03-25T16:10:00+00:00,0.06,1711383000.06,,,job
968,Executed,2025-01-12T16:10:00+00:00,0.05,1736698200.05,,,job
392,Executed,2024-03-27T16:10:00+00:00,0.48,1711555800.48,,,job
969,Executed,2025-01-12T22:00:00+00:00,210.58,1736719410.58,,,job3
970,Executed,2025-01-13T16:10:00+00:00,0.05,1736784600.05,,,job
971,Executed,2025-01-13T22:00:00+00:00,209.01,1736805809.01,,,job3
972,Executed,2025-01-14T16:10:00+00:00,0.05,1736871000.05,,,job
973,Executed,2025-01-14T22:00:00+00:00,209.05,1736892209.05,,,job3
974,Executed,2025-01-15T16:10:00+00:00,0.05,1736957400.05,,,job
975,Executed,2025-01-15T22:00:00+00:00,218.46,1736978618.46,,,job3
976,Executed,2025-01-16T16:10:00+00:00,0.05,1737043800.05,,,job
977,Executed,2025-01-16T22:00:00+00:00,212.38,1737065012.38,,,job3
978,Executed,2025-01-17T16:10:00+00:00,0.09,1737130200.09,,,job
979,Executed,2025-01-17T22:00:00+00:00,247.16,1737151447.16,,,job3
980,Executed,2025-01-18T16:10:00+00:00,0.05,1737216600.05,,,job
981,Executed,2025-01-18T22:00:00+00:00,259.06,1737237859.06,,,job3
982,Executed,2025-01-19T16:10:00+00:00,0.04,1737303000.04,,,job
983,Executed,2025-01-19T22:00:00+00:00,252.01,1737324252.01,,,job3
964,Executed,2025-01-10T16:10:00+00:00,0.04,1736525400.04,,,job
380,Executed,2024-03-21T16:10:00+00:00,0.05,1711037400.05,,,job
1012,Executed,2025-02-03T16:10:00+00:00,0.04,1738599000.04,,,job
382,Executed,2024-03-22T16:10:00+00:00,0.05,1711123800.05,,,job
1369,Executed,2025-08-01T22:00:00+00:00,1111.4,1754086711.4,,,job3
1370,Executed,2025-08-02T16:10:00+00:00,0.81,1754151000.81,,,job
390,Executed,2024-03-26T16:10:00+00:00,0.05,1711469400.05,,,job
1371,Executed,2025-08-02T22:00:00+00:00,1163.55,1754173163.55,,,job3
1372,Executed,2025-08-03T16:10:00+00:00,0.8,1754237400.8,,,job
1373,Executed,2025-08-03T22:00:00+00:00,4408.26,1754262808.26,,,job3
1374,Executed,2025-08-04T16:10:00+00:00,0.85,1754323800.85,,,job
1375,Executed,2025-08-04T22:00:00+00:00,1153.68,1754345953.68,,,job3
1376,Executed,2025-08-05T16:10:00+00:00,0.91,1754410200.91,,,job
1377,Executed,2025-08-05T22:00:00+00:00,3379.77,1754434579.77,,,job3
1378,Executed,2025-08-06T16:10:00+00:00,0.81,1754496600.81,,,job
1379,Executed,2025-08-06T22:00:00+00:00,1165.52,1754518765.52,,,job3
1380,Executed,2025-08-07T16:10:00+00:00,0.84,1754583000.84,,,job
1381,Executed,2025-08-07T22:00:00+00:00,1173.04,1754605173.04,,,job3
1382,Executed,2025-08-08T16:10:00+00:00,0.75,1754669400.75,,,job
1383,Executed,2025-08-08T22:00:00+00:00,1192.6,1754691592.6,,,job3
1384,Executed,2025-08-09T16:10:00+00:00,0.94,1754755800.94,,,job
1385,Executed,2025-08-09T22:00:00+00:00,2344.89,1754779144.89,,,job3
1386,Executed,2025-08-10T16:10:00+00:00,0.86,1754842200.86,,,job
1387,Executed,2025-08-10T22:00:00+00:00,1207.65,1754864407.65,,,job3
1388,Executed,2025-08-11T16:10:00+00:00,0.91,1754928600.91,,,job
1389,Executed,2025-08-11T22:00:00+00:00,1799.57,1754951399.57,,,job3
1390,Executed,2025-08-12T16:10:00+00:00,0.94,1755015000.94,,,job
1391,Executed,2025-08-12T22:00:00+00:00,2330.76,1755038330.76,,,job3
1392,Executed,2025-08-13T16:10:00+00:00,2.21,1755101402.21,,,job
1393,Executed,2025-08-13T22:00:00+00:00,1493.5,1755123893.5,,,job3
1394,Executed,2025-08-14T16:10:00+00:00,0.91,1755187800.91,,,job
1395,Executed,2025-08-14T22:00:00+00:00,3791.85,1755212591.85,,,job3
1396,Executed,2025-08-15T16:10:00+00:00,1.25,1755274201.25,,,job
1397,Executed,2025-08-15T22:00:00+00:00,1257.78,1755296457.78,,,job3
1398,Executed,2025-08-16T16:10:00+00:00,0.94,1755360600.94,,,job
1399,Executed,2025-08-16T22:00:00+00:00,2400.82,1755384000.82,,,job3
1400,Executed,2025-08-17T16:10:00+00:00,2.14,1755447002.14,,,job
1401,Executed,2025-08-17T22:00:00+00:00,2881.38,1755470881.38,,,job3
1402,Executed,2025-08-18T16:10:00+00:00,1.13,1755533401.13,,,job
1403,Executed,2025-08-18T22:00:00+00:00,2336.74,1755556736.74,,,job3
1404,Executed,2025-08-19T16:10:00+00:00,0.93,1755619800.93,,,job
1405,Executed,2025-08-19T22:00:00+00:00,1296.08,1755642096.08,,,job3
1406,Executed,2025-08-20T16:10:00+00:00,0.59,1755706200.59,,,job
1407,Executed,2025-08-20T22:00:00+00:00,1310.75,1755728510.75,,,job3
1408,Executed,2025-08-21T16:10:00+00:00,0.67,1755792600.67,,,job
1409,Executed,2025-08-21T22:00:00+00:00,1309.05,1755814909.05,,,job3
1410,Executed,2025-08-22T16:10:00+00:00,0.64,1755879000.64,,,job
1411,Executed,2025-08-22T22:00:00+00:00,1338.72,1755901338.72,,,job3
1412,Executed,2025-08-23T16:10:00+00:00,0.74,1755965400.74,,,job
1413,Executed,2025-08-23T22:00:00+00:00,2478.03,1755988878.03,,,job3
1414,Executed,2025-08-24T16:10:00+00:00,0.45,1756051800.45,,,job
1415,Executed,2025-08-24T22:00:00+00:00,1349.35,1756074149.35,,,job3
1416,Executed,2025-08-25T16:10:00+00:00,0.5,1756138200.5,,,job
1417,Executed,2025-08-25T22:00:00+00:00,1362.1,1756160562.1,,,job3
1418,Executed,2025-08-26T16:10:00+00:00,0.55,1756224600.55,,,job
1419,Executed,2025-08-26T22:00:00+00:00,1441.96,1756247041.96,,,job3
1420,Executed,2025-08-27T16:10:00+00:00,0.64,1756311000.64,,,job
1421,Executed,2025-08-27T22:00:00+00:00,2521.12,1756334521.12,,,job3
1422,Executed,2025-08-28T16:10:00+00:00,0.52,1756397400.52,,,job
1423,Executed,2025-08-28T22:00:00+00:00,1395.36,1756419795.36,,,job3
1424,Executed,2025-08-29T16:10:00+00:00,0.58,1756483800.58,,,job
1425,Executed,2025-08-29T22:00:00+00:00,2496.44,1756507296.44,,,job3
1426,Executed,2025-08-30T16:10:00+00:00,0.08,1756570200.08,,,job
1427,Executed,2025-08-30T22:00:00+00:00,1407.53,1756592607.53,,,job3
1428,Executed,2025-08-31T16:10:00+00:00,0.08,1756656600.08,,,job
1429,Executed,2025-08-31T22:00:00+00:00,2453.15,1756680053.15,,,job3
1430,Executed,2025-09-01T16:10:00+00:00,0.09,1756743000.09,,,job
1431,Executed,2025-09-01T22:00:00+00:00,1479.96,1756765479.96,,,job3
1432,Executed,2025-09-02T16:10:00+00:00,0.09,1756829400.09,,,job
1433,Executed,2025-09-02T22:00:00+00:00,1519.55,1756851919.55,,,job3
1434,Executed,2025-09-03T16:10:00+00:00,0.09,1756915800.09,,,job
1435,Executed,2025-09-03T22:00:00+00:00,1495.46,1756938295.46,,,job3
1436,Executed,2025-09-04T16:10:00+00:00,0.09,1757002200.09,,,job
1437,Executed,2025-09-04T22:00:00+00:00,1508.96,1757024708.96,,,job3
1438,Executed,2025-09-05T16:10:00+00:00,0.11,1757088600.11,,,job
1439,Executed,2025-09-05T22:00:00+00:00,1515.14,1757111115.14,,,job3
1440,Executed,2025-09-06T16:10:00+00:00,0.1,1757175000.1,,,job
1441,Executed,2025-09-06T22:00:00+00:00,2552.24,1757198552.24,,,job3
1442,Executed,2025-09-07T16:10:00+00:00,0.17,1757261400.17,,,job
1443,Executed,2025-09-07T22:00:00+00:00,1551.58,1757283951.58,,,job3
1444,Executed,2025-09-08T16:10:00+00:00,0.11,1757347800.11,,,job
1445,Executed,2025-09-08T22:00:00+00:00,1600.72,1757370400.72,,,job3
1446,Executed,2025-09-09T16:10:00+00:00,0.09,1757434200.09,,,job
1447,Executed,2025-09-09T22:00:00+00:00,1563.77,1757456763.77,,,job3
984,Executed,2025-01-20T16:10:00+00:00,0.05,1737389400.05,,,job
394,Executed,2024-03-28T16:10:00+00:00,0.06,1711642200.06,,,job
985,Executed,2025-01-20T22:00:00+00:00,245.89,1737410645.89,,,job3
396,Executed,2024-03-29T16:10:00+00:00,0.06,1711728600.06,,,job
986,Executed,2025-01-21T16:10:00+00:00,0.05,1737475800.05,,,job
398,Executed,2024-03-30T16:10:00+00:00,0.06,1711815000.06,,,job
987,Executed,2025-01-21T22:00:00+00:00,265.78,1737497065.78,,,job3
988,Executed,2025-01-22T16:10:00+00:00,0.05,1737562200.05,,,job
989,Executed,2025-01-22T22:00:00+00:00,270.14,1737583470.14,,,job3
990,Executed,2025-01-23T16:10:00+00:00,0.05,1737648600.05,,,job
991,Executed,2025-01-23T22:00:00+00:00,1397.85,1737670997.85,,,job3
992,Executed,2025-01-24T16:10:00+00:00,0.05,1737735000.05,,,job
405,Executed,2024-03-31T07:54:50+00:00,1474.36,1711873164.36,,,job3
406,Executed,2024-03-31T16:10:00+00:00,0.06,1711901400.06,,,job
993,Executed,2025-01-24T22:00:00+00:00,270.47,1737756270.47,,,job3
994,Executed,2025-01-25T16:10:00+00:00,0.05,1737821400.05,,,job
409,Executed,2024-04-01T06:05:00+00:00,1558.89,1711953058.89,,,job3
411,Executed,2024-04-01T08:35:00+00:00,1513.9,1711962013.9,,,job3
412,Executed,2024-04-01T16:10:00+00:00,0.07,1711987800.07,,,job
995,Executed,2025-01-25T22:00:00+00:00,1455.07,1737843855.07,,,job3
477,Executed,2024-05-01T23:00:00+00:00,1203.71,1714605603.71,,,job3
478,Executed,2024-05-02T16:10:00+00:00,20.21,1714666220.21,,,job
996,Executed,2025-01-26T16:10:00+00:00,0.05,1737907800.05,,,job
997,Executed,2025-01-26T22:00:00+00:00,1375.27,1737930175.27,,,job3
998,Executed,2025-01-27T16:10:00+00:00,0.05,1737994200.05,,,job
999,Executed,2025-01-27T22:00:00+00:00,281.44,1738015481.44,,,job3
1000,Executed,2025-01-28T16:10:00+00:00,0.05,1738080600.05,,,job
1001,Executed,2025-01-28T22:00:00+00:00,257.19,1738101857.19,,,job3
1002,Executed,2025-01-29T16:10:00+00:00,0.05,1738167000.05,,,job
1003,Executed,2025-01-29T22:00:00+00:00,275.9,1738188275.9,,,job3
1004,Executed,2025-01-30T16:10:00+00:00,0.05,1738253400.05,,,job
1005,Executed,2025-01-30T22:00:00+00:00,282.82,1738274682.82,,,job3
1006,Executed,2025-01-31T16:10:00+00:00,0.05,1738339800.05,,,job
1007,Executed,2025-01-31T22:00:00+00:00,282.43,1738361082.43,,,job3
1008,Executed,2025-02-01T16:10:00+00:00,0.05,1738426200.05,,,job
1009,Executed,2025-02-01T22:00:00+00:00,291.65,1738447491.65,,,job3
1010,Executed,2025-02-02T16:10:00+00:00,0.05,1738512600.05,,,job
1011,Executed,2025-02-02T22:00:00+00:00,296.26,1738533896.26,,,job3
1013,Executed,2025-02-03T22:00:00+00:00,296.6,1738620296.6,,,job3
1014,Executed,2025-02-04T16:10:00+00:00,0.05,1738685400.05,,,job
1015,Executed,2025-02-04T22:00:00+00:00,312.66,1738706712.66,,,job3
1016,Executed,2025-02-05T16:10:00+00:00,0.05,1738771800.05,,,job
1017,Executed,2025-02-05T22:00:00+00:00,307.19,1738793107.19,,,job3
1018,Executed,2025-02-06T16:10:00+00:00,0.05,1738858200.05,,,job
1019,Executed,2025-02-06T22:00:00+00:00,319.81,1738879519.81,,,job3
1020,Executed,2025-02-07T16:10:00+00:00,0.05,1738944600.05,,,job
1021,Executed,2025-02-07T22:00:00+00:00,329.07,1738965929.07,,,job3
1022,Executed,2025-02-08T16:10:00+00:00,0.05,1739031000.05,,,job
1023,Executed,2025-02-08T22:00:00+00:00,1494.47,1739053494.47,,,job3
1457,Executed,2025-09-14T22:00:00+00:00,1613.4,1757888813.4,,,job3
1458,Executed,2025-09-15T16:10:00+00:00,0.12,1757952600.12,,,job
1459,Executed,2025-09-15T22:00:00+00:00,1618.22,1757975218.22,,,job3
1460,Executed,2025-09-16T16:10:00+00:00,0.11,1758039000.11,,,job
1461,Executed,2025-09-16T22:00:00+00:00,3745.39,1758063745.39,,,job3
1462,Executed,2025-09-17T16:10:00+00:00,0.1,1758125400.1,,,job
1463,Executed,2025-09-17T22:00:00+00:00,2738.21,1758149138.21,,,job3
1464,Executed,2025-09-18T16:10:00+00:00,0.1,1758211800.1,,,job
1465,Executed,2025-09-18T22:00:00+00:00,1680.08,1758234480.08,,,job3
1466,Executed,2025-09-19T16:10:00+00:00,0.11,1758298200.11,,,job
1467,Executed,2025-09-19T22:00:00+00:00,1699.36,1758320899.36,,,job3
1468,Executed,2025-09-20T16:10:00+00:00,0.11,1758384600.11,,,job
1469,Executed,2025-09-20T22:00:00+00:00,1717.14,1758407317.14,,,job3
1470,Executed,2025-09-21T16:10:00+00:00,0.09,1758471000.09,,,job
1471,Executed,2025-09-21T22:00:00+00:00,3835.88,1758495835.88,,,job3
1472,Executed,2025-09-22T16:10:00+00:00,0.47,1758557400.47,,,job
1473,Executed,2025-09-22T22:00:00+00:00,1741.8,1758580141.8,,,job3
1676,Executed,2026-01-20T16:10:00+00:00,0.09,1768925400.09,,,job
1677,Executed,2026-01-20T22:00:00+00:00,1585.56,1768947985.56,,,job3
1678,Executed,2026-01-21T16:10:00+00:00,0.1,1769011800.1,,,job
1679,Executed,2026-01-21T22:00:00+00:00,2712.97,1769035512.97,,,job3
1680,Executed,2026-01-22T16:10:00+00:00,0.07,1769098200.07,,,job
1681,Executed,2026-01-22T22:00:00+00:00,518.32,1769119718.32,,,job3
1682,Executed,2026-01-23T16:10:00+00:00,0.09,1769184600.09,,,job
1683,Executed,2026-01-23T22:00:00+00:00,3779.87,1769209379.87,,,job3
1684,Executed,2026-01-24T16:10:00+00:00,0.1,1769271000.1,,,job
1685,Executed,2026-01-24T22:00:00+00:00,1606.29,1769293606.29,,,job3
1686,Executed,2026-01-25T16:10:00+00:00,0.09,1769357400.09,,,job
1687,Executed,2026-01-25T22:00:00+00:00,1644.44,1769380044.44,,,job3
1688,Executed,2026-01-26T16:10:00+00:00,0.08,1769443800.08,,,job
1689,Executed,2026-01-26T22:00:00+00:00,554.99,1769465354.99,,,job3
1690,Executed,2026-01-27T16:10:00+00:00,0.09,1769530200.09,,,job
1691,Executed,2026-01-27T22:00:00+00:00,4875.1,1769556075.1,,,job3
1692,Executed,2026-01-28T16:10:00+00:00,0.08,1769616600.08,,,job
1693,Executed,2026-01-28T22:00:00+00:00,1632.44,1769639232.44,,,job3
1024,Executed,2025-02-09T16:10:00+00:00,0.05,1739117400.05,,,job
1025,Executed,2025-02-09T22:00:00+00:00,321.37,1739138721.37,,,job3
416,Executed,2024-04-02T06:21:00+00:00,1682.55,1712040542.55,,,job3
417,Executed,2024-04-02T16:10:00+00:00,0.47,1712074200.47,,,job
418,Executed,2024-04-03T00:00:00+00:00,380.74,1712102780.74,,,job3
419,Executed,2024-04-03T16:10:00+00:00,0.7,1712160600.7,,,job
420,Executed,2024-04-04T00:00:00+00:00,391.18,1712189191.18,,,job3
421,Executed,2024-04-04T16:10:00+00:00,0.87,1712247000.87,,,job
422,Executed,2024-04-05T00:00:00+00:00,370.33,1712275570.33,,,job3
423,Executed,2024-04-05T16:10:00+00:00,0.57,1712333400.57,,,job
424,Executed,2024-04-06T00:00:00+00:00,377.72,1712361977.72,,,job3
425,Executed,2024-04-06T16:10:00+00:00,0.5,1712419800.5,,,job
426,Executed,2024-04-07T00:00:00+00:00,382.25,1712448382.25,,,job3
427,Executed,2024-04-07T16:10:00+00:00,0.79,1712506200.79,,,job
428,Executed,2024-04-08T00:00:00+00:00,392.97,1712534792.97,,,job3
429,Executed,2024-04-08T16:10:00+00:00,0.91,1712592600.91,,,job
430,Executed,2024-04-09T00:00:00+00:00,434.39,1712621234.39,,,job3
431,Executed,2024-04-09T16:10:00+00:00,14.68,1712679014.68,,,job
432,Executed,2024-04-10T00:00:00+00:00,463.64,1712707663.64,,,job3
433,Executed,2024-04-10T16:10:00+00:00,15.55,1712765415.55,,,job
434,Executed,2024-04-11T00:00:00+00:00,487.45,1712794087.45,,,job3
435,Executed,2024-04-11T16:10:00+00:00,16.23,1712851816.23,,,job
436,Executed,2024-04-12T00:00:00+00:00,536.21,1712880536.21,,,job3
437,Executed,2024-04-12T16:10:00+00:00,15.78,1712938215.78,,,job
438,Executed,2024-04-13T00:00:00+00:00,538.72,1712966938.72,,,job3
439,Executed,2024-04-13T16:10:00+00:00,16.03,1713024616.03,,,job
1027,Executed,2025-02-10T22:00:00+00:00,324.92,1739225124.92,,,job3
441,Executed,2024-04-14T03:11:00+00:00,2679.96,1713066939.96,,,job3
442,Executed,2024-04-14T16:10:00+00:00,16.78,1713111016.78,,,job
443,Executed,2024-04-14T23:00:00+00:00,576.32,1713136176.32,,,job3
444,Executed,2024-04-15T16:10:00+00:00,16.61,1713197416.61,,,job
445,Executed,2024-04-15T23:00:00+00:00,580.16,1713222580.16,,,job3
446,Executed,2024-04-16T16:10:00+00:00,16.99,1713283816.99,,,job
447,Executed,2024-04-16T23:00:00+00:00,583.29,1713308983.29,,,job3
448,Executed,2024-04-17T16:10:00+00:00,16.58,1713370216.58,,,job
449,Executed,2024-04-17T23:00:00+00:00,588.23,1713395388.23,,,job3
450,Executed,2024-04-18T16:10:00+00:00,16.83,1713456616.83,,,job
451,Executed,2024-04-18T23:00:00+00:00,626.19,1713481826.19,,,job3
452,Executed,2024-04-19T16:10:00+00:00,18.22,1713543018.22,,,job
453,Executed,2024-04-19T23:00:00+00:00,649.71,1713568249.71,,,job3
454,Executed,2024-04-20T16:10:00+00:00,19.36,1713629419.36,,,job
455,Executed,2024-04-20T23:00:00+00:00,688.75,1713654688.75,,,job3
456,Executed,2024-04-21T16:10:00+00:00,20.24,1713715820.24,,,job
457,Executed,2024-04-21T23:00:00+00:00,696.01,1713741096.01,,,job3
458,Executed,2024-04-22T16:10:00+00:00,17.92,1713802217.92,,,job
459,Executed,2024-04-22T23:00:00+00:00,720.12,1713827520.12,,,job3
460,Executed,2024-04-23T16:10:00+00:00,17.57,1713888617.57,,,job
461,Executed,2024-04-23T23:00:00+00:00,731.18,1713913931.18,,,job3
462,Executed,2024-04-24T16:10:00+00:00,17.18,1713975017.18,,,job
463,Executed,2024-04-24T23:00:00+00:00,944.52,1714000544.52,,,job3
464,Executed,2024-04-25T16:10:00+00:00,17.75,1714061417.75,,,job
465,Executed,2024-04-25T23:00:00+00:00,962.8,1714086962.8,,,job3
466,Executed,2024-04-26T16:10:00+00:00,18.08,1714147818.08,,,job
467,Executed,2024-04-26T23:00:00+00:00,1008.29,1714173408.29,,,job3
468,Executed,2024-04-27T16:10:00+00:00,18.24,1714234218.24,,,job
469,Executed,2024-04-27T23:00:00+00:00,1027.83,1714259827.83,,,job3
470,Executed,2024-04-28T16:10:00+00:00,20.15,1714320620.15,,,job
471,Executed,2024-04-28T23:00:00+00:00,1142.54,1714346342.54,,,job3
472,Executed,2024-04-29T16:10:00+00:00,18.84,1714407018.84,,,job
473,Executed,2024-04-29T23:00:00+00:00,1156.79,1714432756.79,,,job3
474,Executed,2024-04-30T16:10:00+00:00,21.31,1714493421.31,,,job
475,Executed,2024-04-30T23:00:00+00:00,1157.21,1714519157.21,,,job3
476,Executed,2024-05-01T16:10:00+00:00,20.19,1714579820.19,,,job
1028,Executed,2025-02-11T16:10:00+00:00,0.05,1739290200.05,,,job
1029,Executed,2025-02-11T22:00:00+00:00,328.29,1739311528.29,,,job3
1030,Executed,2025-02-12T16:10:00+00:00,0.06,1739376600.06,,,job
1031,Executed,2025-02-12T22:00:00+00:00,332.32,1739397932.32,,,job3
1032,Executed,2025-02-13T16:10:00+00:00,0.06,1739463000.06,,,job
1033,Executed,2025-02-13T22:00:00+00:00,344.38,1739484344.38,,,job3
1034,Executed,2025-02-14T16:10:00+00:00,0.06,1739549400.06,,,job
1035,Executed,2025-02-14T22:00:00+00:00,338.05,1739570738.05,,,job3
1036,Executed,2025-02-15T16:10:00+00:00,0.06,1739635800.06,,,job
1037,Executed,2025-02-15T22:00:00+00:00,345.16,1739657145.16,,,job3
1038,Executed,2025-02-16T16:10:00+00:00,0.06,1739722200.06,,,job
1039,Executed,2025-02-16T22:00:00+00:00,352.28,1739743552.28,,,job3
1040,Executed,2025-02-17T16:10:00+00:00,0.06,1739808600.06,,,job
1041,Executed,2025-02-17T22:00:00+00:00,355.59,1739829955.59,,,job3
1042,Executed,2025-02-18T16:10:00+00:00,0.06,1739895000.06,,,job
1043,Executed,2025-02-18T22:00:00+00:00,359.07,1739916359.07,,,job3
1044,Executed,2025-02-19T16:10:00+00:00,0.06,1739981400.06,,,job
1045,Executed,2025-02-19T22:00:00+00:00,362.63,1740002762.63,,,job3
1046,Executed,2025-02-20T16:10:00+00:00,0.06,1740067800.06,,,job
1047,Executed,2025-02-20T22:00:00+00:00,1561.85,1740090361.85,,,job3
1048,Executed,2025-02-21T16:10:00+00:00,0.06,1740154200.06,,,job
479,Executed,2024-05-02T23:00:00+00:00,1207.52,1714692007.52,,,job3
480,Executed,2024-05-03T16:10:00+00:00,19.49,1714752619.49,,,job
481,Executed,2024-05-03T23:00:00+00:00,1207.49,1714778407.49,,,job3
482,Executed,2024-05-04T16:10:00+00:00,20.08,1714839020.08,,,job
483,Executed,2024-05-04T23:00:00+00:00,1221.15,1714864821.15,,,job3
484,Executed,2024-05-05T16:10:00+00:00,19.11,1714925419.11,,,job
1026,Executed,2025-02-10T16:10:00+00:00,0.12,1739203800.12,,,job
1474,Executed,2025-09-23T16:10:00+00:00,240.46,1758644040.46,,,job
488,Executed,2024-05-06T16:10:00+00:00,18.81,1715011818.81,,,job
489,Executed,2024-05-07T04:51:00+00:00,1275.81,1715058735.81,,,job3
490,Executed,2024-05-07T16:10:00+00:00,20.71,1715098220.71,,,job
1475,Executed,2025-09-23T22:00:00+00:00,2866.41,1758667666.41,,,job3
492,Executed,2024-05-08T16:10:00+00:00,18.29,1715184618.29,,,job
1476,Executed,2025-09-24T16:10:00+00:00,0.42,1758730200.42,,,job
494,Executed,2024-05-09T16:10:00+00:00,23.08,1715271023.08,,,job
495,Executed,2024-05-09T22:00:00+00:00,688.99,1715292688.99,,,job3
496,Executed,2024-05-10T16:10:00+00:00,3.24,1715357403.24,,,job
497,Executed,2024-05-10T22:00:00+00:00,686.26,1715379086.26,,,job3
498,Executed,2024-05-11T16:10:00+00:00,3.08,1715443803.08,,,job
499,Executed,2024-05-11T22:00:00+00:00,688.12,1715465488.12,,,job3
500,Executed,2024-05-12T16:10:00+00:00,2.41,1715530202.41,,,job
501,Executed,2024-05-12T22:00:00+00:00,711.97,1715551911.97,,,job3
502,Executed,2024-05-13T16:10:00+00:00,2.85,1715616602.85,,,job
503,Executed,2024-05-13T22:00:00+00:00,699.28,1715638299.28,,,job3
504,Executed,2024-05-14T16:10:00+00:00,2.22,1715703002.22,,,job
505,Executed,2024-05-14T22:00:00+00:00,684.04,1715724684.04,,,job3
506,Executed,2024-05-15T16:10:00+00:00,2.79,1715789402.79,,,job
507,Executed,2024-05-15T22:00:00+00:00,717.82,1715811117.82,,,job3
508,Executed,2024-05-16T16:10:00+00:00,2.74,1715875802.74,,,job
509,Executed,2024-05-16T22:00:00+00:00,708.96,1715897508.96,,,job3
510,Executed,2024-05-17T16:10:00+00:00,1.73,1715962201.73,,,job
511,Executed,2024-05-17T22:00:00+00:00,714.87,1715983914.87,,,job3
512,Executed,2024-05-18T16:10:00+00:00,1.94,1716048601.94,,,job
513,Executed,2024-05-18T22:00:00+00:00,737.19,1716070337.19,,,job3
514,Executed,2024-05-19T16:10:00+00:00,1.54,1716135001.54,,,job
515,Executed,2024-05-19T22:00:00+00:00,751.05,1716156751.05,,,job3
516,Executed,2024-05-20T16:10:00+00:00,1.68,1716221401.68,,,job
517,Executed,2024-05-20T22:00:00+00:00,742.06,1716243142.06,,,job3
518,Executed,2024-05-21T16:10:00+00:00,0.63,1716307800.63,,,job
519,Executed,2024-05-21T22:00:00+00:00,741.24,1716329541.24,,,job3
520,Executed,2024-05-22T16:10:00+00:00,0.64,1716394200.64,,,job
521,Executed,2024-05-22T22:00:00+00:00,740.67,1716415940.67,,,job3
522,Executed,2024-05-23T16:10:00+00:00,0.64,1716480600.64,,,job
523,Executed,2024-05-23T22:00:00+00:00,742.93,1716502342.93,,,job3
524,Executed,2024-05-24T16:10:00+00:00,0.9,1716567000.9,,,job
525,Executed,2024-05-24T22:00:00+00:00,823.61,1716588823.61,,,job3
526,Executed,2024-05-25T16:10:00+00:00,1.73,1716653401.73,,,job
527,Executed,2024-05-25T22:00:00+00:00,848.29,1716675248.29,,,job3
528,Executed,2024-05-26T16:10:00+00:00,1.0,1716739801.0,,,job
529,Executed,2024-05-26T22:00:00+00:00,851.47,1716761651.47,,,job3
530,Executed,2024-05-27T16:10:00+00:00,0.55,1716826200.55,,,job
531,Executed,2024-05-27T22:00:00+00:00,864.18,1716848064.18,,,job3
532,Executed,2024-05-28T16:10:00+00:00,0.54,1716912600.54,,,job
533,Executed,2024-05-28T22:00:00+00:00,869.09,1716934469.09,,,job3
534,Executed,2024-05-29T16:10:00+00:00,0.93,1716999000.93,,,job
535,Executed,2024-05-29T22:00:00+00:00,878.52,1717020878.52,,,job3
536,Executed,2024-05-30T16:10:00+00:00,0.54,1717085400.54,,,job
537,Executed,2024-05-30T22:00:00+00:00,886.05,1717107286.05,,,job3
538,Executed,2024-05-31T16:10:00+00:00,0.53,1717171800.53,,,job
539,Executed,2024-05-31T22:00:00+00:00,893.51,1717193693.51,,,job3
540,Executed,2024-06-01T16:10:00+00:00,0.77,1717258200.77,,,job
541,Executed,2024-06-01T22:00:00+00:00,898.81,1717280098.81,,,job3
542,Executed,2024-06-02T16:10:00+00:00,0.77,1717344600.77,,,job
543,Executed,2024-06-02T22:00:00+00:00,906.45,1717366506.45,,,job3
544,Executed,2024-06-03T16:10:00+00:00,0.9,1717431000.9,,,job
545,Executed,2024-06-03T22:00:00+00:00,915.89,1717452915.89,,,job3
546,Executed,2024-06-04T16:10:00+00:00,0.54,1717517400.54,,,job
547,Executed,2024-06-04T22:00:00+00:00,919.41,1717539319.41,,,job3
548,Executed,2024-06-05T16:10:00+00:00,0.56,1717603800.56,,,job
549,Executed,2024-06-05T22:00:00+00:00,856.06,1717625656.06,,,job3
550,Executed,2024-06-06T16:10:00+00:00,0.57,1717690200.57,,,job
551,Executed,2024-06-06T22:00:00+00:00,867.21,1717712067.21,,,job3
552,Executed,2024-06-07T16:10:00+00:00,0.57,1717776600.57,,,job
553,Executed,2024-06-07T22:00:00+00:00,891.09,1717798491.09,,,job3
554,Executed,2024-06-08T16:10:00+00:00,0.6,1717863000.6,,,job
555,Executed,2024-06-08T22:00:00+00:00,902.77,1717884902.77,,,job3
1477,Executed,2025-09-24T22:00:00+00:00,1748.53,1758752948.53,,,job3
1478,Executed,2025-09-25T16:10:00+00:00,0.47,1758816600.47,,,job
1479,Executed,2025-09-25T22:00:00+00:00,1766.3,1758839366.3,,,job3
1480,Executed,2025-09-26T16:10:00+00:00,0.44,1758903000.44,,,job
1481,Executed,2025-09-26T22:00:00+00:00,2859.59,1758926859.59,,,job3
1482,Executed,2025-09-27T16:10:00+00:00,0.51,1758989400.51,,,job
1483,Executed,2025-09-27T22:00:00+00:00,4247.67,1759014647.67,,,job3
1484,Executed,2025-09-28T16:10:00+00:00,0.42,1759075800.42,,,job
556,Executed,2024-06-09T16:10:00+00:00,0.76,1717949400.76,,,job
557,Executed,2024-06-09T22:00:00+00:00,888.39,1717971288.39,,,job3
558,Executed,2024-06-10T16:10:00+00:00,0.48,1718035800.48,,,job
559,Executed,2024-06-10T22:00:00+00:00,895.53,1718057695.53,,,job3
560,Executed,2024-06-11T16:10:00+00:00,0.47,1718122200.47,,,job
562,Executed,2024-06-17T16:10:00+00:00,0.99,1718640600.99,,,job
563,Executed,2024-06-17T22:00:00+00:00,803.92,1718662403.92,,,job3
564,Executed,2024-06-18T16:10:00+00:00,1.05,1718727001.05,,,job
565,Executed,2024-06-18T22:00:00+00:00,961.42,1718748961.42,,,job3
566,Executed,2024-06-19T16:10:00+00:00,1.0,1718813401.0,,,job
567,Executed,2024-06-19T22:00:00+00:00,968.74,1718835368.74,,,job3
568,Executed,2024-06-20T16:10:00+00:00,0.98,1718899800.98,,,job
569,Executed,2024-06-20T22:00:00+00:00,989.62,1718921789.62,,,job3
570,Executed,2024-06-21T16:10:00+00:00,6.23,1718986206.23,,,job
571,Executed,2024-06-21T22:00:00+00:00,792.01,1719007992.01,,,job3
572,Executed,2024-06-22T16:10:00+00:00,5.97,1719072605.97,,,job
573,Executed,2024-06-22T22:00:00+00:00,802.7,1719094402.7,,,job3
574,Executed,2024-06-23T16:10:00+00:00,6.42,1719159006.42,,,job
575,Executed,2024-06-23T22:00:00+00:00,815.68,1719180815.68,,,job3
576,Executed,2024-06-24T16:10:00+00:00,7.14,1719245407.14,,,job
577,Executed,2024-06-24T22:00:00+00:00,826.01,1719267226.01,,,job3
578,Executed,2024-06-25T16:10:00+00:00,6.07,1719331806.07,,,job
579,Executed,2024-06-25T22:00:00+00:00,830.47,1719353630.47,,,job3
580,Executed,2024-06-26T16:10:00+00:00,6.28,1719418206.28,,,job
581,Executed,2024-06-26T22:00:00+00:00,846.99,1719440046.99,,,job3
582,Executed,2024-06-27T16:10:00+00:00,5.81,1719504605.81,,,job
583,Executed,2024-06-27T22:00:00+00:00,850.85,1719526450.85,,,job3
584,Executed,2024-06-28T16:10:00+00:00,5.96,1719591005.96,,,job
585,Executed,2024-06-28T22:00:00+00:00,852.91,1719612852.91,,,job3
586,Executed,2024-06-29T16:10:00+00:00,8.32,1719677408.32,,,job
587,Executed,2024-06-29T22:00:00+00:00,838.76,1719699238.76,,,job3
588,Executed,2024-06-30T16:10:00+00:00,6.7,1719763806.7,,,job
589,Executed,2024-06-30T22:00:00+00:00,884.59,1719785684.59,,,job3
590,Executed,2024-07-01T16:10:00+00:00,6.47,1719850206.47,,,job
591,Executed,2024-07-01T22:00:00+00:00,878.53,1719872078.53,,,job3
592,Executed,2024-07-02T16:10:00+00:00,5.89,1719936605.89,,,job
593,Executed,2024-07-02T22:00:00+00:00,871.64,1719958471.64,,,job3
594,Executed,2024-07-03T16:10:00+00:00,5.93,1720023005.93,,,job
595,Executed,2024-07-03T22:00:00+00:00,880.12,1720044880.12,,,job3
596,Executed,2024-07-04T16:10:00+00:00,5.92,1720109405.92,,,job
597,Executed,2024-07-04T22:00:00+00:00,895.29,1720131295.29,,,job3
598,Executed,2024-07-05T16:10:00+00:00,5.94,1720195805.94,,,job
1049,Executed,2025-02-21T22:00:00+00:00,369.16,1740175569.16,,,job3
600,Executed,2024-07-06T16:10:00+00:00,7.7,1720282207.7,,,job
601,Executed,2024-07-06T22:00:00+00:00,925.03,1720304125.03,,,job3
602,Executed,2024-07-07T16:10:00+00:00,5.69,1720368605.69,,,job
603,Executed,2024-07-07T22:00:00+00:00,925.45,1720390525.45,,,job3
604,Executed,2024-07-08T16:10:00+00:00,5.69,1720455005.69,,,job
605,Executed,2024-07-08T22:00:00+00:00,955.67,1720476955.67,,,job3
606,Executed,2024-07-09T16:10:00+00:00,5.56,1720541405.56,,,job
607,Executed,2024-07-09T22:00:00+00:00,929.24,1720563329.24,,,job3
608,Executed,2024-07-10T16:10:00+00:00,7.14,1720627807.14,,,job
609,Executed,2024-07-10T22:00:00+00:00,949.56,1720649749.56,,,job3
610,Executed,2024-07-11T16:10:00+00:00,5.56,1720714205.56,,,job
611,Executed,2024-07-11T22:00:00+00:00,950.3,1720736150.3,,,job3
612,Executed,2024-07-12T16:10:00+00:00,6.59,1720800606.59,,,job
613,Executed,2024-07-12T22:00:00+00:00,959.84,1720822559.84,,,job3
614,Executed,2024-07-13T16:10:00+00:00,5.97,1720887005.97,,,job
616,Executed,2024-07-16T16:10:00+00:00,7.95,1721146207.95,,,job
617,Executed,2024-07-16T22:00:00+00:00,1015.69,1721168215.69,,,job3
618,Executed,2024-07-17T16:10:00+00:00,5.57,1721232605.57,,,job
619,Executed,2024-07-17T22:00:00+00:00,951.92,1721254551.92,,,job3
620,Executed,2024-07-18T16:10:00+00:00,5.59,1721319005.59,,,job
621,Executed,2024-07-18T22:00:00+00:00,957.02,1721340957.02,,,job3
622,Executed,2024-07-19T16:10:00+00:00,6.25,1721405406.25,,,job
623,Executed,2024-07-19T22:00:00+00:00,987.51,1721427387.51,,,job3
624,Executed,2024-07-20T16:10:00+00:00,5.63,1721491805.63,,,job
625,Executed,2024-07-20T22:00:00+00:00,978.16,1721513778.16,,,job3
626,Executed,2024-07-21T16:10:00+00:00,6.01,1721578206.01,,,job
627,Executed,2024-07-21T22:00:00+00:00,988.52,1721600188.52,,,job3
628,Executed,2024-07-22T16:10:00+00:00,5.16,1721664605.16,,,job
629,Executed,2024-07-22T22:00:00+00:00,989.04,1721686589.04,,,job3
630,Executed,2024-07-23T16:10:00+00:00,6.38,1721751006.38,,,job
631,Executed,2024-07-23T22:00:00+00:00,976.76,1721772976.76,,,job3
632,Executed,2024-07-24T16:10:00+00:00,0.18,1721837400.18,,,job
633,Executed,2024-07-24T22:00:00+00:00,983.81,1721859383.81,,,job3
634,Executed,2024-07-25T16:10:00+00:00,0.18,1721923800.18,,,job
635,Executed,2024-07-25T22:00:00+00:00,989.45,1721945789.45,,,job3
636,Executed,2024-07-26T16:10:00+00:00,0.18,1722010200.18,,,job
637,Executed,2024-07-26T22:00:00+00:00,991.91,1722032191.91,,,job3
638,Executed,2024-07-27T16:10:00+00:00,0.18,1722096600.18,,,job
639,Executed,2024-07-27T22:00:00+00:00,995.76,1722118595.76,,,job3
1050,Executed,2025-02-22T16:10:00+00:00,0.06,1740240600.06,,,job
1051,Executed,2025-02-22T22:00:00+00:00,1566.41,1740263166.41,,,job3
640,Executed,2024-07-28T16:10:00+00:00,0.18,1722183000.18,,,job
641,Executed,2024-07-28T22:00:00+00:00,1001.22,1722205001.22,,,job3
642,Executed,2024-07-29T16:10:00+00:00,0.18,1722269400.18,,,job
643,Executed,2024-07-29T22:00:00+00:00,1013.47,1722291413.47,,,job3
644,Executed,2024-07-30T16:10:00+00:00,0.51,1722355800.51,,,job
645,Executed,2024-07-30T22:00:00+00:00,1053.06,1722377853.06,,,job3
646,Executed,2024-07-31T16:10:00+00:00,0.32,1722442200.32,,,job
648,Executed,2024-08-01T16:10:00+00:00,0.67,1722528600.67,,,job
649,Executed,2024-08-01T22:00:00+00:00,1084.28,1722550684.28,,,job3
650,Executed,2024-08-02T16:10:00+00:00,0.32,1722615000.32,,,job
651,Executed,2024-08-02T22:00:00+00:00,1095.12,1722637095.12,,,job3
652,Executed,2024-08-03T16:10:00+00:00,0.32,1722701400.32,,,job
653,Executed,2024-08-03T22:00:00+00:00,1105.81,1722723505.81,,,job3
654,Executed,2024-08-04T16:10:00+00:00,0.34,1722787800.34,,,job
655,Executed,2024-08-04T22:00:00+00:00,1113.79,1722809913.79,,,job3
656,Executed,2024-08-05T16:10:00+00:00,0.34,1722874200.34,,,job
657,Executed,2024-08-05T22:00:00+00:00,1192.91,1722896392.91,,,job3
658,Executed,2024-08-06T16:10:00+00:00,0.32,1722960600.32,,,job
659,Executed,2024-08-06T22:00:00+00:00,1208.26,1722982808.26,,,job3
660,Executed,2024-08-07T16:10:00+00:00,0.31,1723047000.31,,,job
661,Executed,2024-08-07T22:00:00+00:00,1217.77,1723069217.77,,,job3
662,Executed,2024-08-08T16:10:00+00:00,0.97,1723133400.97,,,job
663,Executed,2024-08-08T22:00:00+00:00,1256.03,1723155656.03,,,job3
664,Executed,2024-08-09T16:10:00+00:00,0.77,1723219800.77,,,job
665,Executed,2024-08-09T22:00:00+00:00,1270.47,1723242070.47,,,job3
666,Executed,2024-08-10T16:10:00+00:00,0.79,1723306200.79,,,job
667,Executed,2024-08-10T22:00:00+00:00,1283.61,1723328483.61,,,job3
668,Executed,2024-08-11T16:10:00+00:00,0.76,1723392600.76,,,job
669,Executed,2024-08-11T22:00:00+00:00,1290.51,1723414890.51,,,job3
670,Executed,2024-08-12T16:10:00+00:00,0.84,1723479000.84,,,job
671,Executed,2024-08-12T22:00:00+00:00,1283.94,1723501283.94,,,job3
672,Executed,2024-08-13T16:10:00+00:00,0.81,1723565400.81,,,job
673,Executed,2024-08-13T22:00:00+00:00,1304.38,1723587704.38,,,job3
674,Executed,2024-08-14T16:10:00+00:00,0.86,1723651800.86,,,job
675,Executed,2024-08-14T22:00:00+00:00,1308.44,1723674108.44,,,job3
676,Executed,2024-08-15T16:10:00+00:00,0.86,1723738200.86,,,job
1052,Executed,2025-02-23T16:10:00+00:00,0.06,1740327000.06,,,job
678,Executed,2024-08-16T16:10:00+00:00,1.31,1723824601.31,,,job
679,Executed,2024-08-16T22:00:00+00:00,1317.47,1723846917.47,,,job3
680,Executed,2024-08-17T16:10:00+00:00,0.74,1723911000.74,,,job
681,Executed,2024-08-17T22:00:00+00:00,1331.98,1723933331.98,,,job3
682,Executed,2024-08-18T16:10:00+00:00,0.81,1723997400.81,,,job
683,Executed,2024-08-18T22:00:00+00:00,1336.77,1724019736.77,,,job3
684,Executed,2024-08-19T16:10:00+00:00,0.77,1724083800.77,,,job
685,Executed,2024-08-19T22:00:00+00:00,1357.14,1724106157.14,,,job3
686,Executed,2024-08-20T16:10:00+00:00,0.8,1724170200.8,,,job
687,Executed,2024-08-20T22:00:00+00:00,1371.43,1724192571.43,,,job3
688,Executed,2024-08-21T16:10:00+00:00,1.1,1724256601.1,,,job
689,Executed,2024-08-21T22:00:00+00:00,1371.67,1724278971.67,,,job3
690,Executed,2024-08-22T16:10:00+00:00,0.97,1724343000.97,,,job
691,Executed,2024-08-22T22:00:00+00:00,1372.52,1724365372.52,,,job3
692,Executed,2024-08-23T16:10:00+00:00,0.76,1724429400.76,,,job
694,Executed,2024-08-26T16:10:00+00:00,1.07,1724688601.07,,,job
695,Executed,2024-08-26T22:00:00+00:00,1399.11,1724710999.11,,,job3
696,Executed,2024-08-27T16:10:00+00:00,0.8,1724775000.8,,,job
697,Executed,2024-08-27T22:00:00+00:00,1416.94,1724797416.94,,,job3
698,Executed,2024-08-28T16:10:00+00:00,0.88,1724861400.88,,,job
699,Executed,2024-08-28T22:00:00+00:00,1425.66,1724883825.66,,,job3
700,Executed,2024-08-29T16:10:00+00:00,0.85,1724947800.85,,,job
701,Executed,2024-08-29T22:00:00+00:00,1425.14,1724970225.14,,,job3
702,Executed,2024-08-30T16:10:00+00:00,0.79,1725034200.79,,,job
703,Executed,2024-08-30T22:00:00+00:00,1449.05,1725056649.05,,,job3
704,Executed,2024-08-31T16:10:00+00:00,0.8,1725120600.8,,,job
705,Executed,2024-08-31T22:00:00+00:00,1447.89,1725143047.89,,,job3
706,Executed,2024-09-01T16:10:00+00:00,0.04,1725207000.04,,,job
707,Executed,2024-09-01T22:00:00+00:00,1463.58,1725229463.58,,,job3
708,Executed,2024-09-02T16:10:00+00:00,0.05,1725293400.05,,,job
1053,Executed,2025-02-23T22:00:00+00:00,375.13,1740348375.13,,,job3
710,Executed,2024-09-03T16:10:00+00:00,0.04,1725379800.04,,,job
711,Executed,2024-09-03T22:00:00+00:00,1475.81,1725402275.81,,,job3
712,Executed,2024-09-04T16:10:00+00:00,0.05,1725466200.05,,,job
713,Executed,2024-09-04T22:00:00+00:00,1483.2,1725488683.2,,,job3
714,Executed,2024-09-05T16:10:00+00:00,0.05,1725552600.05,,,job
715,Executed,2024-09-05T22:00:00+00:00,1500.6,1725575100.6,,,job3
716,Executed,2024-09-06T16:10:00+00:00,0.05,1725639000.05,,,job
717,Executed,2024-09-06T22:00:00+00:00,1497.88,1725661497.88,,,job3
718,Executed,2024-09-07T16:10:00+00:00,0.04,1725725400.04,,,job
719,Executed,2024-09-07T22:00:00+00:00,1526.21,1725747926.21,,,job3
720,Executed,2024-09-08T16:10:00+00:00,0.05,1725811800.05,,,job
721,Executed,2024-09-08T22:00:00+00:00,1515.23,1725834315.23,,,job3
722,Executed,2024-09-09T16:10:00+00:00,0.05,1725898200.05,,,job
723,Executed,2024-09-09T22:00:00+00:00,1568.55,1725920768.55,,,job3
1054,Executed,2025-02-24T16:10:00+00:00,0.06,1740413400.06,,,job
1055,Executed,2025-02-24T22:00:00+00:00,395.96,1740434795.96,,,job3
724,Executed,2024-09-10T16:10:00+00:00,0.05,1725984600.05,,,job
1056,Executed,2025-02-25T16:10:00+00:00,0.06,1740499800.06,,,job
1057,Executed,2025-02-25T22:00:00+00:00,1413.23,1740522213.23,,,job3
1058,Executed,2025-02-26T16:10:00+00:00,0.06,1740586200.06,,,job
1059,Executed,2025-02-26T22:00:00+00:00,303.64,1740607503.64,,,job3
1060,Executed,2025-02-27T16:10:00+00:00,0.07,1740672600.07,,,job
1061,Executed,2025-02-27T22:00:00+00:00,338.23,1740693938.23,,,job3
1062,Executed,2025-02-28T16:10:00+00:00,0.07,1740759000.07,,,job
1063,Executed,2025-02-28T22:00:00+00:00,312.58,1740780312.58,,,job3
1064,Executed,2025-03-01T16:10:00+00:00,0.07,1740845400.07,,,job
1065,Executed,2025-03-01T22:00:00+00:00,1305.47,1740867705.47,,,job3
1066,Executed,2025-03-02T16:10:00+00:00,0.06,1740931800.06,,,job
1067,Executed,2025-03-02T22:00:00+00:00,1333.79,1740954133.79,,,job3
1068,Executed,2025-03-03T16:10:00+00:00,0.06,1741018200.06,,,job
1069,Executed,2025-03-03T22:00:00+00:00,313.57,1741039513.57,,,job3
1070,Executed,2025-03-04T16:10:00+00:00,0.07,1741104600.07,,,job
1071,Executed,2025-03-04T22:00:00+00:00,318.3,1741125918.3,,,job3
1072,Executed,2025-03-05T16:10:00+00:00,0.07,1741191000.07,,,job
1073,Executed,2025-03-05T22:00:00+00:00,318.74,1741212318.74,,,job3
1074,Executed,2025-03-06T16:10:00+00:00,0.07,1741277400.07,,,job
1075,Executed,2025-03-06T22:00:00+00:00,314.14,1741298714.14,,,job3
1076,Executed,2025-03-07T16:10:00+00:00,0.07,1741363800.07,,,job
1077,Executed,2025-03-07T22:00:00+00:00,318.16,1741385118.16,,,job3
1078,Executed,2025-03-08T16:10:00+00:00,0.06,1741450200.06,,,job
1079,Executed,2025-03-08T22:00:00+00:00,320.28,1741471520.28,,,job3
1080,Executed,2025-03-09T16:10:00+00:00,0.07,1741536600.07,,,job
1081,Executed,2025-03-09T22:00:00+00:00,322.31,1741557922.31,,,job3
1485,Executed,2025-09-28T22:00:00+00:00,4012.72,1759100812.72,,,job3
1486,Executed,2025-09-29T16:10:00+00:00,0.44,1759162200.44,,,job
1487,Executed,2025-09-29T22:00:00+00:00,2903.23,1759186103.23,,,job3
1488,Executed,2025-09-30T16:10:00+00:00,0.44,1759248600.44,,,job
1489,Executed,2025-09-30T22:00:00+00:00,2924.09,1759272524.09,,,job3
1490,Executed,2025-10-01T16:10:00+00:00,0.45,1759335000.45,,,job
1491,Executed,2025-10-01T22:00:00+00:00,1823.81,1759357823.81,,,job3
1492,Executed,2025-10-02T16:10:00+00:00,0.5,1759421400.5,,,job
1493,Executed,2025-10-02T22:00:00+00:00,1857.22,1759444257.22,,,job3
1494,Executed,2025-10-03T16:10:00+00:00,0.48,1759507800.48,,,job
1495,Executed,2025-10-03T22:00:00+00:00,4270.32,1759533070.32,,,job3
1496,Executed,2025-10-04T16:10:00+00:00,0.49,1759594200.49,,,job
1497,Executed,2025-10-04T22:00:00+00:00,1873.55,1759617073.55,,,job3
1498,Executed,2025-10-05T16:10:00+00:00,0.48,1759680600.48,,,job
1499,Executed,2025-10-05T22:00:00+00:00,1885.3,1759703485.3,,,job3
1500,Executed,2025-10-06T16:10:00+00:00,0.44,1759767000.44,,,job
1501,Executed,2025-10-06T22:00:00+00:00,2990.41,1759790990.41,,,job3
1502,Executed,2025-10-07T16:10:00+00:00,0.47,1759853400.47,,,job
1503,Executed,2025-10-07T22:00:00+00:00,3017.53,1759877417.53,,,job3
1504,Executed,2025-10-08T16:10:00+00:00,0.42,1759939800.42,,,job
1505,Executed,2025-10-08T22:00:00+00:00,3005.34,1759963805.34,,,job3
1506,Executed,2025-10-09T16:10:00+00:00,0.4,1760026200.4,,,job
1507,Executed,2025-10-09T22:00:00+00:00,2521.11,1760049721.11,,,job3
1508,Executed,2025-10-10T16:10:00+00:00,0.47,1760112600.47,,,job
1509,Executed,2025-10-10T22:00:00+00:00,2016.93,1760135616.93,,,job3
1510,Executed,2025-10-11T16:10:00+00:00,0.43,1760199000.43,,,job
1511,Executed,2025-10-11T22:00:00+00:00,2083.35,1760222083.35,,,job3
1512,Executed,2025-10-12T16:10:00+00:00,0.4,1760285400.4,,,job
1513,Executed,2025-10-12T22:00:00+00:00,1998.58,1760308398.58,,,job3
1514,Executed,2025-10-13T16:10:00+00:00,0.4,1760371800.4,,,job
1515,Executed,2025-10-13T22:00:00+00:00,3148.12,1760395948.12,,,job3
1516,Executed,2025-10-14T16:10:00+00:00,0.5,1760458200.5,,,job
1517,Executed,2025-10-14T22:00:00+00:00,2026.97,1760481226.97,,,job3
1518,Executed,2025-10-15T16:10:00+00:00,0.41,1760544600.41,,,job
1519,Executed,2025-10-15T22:00:00+00:00,3144.97,1760568744.97,,,job3
1520,Executed,2025-10-16T16:10:00+00:00,0.44,1760631000.44,,,job
1521,Executed,2025-10-16T22:00:00+00:00,2057.21,1760654057.21,,,job3
1522,Executed,2025-10-17T16:10:00+00:00,0.74,1760717400.74,,,job
1523,Executed,2025-10-17T22:00:00+00:00,3023.52,1760741423.52,,,job3
1524,Executed,2025-10-18T16:10:00+00:00,0.43,1760803800.43,,,job
1525,Executed,2025-10-18T22:00:00+00:00,2092.36,1760826892.36,,,job3
1526,Executed,2025-10-19T16:10:00+00:00,0.45,1760890200.45,,,job
1527,Executed,2025-10-19T22:00:00+00:00,3211.95,1760914411.95,,,job3
1528,Executed,2025-10-20T16:10:00+00:00,0.46,1760976600.46,,,job
1529,Executed,2025-10-20T22:00:00+00:00,2114.22,1760999714.22,,,job3
1530,Executed,2025-10-21T16:10:00+00:00,0.49,1761063000.49,,,job
1531,Executed,2025-10-21T22:00:00+00:00,2123.8,1761086123.8,,,job3
1532,Executed,2025-10-22T16:10:00+00:00,0.53,1761149400.53,,,job
1533,Executed,2025-10-22T22:00:00+00:00,4982.33,1761175382.33,,,job3
1534,Executed,2025-10-23T16:10:00+00:00,0.06,1761235800.06,,,job
1535,Executed,2025-10-23T22:00:00+00:00,3253.06,1761260053.06,,,job3
1536,Executed,2025-10-24T16:10:00+00:00,0.06,1761322200.06,,,job
1537,Executed,2025-10-24T22:00:00+00:00,2177.86,1761345377.86,,,job3
1538,Executed,2025-10-25T16:10:00+00:00,0.06,1761408600.06,,,job
1539,Executed,2025-10-25T22:00:00+00:00,2177.92,1761431777.92,,,job3
1540,Executed,2025-10-26T16:10:00+00:00,0.06,1761495000.06,,,job
1541,Executed,2025-10-26T22:00:00+00:00,2174.52,1761518174.52,,,job3
726,Executed,2024-09-11T16:10:00+00:00,0.04,1726071000.04,,,job
727,Executed,2024-09-11T22:00:00+00:00,1702.21,1726093702.21,,,job3
728,Executed,2024-09-12T16:10:00+00:00,0.05,1726157400.05,,,job
729,Executed,2024-09-12T22:00:00+00:00,1650.6,1726180050.6,,,job3
730,Executed,2024-09-13T16:10:00+00:00,0.05,1726243800.05,,,job
731,Executed,2024-09-13T22:00:00+00:00,1659.4,1726266459.4,,,job3
732,Executed,2024-09-14T16:10:00+00:00,0.08,1726330200.08,,,job
733,Executed,2024-09-14T22:00:00+00:00,1672.43,1726352872.43,,,job3
734,Executed,2024-09-15T16:10:00+00:00,0.05,1726416600.05,,,job
735,Executed,2024-09-15T22:00:00+00:00,1706.53,1726439306.53,,,job3
736,Executed,2024-09-16T16:10:00+00:00,0.05,1726503000.05,,,job
737,Executed,2024-09-16T22:00:00+00:00,1710.51,1726525710.51,,,job3
738,Executed,2024-09-17T16:10:00+00:00,0.05,1726589400.05,,,job
1082,Executed,2025-03-10T16:10:00+00:00,0.07,1741623000.07,,,job
740,Executed,2024-09-18T16:10:00+00:00,0.05,1726675800.05,,,job
741,Executed,2024-09-18T22:00:00+00:00,1724.01,1726698524.01,,,job3
742,Executed,2024-09-19T16:10:00+00:00,985.01,1726763185.01,,,job
743,Executed,2024-09-19T22:00:00+00:00,1838.23,1726785038.23,,,job3
744,Executed,2024-09-20T16:10:00+00:00,1.14,1726848601.14,,,job
745,Executed,2024-09-20T22:00:00+00:00,1837.93,1726871437.93,,,job3
746,Executed,2024-09-21T16:10:00+00:00,1.45,1726935001.45,,,job
747,Executed,2024-09-21T22:00:00+00:00,1827.4,1726957827.4,,,job3
748,Executed,2024-09-22T16:10:00+00:00,1.16,1727021401.16,,,job
749,Executed,2024-09-22T22:00:00+00:00,1819.47,1727044219.47,,,job3
750,Executed,2024-09-23T16:10:00+00:00,1.12,1727107801.12,,,job
751,Executed,2024-09-23T22:00:00+00:00,1867.58,1727130667.58,,,job3
752,Executed,2024-09-24T16:10:00+00:00,1.14,1727194201.14,,,job
753,Executed,2024-09-24T22:00:00+00:00,1832.76,1727217032.76,,,job3
754,Executed,2024-09-25T16:10:00+00:00,1.23,1727280601.23,,,job
755,Executed,2024-09-25T22:00:00+00:00,1861.21,1727303461.21,,,job3
756,Executed,2024-09-26T16:10:00+00:00,1.15,1727367001.15,,,job
757,Executed,2024-09-26T22:00:00+00:00,1895.79,1727389895.79,,,job3
758,Executed,2024-09-27T16:10:00+00:00,1.12,1727453401.12,,,job
759,Executed,2024-09-27T22:00:00+00:00,1879.44,1727476279.44,,,job3
760,Executed,2024-09-28T16:10:00+00:00,1.27,1727539801.27,,,job
762,Executed,2024-10-01T16:10:00+00:00,1.91,1727799001.91,,,job
763,Executed,2024-10-01T22:00:00+00:00,1917.17,1727821917.17,,,job3
764,Executed,2024-10-02T16:10:00+00:00,1.18,1727885401.18,,,job
765,Executed,2024-10-02T22:00:00+00:00,1971.4,1727908371.4,,,job3
766,Executed,2024-10-03T16:10:00+00:00,1.17,1727971801.17,,,job
767,Executed,2024-10-03T22:00:00+00:00,2004.92,1727994804.92,,,job3
768,Executed,2024-10-04T16:10:00+00:00,1.21,1728058201.21,,,job
769,Executed,2024-10-04T22:00:00+00:00,1988.68,1728081188.68,,,job3
770,Executed,2024-10-05T16:10:00+00:00,1.14,1728144601.14,,,job
771,Executed,2024-10-05T22:00:00+00:00,1970.14,1728167570.14,,,job3
772,Executed,2024-10-06T16:10:00+00:00,1.14,1728231001.14,,,job
1083,Executed,2025-03-10T22:00:00+00:00,317.09,1741644317.09,,,job3
774,Executed,2024-10-08T16:10:00+00:00,1.49,1728403801.49,,,job
775,Executed,2024-10-08T22:00:00+00:00,2015.42,1728426815.42,,,job3
776,Executed,2024-10-09T16:10:00+00:00,1.09,1728490201.09,,,job
777,Executed,2024-10-09T22:00:00+00:00,1993.83,1728513193.83,,,job3
778,Executed,2024-10-10T16:10:00+00:00,1.32,1728576601.32,,,job
779,Executed,2024-10-10T22:00:00+00:00,2011.97,1728599611.97,,,job3
780,Executed,2024-10-11T16:10:00+00:00,2.76,1728663002.76,,,job
781,Executed,2024-10-11T22:00:00+00:00,2107.69,1728686107.69,,,job3
782,Executed,2024-10-12T16:10:00+00:00,17.57,1728749417.57,,,job
783,Executed,2024-10-12T22:00:00+00:00,1810.84,1728772210.84,,,job3
784,Executed,2024-10-13T16:10:00+00:00,17.83,1728835817.83,,,job
785,Executed,2024-10-13T22:00:00+00:00,1849.85,1728858649.85,,,job3
786,Executed,2024-10-14T16:10:00+00:00,17.71,1728922217.71,,,job
787,Executed,2024-10-14T22:00:00+00:00,1849.93,1728945049.93,,,job3
788,Executed,2024-10-15T16:10:00+00:00,17.86,1729008617.86,,,job
789,Executed,2024-10-15T22:00:00+00:00,1869.21,1729031469.21,,,job3
790,Executed,2024-10-16T16:10:00+00:00,17.92,1729095017.92,,,job
791,Executed,2024-10-16T22:00:00+00:00,1907.46,1729117907.46,,,job3
792,Executed,2024-10-17T16:10:00+00:00,20.14,1729181420.14,,,job
793,Executed,2024-10-17T22:00:00+00:00,1910.94,1729204310.94,,,job3
794,Executed,2024-10-18T16:10:00+00:00,18.44,1729267818.44,,,job
795,Executed,2024-10-18T22:00:00+00:00,1970.35,1729290770.35,,,job3
796,Executed,2024-10-19T16:10:00+00:00,19.51,1729354219.51,,,job
797,Executed,2024-10-19T22:00:00+00:00,1858.82,1729377058.82,,,job3
798,Executed,2024-10-20T16:10:00+00:00,20.1,1729440620.1,,,job
799,Executed,2024-10-20T22:00:00+00:00,1928.09,1729463528.09,,,job3
800,Executed,2024-10-21T16:10:00+00:00,20.66,1729527020.66,,,job
801,Executed,2024-10-21T22:00:00+00:00,1893.81,1729549893.81,,,job3
802,Executed,2024-10-22T16:10:00+00:00,20.37,1729613420.37,,,job
803,Executed,2024-10-22T22:00:00+00:00,1916.25,1729636316.25,,,job3
804,Executed,2024-10-23T10:00:00+00:00,2081.71,1729679681.71,,,job3
805,Executed,2024-10-23T16:10:00+00:00,20.64,1729699820.64,,,job
806,Executed,2024-10-23T22:00:00+00:00,1893.42,1729722693.42,,,job3
807,Executed,2024-10-24T16:10:00+00:00,19.29,1729786219.29,,,job
808,Executed,2024-10-24T22:00:00+00:00,1921.11,1729809121.11,,,job3
1084,Executed,2025-03-11T16:10:00+00:00,0.07,1741709400.07,,,job
1085,Executed,2025-03-11T22:00:00+00:00,1448.94,1741731848.94,,,job3
809,Executed,2024-10-25T16:10:00+00:00,20.95,1729872620.95,,,job
810,Executed,2024-10-25T22:00:00+00:00,1903.39,1729895503.39,,,job3
811,Executed,2024-10-26T16:10:00+00:00,23.41,1729959023.41,,,job
812,Executed,2024-10-26T22:00:00+00:00,1988.72,1729981988.72,,,job3
813,Executed,2024-10-27T16:10:00+00:00,30.0,1730045430.0,,,job
814,Executed,2024-10-27T22:00:00+00:00,1660.36,1730068060.36,,,job3
815,Executed,2024-10-28T16:10:00+00:00,31.87,1730131831.87,,,job
816,Executed,2024-10-28T22:00:00+00:00,1649.21,1730154449.21,,,job3
817,Executed,2024-10-29T16:10:00+00:00,31.87,1730218231.87,,,job
818,Executed,2024-10-29T22:00:00+00:00,1648.8,1730240848.8,,,job3
819,Executed,2024-10-30T16:10:00+00:00,31.74,1730304631.74,,,job
820,Executed,2024-10-30T22:00:00+00:00,1669.74,1730327269.74,,,job3
821,Executed,2024-10-31T16:10:00+00:00,35.19,1730391035.19,,,job
822,Executed,2024-10-31T22:00:00+00:00,1513.45,1730413513.45,,,job3
823,Executed,2024-11-01T16:10:00+00:00,35.22,1730477435.22,,,job
824,Executed,2024-11-01T22:00:00+00:00,1630.57,1730500030.57,,,job3
825,Executed,2024-11-02T16:10:00+00:00,36.22,1730563836.22,,,job
826,Executed,2024-11-02T22:00:00+00:00,951.36,1730585751.36,,,job3
827,Executed,2024-11-03T05:30:00+00:00,1563.19,1730613363.19,,,job3
828,Executed,2024-11-03T16:10:00+00:00,39.95,1730650239.95,,,job
829,Executed,2024-11-03T22:00:00+00:00,1427.81,1730672627.81,,,job3
830,Executed,2024-11-04T16:10:00+00:00,41.1,1730736641.1,,,job
831,Executed,2024-11-04T22:00:00+00:00,1603.62,1730759203.62,,,job3
832,Executed,2024-11-05T16:10:00+00:00,40.62,1730823040.62,,,job
833,Executed,2024-11-05T22:00:00+00:00,1590.26,1730845590.26,,,job3
834,Executed,2024-11-06T16:10:00+00:00,40.89,1730909440.89,,,job
835,Executed,2024-11-06T22:00:00+00:00,1626.68,1730932026.68,,,job3
836,Executed,2024-11-07T16:10:00+00:00,40.8,1730995840.8,,,job
837,Executed,2024-11-07T22:00:00+00:00,1612.7,1731018412.7,,,job3
838,Executed,2024-11-08T16:10:00+00:00,41.17,1731082241.17,,,job
839,Executed,2024-11-08T22:00:00+00:00,1637.35,1731104837.35,,,job3
840,Executed,2024-11-09T16:10:00+00:00,41.86,1731168641.86,,,job
841,Executed,2024-11-09T22:00:00+00:00,1653.14,1731191253.14,,,job3
842,Executed,2024-11-10T16:10:00+00:00,39.87,1731255039.87,,,job
843,Executed,2024-11-10T22:00:00+00:00,1665.83,1731277665.83,,,job3
844,Executed,2024-11-11T16:10:00+00:00,42.56,1731341442.56,,,job
1086,Executed,2025-03-12T16:10:00+00:00,0.06,1741795800.06,,,job
1087,Executed,2025-03-12T22:00:00+00:00,1461.52,1741818261.52,,,job3
1088,Executed,2025-03-13T16:10:00+00:00,0.06,1741882200.06,,,job
1089,Executed,2025-03-13T22:00:00+00:00,333.11,1741903533.11,,,job3
1090,Executed,2025-03-14T16:10:00+00:00,0.08,1741968600.08,,,job
1091,Executed,2025-03-14T22:00:00+00:00,329.58,1741989929.58,,,job3
1092,Executed,2025-03-15T16:10:00+00:00,0.05,1742055000.05,,,job
1093,Executed,2025-03-15T22:00:00+00:00,330.41,1742076330.41,,,job3
1699,Executed,2026-01-31T22:00:00+00:00,550.85,1769897350.85,,,job3
1094,Executed,2025-03-16T16:10:00+00:00,2.74,1742141402.74,,,job
1542,Executed,2025-10-27T16:10:00+00:00,0.06,1761581400.06,,,job
1543,Executed,2025-10-27T22:00:00+00:00,2717.02,1761605117.02,,,job3
1544,Executed,2025-10-28T16:10:00+00:00,0.06,1761667800.06,,,job
1545,Executed,2025-10-28T22:00:00+00:00,2211.01,1761691011.01,,,job3
1546,Executed,2025-10-29T16:10:00+00:00,0.07,1761754200.07,,,job
1547,Executed,2025-10-29T22:00:00+00:00,5619.53,1761780819.53,,,job3
1548,Executed,2025-10-30T16:10:00+00:00,0.06,1761840600.06,,,job
1694,Executed,2026-01-29T16:10:00+00:00,0.07,1769703000.07,,,job
1695,Executed,2026-01-29T22:00:00+00:00,557.69,1769724557.69,,,job3
1696,Executed,2026-01-30T16:10:00+00:00,0.07,1769789400.07,,,job
1697,Executed,2026-01-30T22:00:00+00:00,568.18,1769810968.18,,,job3
1698,Executed,2026-01-31T16:10:00+00:00,0.07,1769875800.07,,,job
1700,Executed,2026-02-01T16:10:00+00:00,0.09,1769962200.09,,,job
1701,Executed,2026-02-01T22:00:00+00:00,1660.64,1769984860.64,,,job3
1702,Executed,2026-02-02T16:10:00+00:00,0.07,1770048600.07,,,job
1703,Executed,2026-02-02T22:00:00+00:00,650.66,1770070250.66,,,job3
1704,Executed,2026-02-03T16:10:00+00:00,0.09,1770135000.09,,,job
1705,Executed,2026-02-03T22:00:00+00:00,595.66,1770156595.66,,,job3
1706,Executed,2026-02-04T16:10:00+00:00,0.1,1770221400.1,,,job
1707,Executed,2026-02-04T22:00:00+00:00,1704.16,1770244104.16,,,job3
1708,Executed,2026-02-05T16:10:00+00:00,0.07,1770307800.07,,,job
1709,Executed,2026-02-05T22:00:00+00:00,1693.34,1770330493.34,,,job3
1710,Executed,2026-02-06T16:10:00+00:00,0.1,1770394200.1,,,job
1711,Executed,2026-02-06T22:00:00+00:00,1678.53,1770416878.53,,,job3
1712,Executed,2026-02-07T16:10:00+00:00,0.09,1770480600.09,,,job
1713,Executed,2026-02-07T22:00:00+00:00,622.51,1770502222.51,,,job3
1714,Executed,2026-02-08T16:10:00+00:00,0.07,1770567000.07,,,job
1715,Executed,2026-02-08T22:00:00+00:00,2696.02,1770590696.02,,,job3
1716,Executed,2026-02-09T16:10:00+00:00,0.09,1770653400.09,,,job
1717,Executed,2026-02-09T22:00:00+00:00,1709.72,1770676109.72,,,job3
1718,Executed,2026-02-10T16:10:00+00:00,0.09,1770739800.09,,,job
1719,Executed,2026-02-10T22:00:00+00:00,640.78,1770761440.78,,,job3
1720,Executed,2026-02-11T16:10:00+00:00,0.08,1770826200.08,,,job
1721,Executed,2026-02-11T22:00:00+00:00,1699.5,1770848899.5,,,job3
1722,Executed,2026-02-12T16:10:00+00:00,0.07,1770912600.07,,,job
1723,Executed,2026-02-12T22:00:00+00:00,2791.22,1770936391.22,,,job3
1724,Executed,2026-02-13T16:10:00+00:00,0.09,1770999000.09,,,job
1725,Executed,2026-02-13T22:00:00+00:00,1708.88,1771021708.88,,,job3
1738,Executed,2026-02-20T16:10:00+00:00,0.07,1771603800.07,,,job
1739,Executed,2026-02-20T22:00:00+00:00,1755.68,1771626555.68,,,job3
1740,Executed,2026-02-21T16:10:00+00:00,0.07,1771690200.07,,,job
1741,Executed,2026-02-21T22:00:00+00:00,2848.37,1771714048.37,,,job3
1742,Executed,2026-02-22T16:10:00+00:00,0.07,1771776600.07,,,job
1743,Executed,2026-02-22T22:00:00+00:00,1791.11,1771799391.11,,,job3
1744,Executed,2026-02-23T16:10:00+00:00,0.07,1771863000.07,,,job
1745,Executed,2026-02-23T22:00:00+00:00,2873.34,1771886873.34,,,job3
1746,Executed,2026-02-24T16:10:00+00:00,0.1,1771949400.1,,,job
1747,Executed,2026-02-24T22:00:00+00:00,5075.13,1771975475.13,,,job3
1748,Executed,2026-02-25T16:10:00+00:00,0.07,1772035800.07,,,job
1749,Executed,2026-02-25T22:00:00+00:00,1825.66,1772058625.66,,,job3
1750,Executed,2026-02-26T16:10:00+00:00,0.1,1772122200.1,,,job
1751,Executed,2026-02-26T22:00:00+00:00,4021.64,1772147221.64,,,job3
1752,Executed,2026-02-27T16:10:00+00:00,0.1,1772208600.1,,,job
1753,Executed,2026-02-27T22:00:00+00:00,1824.17,1772231424.17,,,job3
1754,Executed,2026-02-28T16:10:00+00:00,0.07,1772295000.07,,,job
1755,Executed,2026-02-28T22:00:00+00:00,2925.03,1772318925.03,,,job3
1756,Executed,2026-03-01T16:10:00+00:00,0.08,1772381400.08,,,job
1757,Executed,2026-03-01T22:00:00+00:00,1870.48,1772404270.48,,,job3
1758,Executed,2026-03-02T16:10:00+00:00,0.1,1772467800.1,,,job
1759,Executed,2026-03-02T22:00:00+00:00,759.99,1772489559.99,,,job3
1760,Executed,2026-03-03T16:10:00+00:00,0.1,1772554200.1,,,job
1761,Executed,2026-03-03T22:00:00+00:00,3058.66,1772578258.66,,,job3
1762,Executed,2026-03-04T16:10:00+00:00,0.09,1772640600.09,,,job
1763,Executed,2026-03-04T22:00:00+00:00,1882.32,1772663482.32,,,job3
1764,Executed,2026-03-05T16:10:00+00:00,0.07,1772727000.07,,,job
1765,Executed,2026-03-05T22:00:00+00:00,2807.66,1772750807.66,,,job3
1766,Executed,2026-03-06T16:10:00+00:00,0.08,1772813400.08,,,job
1767,Executed,2026-03-06T22:00:00+00:00,1851.65,1772836251.65,,,job3
1768,Executed,2026-03-07T16:10:00+00:00,0.08,1772899800.08,,,job
1769,Executed,2026-03-07T22:00:00+00:00,831.41,1772921631.41,,,job3
1770,Executed,2026-03-08T16:10:00+00:00,0.1,1772986200.1,,,job
1771,Executed,2026-03-08T22:00:00+00:00,1856.75,1773009056.75,,,job3
1772,Executed,2026-03-09T16:10:00+00:00,0.1,1773072600.1,,,job
1773,Executed,2026-03-09T22:00:00+00:00,1860.16,1773095460.16,,,job3
1774,Executed,2026-03-10T16:10:00+00:00,0.1,1773159000.1,,,job
1775,Executed,2026-03-10T22:00:00+00:00,853.15,1773180853.15,,,job3
1776,Executed,2026-03-11T16:10:00+00:00,0.08,1773245400.08,,,job
1777,Executed,2026-03-11T22:00:00+00:00,2953.48,1773269353.48,,,job3
1778,Executed,2026-03-12T16:10:00+00:00,0.09,1773331800.09,,,job
1779,Executed,2026-03-12T22:00:00+00:00,2974.12,1773355774.12,,,job3
1780,Executed,2026-03-13T16:10:00+00:00,0.07,1773418200.07,,,job
1781,Executed,2026-03-13T22:00:00+00:00,870.68,1773440070.68,,,job3
1782,Executed,2026-03-14T16:10:00+00:00,0.07,1773504600.07,,,job
1783,Executed,2026-03-14T22:00:00+00:00,1894.17,1773527494.17,,,job3
1784,Executed,2026-03-15T16:10:00+00:00,0.08,1773591000.08,,,job
1785,Executed,2026-03-15T22:00:00+00:00,3068.49,1773615068.49,,,job3
1786,Executed,2026-03-16T16:10:00+00:00,0.08,1773677400.08,,,job
1787,Executed,2026-03-16T22:00:00+00:00,1781.19,1773700181.19,,,job3
1788,Executed,2026-03-17T16:10:00+00:00,0.08,1773763800.08,,,job
1789,Executed,2026-03-17T22:00:00+00:00,429.32,1773785229.32,,,job3
1790,Executed,2026-03-18T16:10:00+00:00,0.07,1773850200.07,,,job
1791,Executed,2026-03-18T22:00:00+00:00,1541.58,1773872741.58,,,job3
1792,Executed,2026-03-19T16:10:00+00:00,0.39,1773936600.39,,,job
1793,Executed,2026-03-19T22:00:00+00:00,941.58,1773958541.58,,,job3
1794,Executed,2026-03-20T16:10:00+00:00,0.07,1774023000.07,,,job
1795,Executed,2026-03-20T22:00:00+00:00,1804.94,1774045804.94,,,job3
1796,Executed,2026-03-21T16:10:00+00:00,0.07,1774109400.07,,,job
1797,Executed,2026-03-21T22:00:00+00:00,3098.63,1774133498.63,,,job3
1798,Executed,2026-03-22T16:10:00+00:00,0.09,1774195800.09,,,job
1799,Executed,2026-03-22T22:00:00+00:00,929.5,1774217729.5,,,job3
1800,Executed,2026-03-23T16:10:00+00:00,0.09,1774282200.09,,,job
1801,Executed,2026-03-23T22:00:00+00:00,970.29,1774304170.29,,,job3
1802,Executed,2026-03-24T16:10:00+00:00,0.08,1774368600.08,,,job
1803,Executed,2026-03-24T22:00:00+00:00,1529.17,1774391129.17,,,job3
1804,Executed,2026-03-25T16:10:00+00:00,0.09,1774455000.09,,,job
1805,Executed,2026-03-25T22:00:00+00:00,939.72,1774476939.72,,,job3
1806,Executed,2026-03-26T16:10:00+00:00,0.08,1774541400.08,,,job
1807,Executed,2026-03-26T22:00:00+00:00,943.66,1774563343.66,,,job3
1808,Executed,2026-03-27T16:10:00+00:00,0.08,1774627800.08,,,job
1809,Executed,2026-03-27T22:00:00+00:00,1989.96,1774650789.96,,,job3
1810,Executed,2026-03-28T16:10:00+00:00,0.07,1774714200.07,,,job
1811,Executed,2026-03-28T22:00:00+00:00,946.44,1774736146.44,,,job3
1812,Executed,2026-03-29T16:10:00+00:00,0.09,1774800600.09,,,job
1813,Executed,2026-03-29T22:00:00+00:00,2024.3,1774823624.3,,,job3
1814,Executed,2026-03-30T16:10:00+00:00,0.09,1774887000.09,,,job
1815,Executed,2026-03-30T22:00:00+00:00,956.93,1774908956.93,,,job3
1816,Executed,2026-03-31T16:10:00+00:00,0.09,1774973400.09,,,job
1817,Executed,2026-03-31T22:00:00+00:00,987.35,1774995387.35,,,job3
1818,Executed,2026-04-01T16:10:00+00:00,0.09,1775059800.09,,,job
1819,Executed,2026-04-01T22:00:00+00:00,2041.16,1775082841.16,,,job3
1820,Executed,2026-04-02T16:10:00+00:00,0.08,1775146200.08,,,job
1821,Executed,2026-04-02T22:00:00+00:00,1184.75,1775168384.75,,,job3
1822,Executed,2026-04-03T16:10:00+00:00,0.1,1775232600.1,,,job
1823,Executed,2026-04-03T22:00:00+00:00,1015.05,1775254615.05,,,job3
1824,Executed,2026-04-04T16:10:00+00:00,0.08,1775319000.08,,,job
1825,Executed,2026-04-04T22:00:00+00:00,2032.11,1775342032.11,,,job3
1826,Executed,2026-04-05T16:10:00+00:00,0.08,1775405400.08,,,job
1827,Executed,2026-04-05T22:00:00+00:00,1027.09,1775427427.09,,,job3
1828,Executed,2026-04-06T16:10:00+00:00,0.08,1775491800.08,,,job
1829,Executed,2026-04-06T22:00:00+00:00,2112.23,1775514912.23,,,job3
1830,Executed,2026-04-07T16:10:00+00:00,0.07,1775578200.07,,,job
1831,Executed,2026-04-07T22:00:00+00:00,1545.01,1775600745.01,,,job3
1832,Executed,2026-04-08T16:10:00+00:00,0.09,1775664600.09,,,job
1833,Executed,2026-04-08T22:00:00+00:00,1049.09,1775686649.09,,,job3
1834,Executed,2026-04-09T16:10:00+00:00,0.08,1775751000.08,,,job
1835,Executed,2026-04-09T22:00:00+00:00,2077.13,1775774077.13,,,job3
1836,Executed,2026-04-10T16:10:00+00:00,0.1,1775837400.1,,,job
1837,Executed,2026-04-10T22:00:00+00:00,1909.71,1775860309.71,,,job3
1838,Executed,2026-04-11T16:10:00+00:00,0.08,1775923800.08,,,job
1839,Executed,2026-04-11T22:00:00+00:00,1090.14,1775945890.14,,,job3
1840,Executed,2026-04-12T16:10:00+00:00,0.08,1776010200.08,,,job
1841,Executed,2026-04-12T22:00:00+00:00,2121.33,1776033321.33,,,job3
1842,Executed,2026-04-13T16:10:00+00:00,0.07,1776096600.07,,,job
1843,Executed,2026-04-13T22:00:00+00:00,3152.82,1776120752.82,,,job3
1844,Executed,2026-04-14T16:10:00+00:00,0.09,1776183000.09,,,job
1845,Executed,2026-04-14T22:00:00+00:00,2176.77,1776206176.77,,,job3
1846,Executed,2026-04-15T16:10:00+00:00,0.08,1776269400.08,,,job
1847,Executed,2026-04-15T22:00:00+00:00,2161.43,1776292561.43,,,job3
1848,Executed,2026-04-16T16:10:00+00:00,0.07,1776355800.07,,,job
1849,Executed,2026-04-16T22:00:00+00:00,2197.57,1776378997.57,,,job3
1850,Executed,2026-04-17T16:10:00+00:00,0.1,1776442200.1,,,job
1851,Executed,2026-04-17T22:00:00+00:00,2246.08,1776465446.08,,,job3
1852,Executed,2026-04-18T16:10:00+00:00,0.08,1776528600.08,,,job
1853,Executed,2026-04-18T22:00:00+00:00,1107.12,1776550707.12,,,job3
1854,Executed,2026-04-19T16:10:00+00:00,0.08,1776615000.08,,,job
1855,Executed,2026-04-19T22:00:00+00:00,1114.38,1776637114.38,,,job3
1856,Executed,2026-04-20T16:10:00+00:00,0.07,1776701400.07,,,job
1857,Executed,2026-04-20T22:00:00+00:00,1098.12,1776723498.12,,,job3
1858,Executed,2026-04-21T16:10:00+00:00,0.09,1776787800.09,,,job
1859,Executed,2026-04-21T22:00:00+00:00,1087.92,1776809887.92,,,job3
1860,Executed,2026-04-22T16:10:00+00:00,0.07,1776874200.07,,,job
1861,Executed,2026-04-22T22:00:00+00:00,2260.57,1776897460.57,,,job3
1862,Executed,2026-04-23T16:10:00+00:00,0.08,1776960600.08,,,job
1863,Executed,2026-04-23T22:00:00+00:00,2235.45,1776983835.45,,,job3
1864,Executed,2026-04-24T16:10:00+00:00,12.86,1777047012.86,,,job
1865,Executed,2026-04-24T22:00:00+00:00,1850.67,1777069850.67,,,job3
1866,Executed,2026-04-25T16:10:00+00:00,16.91,1777133416.91,,,job
1867,Executed,2026-04-25T22:00:00+00:00,1844.02,1777156244.02,,,job3
1868,Executed,2026-04-26T16:10:00+00:00,480.9,1777220280.9,,,job
1869,Executed,2026-04-26T22:00:00+00:00,702.77,1777241502.77,,,job3
1870,Executed,2026-04-27T16:10:00+00:00,480.95,1777306680.95,,,job
1871,Executed,2026-04-27T22:00:00+00:00,727.95,1777327927.95,,,job3
1872,Executed,2026-04-28T16:10:00+00:00,15.28,1777392615.28,,,job
1873,Executed,2026-04-28T22:00:00+00:00,3083.28,1777416683.28,,,job3
1874,Executed,2026-04-29T16:10:00+00:00,17.64,1777479017.64,,,job
1875,Executed,2026-04-29T22:00:00+00:00,996.04,1777500996.04,,,job3
1876,Executed,2026-04-30T16:10:00+00:00,16.84,1777565416.84,,,job
1877,Executed,2026-04-30T22:00:00+00:00,739.2,1777587139.2,,,job3
1878,Executed,2026-05-01T16:10:00+00:00,18.11,1777651818.11,,,job
1879,Executed,2026-05-01T22:00:00+00:00,747.12,1777673547.12,,,job3
1880,Executed,2026-05-02T16:10:00+00:00,15.2,1777738215.2,,,job
1881,Executed,2026-05-02T22:00:00+00:00,1920.11,1777761120.11,,,job3
1882,Executed,2026-05-03T16:10:00+00:00,480.93,1777825080.93,,,job
1883,Executed,2026-05-03T22:00:00+00:00,1986.28,1777847586.28,,,job3
1884,Executed,2026-05-04T16:10:00+00:00,21.35,1777911021.35,,,job
1885,Executed,2026-05-04T22:00:00+00:00,791.3,1777932791.3,,,job3
1886,Executed,2026-05-05T16:10:00+00:00,481.43,1777997881.43,,,job
1887,Executed,2026-05-05T22:00:00+00:00,2034.97,1778020434.97,,,job3
1888,Executed,2026-05-06T16:10:00+00:00,17.16,1778083817.16,,,job
1889,Executed,2026-05-06T22:00:00+00:00,954.97,1778105754.97,,,job3
1890,Executed,2026-05-07T16:10:00+00:00,11.97,1778170211.97,,,job
1891,Executed,2026-05-07T22:00:00+00:00,780.34,1778191980.34,,,job3
1892,Executed,2026-05-08T16:10:00+00:00,14.11,1778256614.11,,,job
1893,Executed,2026-05-08T22:00:00+00:00,784.71,1778278384.71,,,job3
1894,Executed,2026-05-09T16:10:00+00:00,19.82,1778343019.82,,,job
1895,Executed,2026-05-09T22:00:00+00:00,806.11,1778364806.11,,,job3
1896,Executed,2026-05-10T16:10:00+00:00,481.06,1778429881.06,,,job
1897,Executed,2026-05-10T22:00:00+00:00,799.4,1778451199.4,,,job3
1898,Executed,2026-05-11T16:10:00+00:00,481.38,1778516281.38,,,job
1899,Executed,2026-05-11T22:00:00+00:00,1958.55,1778538758.55,,,job3
1900,Executed,2026-05-12T16:10:00+00:00,14.69,1778602214.69,,,job
1901,Executed,2026-05-12T22:00:00+00:00,822.22,1778624022.22,,,job3
1902,Executed,2026-05-13T16:10:00+00:00,16.22,1778688616.22,,,job
1903,Started execution,2026-05-13T22:00:00+00:00,,,,,job3
1904,Executed,2026-05-18T16:10:00+00:00,11.7,1779120611.7,,,job
1905,Executed,2026-05-18T22:00:00+00:00,857.73,1779142457.73,,,job3
1906,Executed,2026-05-19T16:10:00+00:00,27.17,1779207027.17,,,job
1907,Executed,2026-05-19T22:00:00+00:00,1510.99,1779229510.99,,,job3
1908,Executed,2026-05-20T16:10:00+00:00,1.82,1779293401.82,,,job
1909,Executed,2026-05-20T22:00:00+00:00,2069.59,1779316469.59,,,job3
1910,Executed,2026-05-21T16:10:00+00:00,1.21,1779379801.21,,,job
1911,Executed,2026-05-21T22:00:00+00:00,2049.11,1779402849.11,,,job3
1912,Executed,2026-05-22T16:10:00+00:00,2.4,1779466202.4,,,job
1913,Executed,2026-05-22T22:00:00+00:00,20119.97,1779507319.97,,,job3
1914,Executed,2026-05-23T16:10:00+00:00,2.25,1779552602.25,,,job
1915,Executed,2026-05-23T22:00:00+00:00,20112.54,1779593712.54,,,job3
1916,Executed,2026-05-24T16:10:00+00:00,3.39,1779639003.39,,,job
1917,Executed,2026-05-24T22:00:00+00:00,902.64,1779660902.64,,,job3
1918,Executed,2026-05-25T16:10:00+00:00,2.21,1779725402.21,,,job
1919,Executed,2026-05-25T22:00:00+00:00,2063.39,1779748463.39,,,job3
1920,Executed,2026-05-26T16:10:00+00:00,1.5,1779811801.5,,,job
1921,Executed,2026-05-26T22:00:00+00:00,4336.84,1779837136.84,,,job3
1922,Executed,2026-05-27T16:10:00+00:00,2.71,1779898202.71,,,job
1923,Executed,2026-05-27T22:00:00+00:00,1114.84,1779920314.84,,,job3
