folder_name,source,origin,plable
1,1/a_16-1-1-1(108)_1.jpg,1/b_16-1-1-1(108)_1.jpg,1/c_16-1-1-1(108)_1.jpg
10,10/a_16-1-1-1(108)_23.jpg,10/b_16-1-1-1(108)_23.jpg,10/c_16-1-1-1(108)_23.jpg
100,100/a_16-1-1-1(30)_14.jpg,100/b_16-1-1-1(30)_14.jpg,100/c_16-1-1-1(30)_14.jpg
1000,1000/a_IMG_9111_2.jpg,1000/b_IMG_9111_2.jpg,1000/c_IMG_9111_2.jpg
1001,1001/a_IMG_9111_5.jpg,1001/b_IMG_9111_5.jpg,1001/c_IMG_9111_5.jpg
1002,1002/a_IMG_9111_6.jpg,1002/b_IMG_9111_6.jpg,1002/c_IMG_9111_6.jpg
1003,1003/a_IMG_9111_7.jpg,1003/b_IMG_9111_7.jpg,1003/c_IMG_9111_7.jpg
1004,1004/a_IMG_9111_9.jpg,1004/b_IMG_9111_9.jpg,1004/c_IMG_9111_9.jpg
1005,1005/a_IMG_9113_1.jpg,1005/b_IMG_9113_1.jpg,1005/c_IMG_9113_1.jpg
1006,1006/a_IMG_9113_11.jpg,1006/b_IMG_9113_11.jpg,1006/c_IMG_9113_11.jpg
1007,1007/a_IMG_9113_12.jpg,1007/b_IMG_9113_12.jpg,1007/c_IMG_9113_12.jpg
1008,1008/a_IMG_9113_2.jpg,1008/b_IMG_9113_2.jpg,1008/c_IMG_9113_2.jpg
1009,1009/a_IMG_9113_8.jpg,1009/b_IMG_9113_8.jpg,1009/c_IMG_9113_8.jpg
101,101/a_16-1-1-1(30)_15.jpg,101/b_16-1-1-1(30)_15.jpg,101/c_16-1-1-1(30)_15.jpg
1010,1010/a_IMG_9115_10.jpg,1010/b_IMG_9115_10.jpg,1010/c_IMG_9115_10.jpg
1011,1011/a_IMG_9115_13.jpg,1011/b_IMG_9115_13.jpg,1011/c_IMG_9115_13.jpg
1012,1012/a_IMG_9115_14.jpg,1012/b_IMG_9115_14.jpg,1012/c_IMG_9115_14.jpg
1013,1013/a_IMG_9115_6.jpg,1013/b_IMG_9115_6.jpg,1013/c_IMG_9115_6.jpg
1014,1014/a_IMG_9119_8.jpg,1014/b_IMG_9119_8.jpg,1014/c_IMG_9119_8.jpg
1015,1015/a_IMG_9121_6.jpg,1015/b_IMG_9121_6.jpg,1015/c_IMG_9121_6.jpg
1016,1016/a_IMG_9125_14.jpg,1016/b_IMG_9125_14.jpg,1016/c_IMG_9125_14.jpg
1017,1017/a_IMG_9125_16.jpg,1017/b_IMG_9125_16.jpg,1017/c_IMG_9125_16.jpg
1018,1018/a_IMG_9125_5.jpg,1018/b_IMG_9125_5.jpg,1018/c_IMG_9125_5.jpg
1019,1019/a_IMG_9125_7.jpg,1019/b_IMG_9125_7.jpg,1019/c_IMG_9125_7.jpg
102,102/a_16-1-1-1(30)_16.jpg,102/b_16-1-1-1(30)_16.jpg,102/c_16-1-1-1(30)_16.jpg
1020,1020/a_IMG_9125_8.jpg,1020/b_IMG_9125_8.jpg,1020/c_IMG_9125_8.jpg
1021,1021/a_IMG_9127_10.jpg,1021/b_IMG_9127_10.jpg,1021/c_IMG_9127_10.jpg
1022,1022/a_IMG_9127_12.jpg,1022/b_IMG_9127_12.jpg,1022/c_IMG_9127_12.jpg
1023,1023/a_IMG_9127_14.jpg,1023/b_IMG_9127_14.jpg,1023/c_IMG_9127_14.jpg
1024,1024/a_IMG_9127_6.jpg,1024/b_IMG_9127_6.jpg,1024/c_IMG_9127_6.jpg
1025,1025/a_IMG_9127_8.jpg,1025/b_IMG_9127_8.jpg,1025/c_IMG_9127_8.jpg
1026,1026/a_IMG_9129_10.jpg,1026/b_IMG_9129_10.jpg,1026/c_IMG_9129_10.jpg
1027,1027/a_IMG_9129_11.jpg,1027/b_IMG_9129_11.jpg,1027/c_IMG_9129_11.jpg
1028,1028/a_IMG_9129_12.jpg,1028/b_IMG_9129_12.jpg,1028/c_IMG_9129_12.jpg
1029,1029/a_IMG_9129_13.jpg,1029/b_IMG_9129_13.jpg,1029/c_IMG_9129_13.jpg
103,103/a_16-1-1-1(30)_17.jpg,103/b_16-1-1-1(30)_17.jpg,103/c_16-1-1-1(30)_17.jpg
1030,1030/a_IMG_9129_14.jpg,1030/b_IMG_9129_14.jpg,1030/c_IMG_9129_14.jpg
1031,1031/a_IMG_9129_16.jpg,1031/b_IMG_9129_16.jpg,1031/c_IMG_9129_16.jpg
1032,1032/a_IMG_9129_7.jpg,1032/b_IMG_9129_7.jpg,1032/c_IMG_9129_7.jpg
1033,1033/a_IMG_9292_1.jpg,1033/b_IMG_9292_1.jpg,1033/c_IMG_9292_1.jpg
1034,1034/a_IMG_9292_11.jpg,1034/b_IMG_9292_11.jpg,1034/c_IMG_9292_11.jpg
1035,1035/a_IMG_9292_12.jpg,1035/b_IMG_9292_12.jpg,1035/c_IMG_9292_12.jpg
1036,1036/a_IMG_9292_13.jpg,1036/b_IMG_9292_13.jpg,1036/c_IMG_9292_13.jpg
1037,1037/a_IMG_9292_14.jpg,1037/b_IMG_9292_14.jpg,1037/c_IMG_9292_14.jpg
1038,1038/a_IMG_9292_15.jpg,1038/b_IMG_9292_15.jpg,1038/c_IMG_9292_15.jpg
1039,1039/a_IMG_9292_16.jpg,1039/b_IMG_9292_16.jpg,1039/c_IMG_9292_16.jpg
104,104/a_16-1-1-1(30)_18.jpg,104/b_16-1-1-1(30)_18.jpg,104/c_16-1-1-1(30)_18.jpg
1040,1040/a_IMG_9292_19.jpg,1040/b_IMG_9292_19.jpg,1040/c_IMG_9292_19.jpg
1041,1041/a_IMG_9292_2.jpg,1041/b_IMG_9292_2.jpg,1041/c_IMG_9292_2.jpg
1042,1042/a_IMG_9292_4.jpg,1042/b_IMG_9292_4.jpg,1042/c_IMG_9292_4.jpg
1043,1043/a_IMG_9292_6.jpg,1043/b_IMG_9292_6.jpg,1043/c_IMG_9292_6.jpg
1044,1044/a_IMG_9292_9.jpg,1044/b_IMG_9292_9.jpg,1044/c_IMG_9292_9.jpg
1045,1045/a_IMG_9293_10.jpg,1045/b_IMG_9293_10.jpg,1045/c_IMG_9293_10.jpg
1046,1046/a_IMG_9293_15.jpg,1046/b_IMG_9293_15.jpg,1046/c_IMG_9293_15.jpg
1047,1047/a_IMG_9293_16.jpg,1047/b_IMG_9293_16.jpg,1047/c_IMG_9293_16.jpg
1048,1048/a_IMG_9293_20.jpg,1048/b_IMG_9293_20.jpg,1048/c_IMG_9293_20.jpg
1049,1049/a_IMG_9293_3.jpg,1049/b_IMG_9293_3.jpg,1049/c_IMG_9293_3.jpg
105,105/a_16-1-1-1(30)_19.jpg,105/b_16-1-1-1(30)_19.jpg,105/c_16-1-1-1(30)_19.jpg
1050,1050/a_IMG_9293_4.jpg,1050/b_IMG_9293_4.jpg,1050/c_IMG_9293_4.jpg
1051,1051/a_IMG_9293_5.jpg,1051/b_IMG_9293_5.jpg,1051/c_IMG_9293_5.jpg
1052,1052/a_IMG_9293_6.jpg,1052/b_IMG_9293_6.jpg,1052/c_IMG_9293_6.jpg
1053,1053/a_IMG_9294_14.jpg,1053/b_IMG_9294_14.jpg,1053/c_IMG_9294_14.jpg
1054,1054/a_IMG_9294_16.jpg,1054/b_IMG_9294_16.jpg,1054/c_IMG_9294_16.jpg
1055,1055/a_IMG_9294_17.jpg,1055/b_IMG_9294_17.jpg,1055/c_IMG_9294_17.jpg
1056,1056/a_IMG_9294_18.jpg,1056/b_IMG_9294_18.jpg,1056/c_IMG_9294_18.jpg
1057,1057/a_IMG_9294_19.jpg,1057/b_IMG_9294_19.jpg,1057/c_IMG_9294_19.jpg
1058,1058/a_IMG_9294_20.jpg,1058/b_IMG_9294_20.jpg,1058/c_IMG_9294_20.jpg
1059,1059/a_IMG_9295_11.jpg,1059/b_IMG_9295_11.jpg,1059/c_IMG_9295_11.jpg
106,106/a_16-1-1-1(30)_20.jpg,106/b_16-1-1-1(30)_20.jpg,106/c_16-1-1-1(30)_20.jpg
1060,1060/a_IMG_9295_12.jpg,1060/b_IMG_9295_12.jpg,1060/c_IMG_9295_12.jpg
1061,1061/a_IMG_9295_13.jpg,1061/b_IMG_9295_13.jpg,1061/c_IMG_9295_13.jpg
1062,1062/a_IMG_9295_14.jpg,1062/b_IMG_9295_14.jpg,1062/c_IMG_9295_14.jpg
1063,1063/a_IMG_9295_15.jpg,1063/b_IMG_9295_15.jpg,1063/c_IMG_9295_15.jpg
1064,1064/a_IMG_9295_16.jpg,1064/b_IMG_9295_16.jpg,1064/c_IMG_9295_16.jpg
1065,1065/a_IMG_9295_17.jpg,1065/b_IMG_9295_17.jpg,1065/c_IMG_9295_17.jpg
1066,1066/a_IMG_9295_19.jpg,1066/b_IMG_9295_19.jpg,1066/c_IMG_9295_19.jpg
1136,1136/a_IMG_9311_9.jpg,1136/b_IMG_9311_9.jpg,1136/c_IMG_9311_9.jpg
1067,1067/a_IMG_9295_20.jpg,1067/b_IMG_9295_20.jpg,1067/c_IMG_9295_20.jpg
1068,1068/a_IMG_9295_3.jpg,1068/b_IMG_9295_3.jpg,1068/c_IMG_9295_3.jpg
1069,1069/a_IMG_9295_6.jpg,1069/b_IMG_9295_6.jpg,1069/c_IMG_9295_6.jpg
107,107/a_16-1-1-1(30)_21.jpg,107/b_16-1-1-1(30)_21.jpg,107/c_16-1-1-1(30)_21.jpg
1070,1070/a_IMG_9295_7.jpg,1070/b_IMG_9295_7.jpg,1070/c_IMG_9295_7.jpg
1071,1071/a_IMG_9297_10.jpg,1071/b_IMG_9297_10.jpg,1071/c_IMG_9297_10.jpg
1072,1072/a_IMG_9297_12.jpg,1072/b_IMG_9297_12.jpg,1072/c_IMG_9297_12.jpg
1073,1073/a_IMG_9297_14.jpg,1073/b_IMG_9297_14.jpg,1073/c_IMG_9297_14.jpg
1074,1074/a_IMG_9297_15.jpg,1074/b_IMG_9297_15.jpg,1074/c_IMG_9297_15.jpg
1075,1075/a_IMG_9297_7.jpg,1075/b_IMG_9297_7.jpg,1075/c_IMG_9297_7.jpg
1076,1076/a_IMG_9297_8.jpg,1076/b_IMG_9297_8.jpg,1076/c_IMG_9297_8.jpg
1077,1077/a_IMG_9297_9.jpg,1077/b_IMG_9297_9.jpg,1077/c_IMG_9297_9.jpg
1078,1078/a_IMG_9299_16.jpg,1078/b_IMG_9299_16.jpg,1078/c_IMG_9299_16.jpg
1079,1079/a_IMG_9299_17.jpg,1079/b_IMG_9299_17.jpg,1079/c_IMG_9299_17.jpg
108,108/a_16-1-1-1(30)_22.jpg,108/b_16-1-1-1(30)_22.jpg,108/c_16-1-1-1(30)_22.jpg
1080,1080/a_IMG_9300_1.jpg,1080/b_IMG_9300_1.jpg,1080/c_IMG_9300_1.jpg
1081,1081/a_IMG_9300_10.jpg,1081/b_IMG_9300_10.jpg,1081/c_IMG_9300_10.jpg
1082,1082/a_IMG_9300_2.jpg,1082/b_IMG_9300_2.jpg,1082/c_IMG_9300_2.jpg
1083,1083/a_IMG_9300_3.jpg,1083/b_IMG_9300_3.jpg,1083/c_IMG_9300_3.jpg
1084,1084/a_IMG_9300_5.jpg,1084/b_IMG_9300_5.jpg,1084/c_IMG_9300_5.jpg
1085,1085/a_IMG_9300_6.jpg,1085/b_IMG_9300_6.jpg,1085/c_IMG_9300_6.jpg
1086,1086/a_IMG_9300_7.jpg,1086/b_IMG_9300_7.jpg,1086/c_IMG_9300_7.jpg
1087,1087/a_IMG_9302_10.jpg,1087/b_IMG_9302_10.jpg,1087/c_IMG_9302_10.jpg
1088,1088/a_IMG_9302_11.jpg,1088/b_IMG_9302_11.jpg,1088/c_IMG_9302_11.jpg
1089,1089/a_IMG_9302_12.jpg,1089/b_IMG_9302_12.jpg,1089/c_IMG_9302_12.jpg
109,109/a_16-1-1-1(30)_23.jpg,109/b_16-1-1-1(30)_23.jpg,109/c_16-1-1-1(30)_23.jpg
1090,1090/a_IMG_9302_15.jpg,1090/b_IMG_9302_15.jpg,1090/c_IMG_9302_15.jpg
1091,1091/a_IMG_9302_19.jpg,1091/b_IMG_9302_19.jpg,1091/c_IMG_9302_19.jpg
1092,1092/a_IMG_9302_2.jpg,1092/b_IMG_9302_2.jpg,1092/c_IMG_9302_2.jpg
1093,1093/a_IMG_9302_20.jpg,1093/b_IMG_9302_20.jpg,1093/c_IMG_9302_20.jpg
1094,1094/a_IMG_9302_4.jpg,1094/b_IMG_9302_4.jpg,1094/c_IMG_9302_4.jpg
1095,1095/a_IMG_9302_9.jpg,1095/b_IMG_9302_9.jpg,1095/c_IMG_9302_9.jpg
1096,1096/a_IMG_9303_11.jpg,1096/b_IMG_9303_11.jpg,1096/c_IMG_9303_11.jpg
1097,1097/a_IMG_9303_18.jpg,1097/b_IMG_9303_18.jpg,1097/c_IMG_9303_18.jpg
1098,1098/a_IMG_9303_19.jpg,1098/b_IMG_9303_19.jpg,1098/c_IMG_9303_19.jpg
1099,1099/a_IMG_9303_20.jpg,1099/b_IMG_9303_20.jpg,1099/c_IMG_9303_20.jpg
11,11/a_16-1-1-1(108)_3.jpg,11/b_16-1-1-1(108)_3.jpg,11/c_16-1-1-1(108)_3.jpg
110,110/a_16-1-1-1(30)_24.jpg,110/b_16-1-1-1(30)_24.jpg,110/c_16-1-1-1(30)_24.jpg
1100,1100/a_IMG_9303_9.jpg,1100/b_IMG_9303_9.jpg,1100/c_IMG_9303_9.jpg
1101,1101/a_IMG_9304_1.jpg,1101/b_IMG_9304_1.jpg,1101/c_IMG_9304_1.jpg
1102,1102/a_IMG_9304_16.jpg,1102/b_IMG_9304_16.jpg,1102/c_IMG_9304_16.jpg
1103,1103/a_IMG_9304_2.jpg,1103/b_IMG_9304_2.jpg,1103/c_IMG_9304_2.jpg
1104,1104/a_IMG_9304_4.jpg,1104/b_IMG_9304_4.jpg,1104/c_IMG_9304_4.jpg
1105,1105/a_IMG_9309_11.jpg,1105/b_IMG_9309_11.jpg,1105/c_IMG_9309_11.jpg
1106,1106/a_IMG_9309_12.jpg,1106/b_IMG_9309_12.jpg,1106/c_IMG_9309_12.jpg
1107,1107/a_IMG_9309_14.jpg,1107/b_IMG_9309_14.jpg,1107/c_IMG_9309_14.jpg
1108,1108/a_IMG_9309_15.jpg,1108/b_IMG_9309_15.jpg,1108/c_IMG_9309_15.jpg
1109,1109/a_IMG_9309_16.jpg,1109/b_IMG_9309_16.jpg,1109/c_IMG_9309_16.jpg
111,111/a_16-1-1-1(30)_25.jpg,111/b_16-1-1-1(30)_25.jpg,111/c_16-1-1-1(30)_25.jpg
1110,1110/a_IMG_9309_17.jpg,1110/b_IMG_9309_17.jpg,1110/c_IMG_9309_17.jpg
1111,1111/a_IMG_9309_18.jpg,1111/b_IMG_9309_18.jpg,1111/c_IMG_9309_18.jpg
1112,1112/a_IMG_9309_19.jpg,1112/b_IMG_9309_19.jpg,1112/c_IMG_9309_19.jpg
1113,1113/a_IMG_9309_20.jpg,1113/b_IMG_9309_20.jpg,1113/c_IMG_9309_20.jpg
1114,1114/a_IMG_9309_4.jpg,1114/b_IMG_9309_4.jpg,1114/c_IMG_9309_4.jpg
1115,1115/a_IMG_9309_5.jpg,1115/b_IMG_9309_5.jpg,1115/c_IMG_9309_5.jpg
1116,1116/a_IMG_9309_6.jpg,1116/b_IMG_9309_6.jpg,1116/c_IMG_9309_6.jpg
1117,1117/a_IMG_9309_7.jpg,1117/b_IMG_9309_7.jpg,1117/c_IMG_9309_7.jpg
1118,1118/a_IMG_9309_9.jpg,1118/b_IMG_9309_9.jpg,1118/c_IMG_9309_9.jpg
1119,1119/a_IMG_9310_18.jpg,1119/b_IMG_9310_18.jpg,1119/c_IMG_9310_18.jpg
112,112/a_16-1-1-1(30)_26.jpg,112/b_16-1-1-1(30)_26.jpg,112/c_16-1-1-1(30)_26.jpg
1120,1120/a_IMG_9310_19.jpg,1120/b_IMG_9310_19.jpg,1120/c_IMG_9310_19.jpg
1121,1121/a_IMG_9310_20.jpg,1121/b_IMG_9310_20.jpg,1121/c_IMG_9310_20.jpg
1122,1122/a_IMG_9310_4.jpg,1122/b_IMG_9310_4.jpg,1122/c_IMG_9310_4.jpg
1123,1123/a_IMG_9310_9.jpg,1123/b_IMG_9310_9.jpg,1123/c_IMG_9310_9.jpg
1124,1124/a_IMG_9311_1.jpg,1124/b_IMG_9311_1.jpg,1124/c_IMG_9311_1.jpg
1125,1125/a_IMG_9311_10.jpg,1125/b_IMG_9311_10.jpg,1125/c_IMG_9311_10.jpg
1126,1126/a_IMG_9311_12.jpg,1126/b_IMG_9311_12.jpg,1126/c_IMG_9311_12.jpg
1127,1127/a_IMG_9311_13.jpg,1127/b_IMG_9311_13.jpg,1127/c_IMG_9311_13.jpg
1128,1128/a_IMG_9311_14.jpg,1128/b_IMG_9311_14.jpg,1128/c_IMG_9311_14.jpg
1129,1129/a_IMG_9311_15.jpg,1129/b_IMG_9311_15.jpg,1129/c_IMG_9311_15.jpg
113,113/a_16-1-1-1(30)_27.jpg,113/b_16-1-1-1(30)_27.jpg,113/c_16-1-1-1(30)_27.jpg
1130,1130/a_IMG_9311_16.jpg,1130/b_IMG_9311_16.jpg,1130/c_IMG_9311_16.jpg
1131,1131/a_IMG_9311_17.jpg,1131/b_IMG_9311_17.jpg,1131/c_IMG_9311_17.jpg
1132,1132/a_IMG_9311_19.jpg,1132/b_IMG_9311_19.jpg,1132/c_IMG_9311_19.jpg
1133,1133/a_IMG_9311_20.jpg,1133/b_IMG_9311_20.jpg,1133/c_IMG_9311_20.jpg
1134,1134/a_IMG_9311_7.jpg,1134/b_IMG_9311_7.jpg,1134/c_IMG_9311_7.jpg
1135,1135/a_IMG_9311_8.jpg,1135/b_IMG_9311_8.jpg,1135/c_IMG_9311_8.jpg
1137,1137/a_IMG_9312_1.jpg,1137/b_IMG_9312_1.jpg,1137/c_IMG_9312_1.jpg
1138,1138/a_IMG_9312_10.jpg,1138/b_IMG_9312_10.jpg,1138/c_IMG_9312_10.jpg
1139,1139/a_IMG_9312_11.jpg,1139/b_IMG_9312_11.jpg,1139/c_IMG_9312_11.jpg
114,114/a_16-1-1-1(300)_1.jpg,114/b_16-1-1-1(300)_1.jpg,114/c_16-1-1-1(300)_1.jpg
1140,1140/a_IMG_9312_12.jpg,1140/b_IMG_9312_12.jpg,1140/c_IMG_9312_12.jpg
1141,1141/a_IMG_9312_13.jpg,1141/b_IMG_9312_13.jpg,1141/c_IMG_9312_13.jpg
1142,1142/a_IMG_9312_14.jpg,1142/b_IMG_9312_14.jpg,1142/c_IMG_9312_14.jpg
1143,1143/a_IMG_9312_15.jpg,1143/b_IMG_9312_15.jpg,1143/c_IMG_9312_15.jpg
1144,1144/a_IMG_9312_16.jpg,1144/b_IMG_9312_16.jpg,1144/c_IMG_9312_16.jpg
1145,1145/a_IMG_9312_17.jpg,1145/b_IMG_9312_17.jpg,1145/c_IMG_9312_17.jpg
1146,1146/a_IMG_9312_18.jpg,1146/b_IMG_9312_18.jpg,1146/c_IMG_9312_18.jpg
1147,1147/a_IMG_9312_2.jpg,1147/b_IMG_9312_2.jpg,1147/c_IMG_9312_2.jpg
1148,1148/a_IMG_9312_3.jpg,1148/b_IMG_9312_3.jpg,1148/c_IMG_9312_3.jpg
1149,1149/a_IMG_9312_4.jpg,1149/b_IMG_9312_4.jpg,1149/c_IMG_9312_4.jpg
115,115/a_16-1-1-1(300)_12.jpg,115/b_16-1-1-1(300)_12.jpg,115/c_16-1-1-1(300)_12.jpg
1150,1150/a_IMG_9312_6.jpg,1150/b_IMG_9312_6.jpg,1150/c_IMG_9312_6.jpg
1151,1151/a_IMG_9312_7.jpg,1151/b_IMG_9312_7.jpg,1151/c_IMG_9312_7.jpg
1152,1152/a_IMG_9312_8.jpg,1152/b_IMG_9312_8.jpg,1152/c_IMG_9312_8.jpg
1153,1153/a_IMG_9312_9.jpg,1153/b_IMG_9312_9.jpg,1153/c_IMG_9312_9.jpg
1154,1154/a_IMG_9313_1.jpg,1154/b_IMG_9313_1.jpg,1154/c_IMG_9313_1.jpg
1155,1155/a_IMG_9313_17.jpg,1155/b_IMG_9313_17.jpg,1155/c_IMG_9313_17.jpg
1156,1156/a_IMG_9313_19.jpg,1156/b_IMG_9313_19.jpg,1156/c_IMG_9313_19.jpg
1157,1157/a_IMG_9314_11.jpg,1157/b_IMG_9314_11.jpg,1157/c_IMG_9314_11.jpg
1158,1158/a_IMG_9314_12.jpg,1158/b_IMG_9314_12.jpg,1158/c_IMG_9314_12.jpg
1159,1159/a_IMG_9314_13.jpg,1159/b_IMG_9314_13.jpg,1159/c_IMG_9314_13.jpg
116,116/a_16-1-1-1(300)_3.jpg,116/b_16-1-1-1(300)_3.jpg,116/c_16-1-1-1(300)_3.jpg
1160,1160/a_IMG_9314_14.jpg,1160/b_IMG_9314_14.jpg,1160/c_IMG_9314_14.jpg
1161,1161/a_IMG_9314_15.jpg,1161/b_IMG_9314_15.jpg,1161/c_IMG_9314_15.jpg
1162,1162/a_IMG_9314_16.jpg,1162/b_IMG_9314_16.jpg,1162/c_IMG_9314_16.jpg
1163,1163/a_IMG_9314_17.jpg,1163/b_IMG_9314_17.jpg,1163/c_IMG_9314_17.jpg
1164,1164/a_IMG_9314_18.jpg,1164/b_IMG_9314_18.jpg,1164/c_IMG_9314_18.jpg
1165,1165/a_IMG_9314_19.jpg,1165/b_IMG_9314_19.jpg,1165/c_IMG_9314_19.jpg
1166,1166/a_IMG_9314_2.jpg,1166/b_IMG_9314_2.jpg,1166/c_IMG_9314_2.jpg
1167,1167/a_IMG_9314_20.jpg,1167/b_IMG_9314_20.jpg,1167/c_IMG_9314_20.jpg
1168,1168/a_IMG_9314_3.jpg,1168/b_IMG_9314_3.jpg,1168/c_IMG_9314_3.jpg
1169,1169/a_IMG_9314_6.jpg,1169/b_IMG_9314_6.jpg,1169/c_IMG_9314_6.jpg
117,117/a_16-1-1-1(303)_1.jpg,117/b_16-1-1-1(303)_1.jpg,117/c_16-1-1-1(303)_1.jpg
1170,1170/a_IMG_9314_7.jpg,1170/b_IMG_9314_7.jpg,1170/c_IMG_9314_7.jpg
1171,1171/a_IMG_9314_9.jpg,1171/b_IMG_9314_9.jpg,1171/c_IMG_9314_9.jpg
1172,1172/a_IMG_9315_10.jpg,1172/b_IMG_9315_10.jpg,1172/c_IMG_9315_10.jpg
1173,1173/a_IMG_9315_14.jpg,1173/b_IMG_9315_14.jpg,1173/c_IMG_9315_14.jpg
1174,1174/a_IMG_9315_16.jpg,1174/b_IMG_9315_16.jpg,1174/c_IMG_9315_16.jpg
1175,1175/a_IMG_9315_17.jpg,1175/b_IMG_9315_17.jpg,1175/c_IMG_9315_17.jpg
1176,1176/a_IMG_9315_18.jpg,1176/b_IMG_9315_18.jpg,1176/c_IMG_9315_18.jpg
1177,1177/a_IMG_9315_20.jpg,1177/b_IMG_9315_20.jpg,1177/c_IMG_9315_20.jpg
1178,1178/a_IMG_9316_10.jpg,1178/b_IMG_9316_10.jpg,1178/c_IMG_9316_10.jpg
1179,1179/a_IMG_9316_12.jpg,1179/b_IMG_9316_12.jpg,1179/c_IMG_9316_12.jpg
118,118/a_16-1-1-1(303)_2.jpg,118/b_16-1-1-1(303)_2.jpg,118/c_16-1-1-1(303)_2.jpg
1180,1180/a_IMG_9316_13.jpg,1180/b_IMG_9316_13.jpg,1180/c_IMG_9316_13.jpg
1181,1181/a_IMG_9316_14.jpg,1181/b_IMG_9316_14.jpg,1181/c_IMG_9316_14.jpg
1182,1182/a_IMG_9316_15.jpg,1182/b_IMG_9316_15.jpg,1182/c_IMG_9316_15.jpg
1183,1183/a_IMG_9316_16.jpg,1183/b_IMG_9316_16.jpg,1183/c_IMG_9316_16.jpg
1184,1184/a_IMG_9316_20.jpg,1184/b_IMG_9316_20.jpg,1184/c_IMG_9316_20.jpg
1185,1185/a_IMG_9316_3.jpg,1185/b_IMG_9316_3.jpg,1185/c_IMG_9316_3.jpg
1186,1186/a_IMG_9316_4.jpg,1186/b_IMG_9316_4.jpg,1186/c_IMG_9316_4.jpg
1187,1187/a_IMG_9316_5.jpg,1187/b_IMG_9316_5.jpg,1187/c_IMG_9316_5.jpg
1188,1188/a_IMG_9316_6.jpg,1188/b_IMG_9316_6.jpg,1188/c_IMG_9316_6.jpg
1189,1189/a_IMG_9316_7.jpg,1189/b_IMG_9316_7.jpg,1189/c_IMG_9316_7.jpg
119,119/a_16-1-1-1(303)_3.jpg,119/b_16-1-1-1(303)_3.jpg,119/c_16-1-1-1(303)_3.jpg
1190,1190/a_IMG_9317_1.jpg,1190/b_IMG_9317_1.jpg,1190/c_IMG_9317_1.jpg
1191,1191/a_IMG_9317_10.jpg,1191/b_IMG_9317_10.jpg,1191/c_IMG_9317_10.jpg
1192,1192/a_IMG_9317_11.jpg,1192/b_IMG_9317_11.jpg,1192/c_IMG_9317_11.jpg
1193,1193/a_IMG_9317_13.jpg,1193/b_IMG_9317_13.jpg,1193/c_IMG_9317_13.jpg
1194,1194/a_IMG_9317_15.jpg,1194/b_IMG_9317_15.jpg,1194/c_IMG_9317_15.jpg
1195,1195/a_IMG_9317_16.jpg,1195/b_IMG_9317_16.jpg,1195/c_IMG_9317_16.jpg
1196,1196/a_IMG_9317_17.jpg,1196/b_IMG_9317_17.jpg,1196/c_IMG_9317_17.jpg
1197,1197/a_IMG_9317_18.jpg,1197/b_IMG_9317_18.jpg,1197/c_IMG_9317_18.jpg
1198,1198/a_IMG_9317_19.jpg,1198/b_IMG_9317_19.jpg,1198/c_IMG_9317_19.jpg
1199,1199/a_IMG_9317_2.jpg,1199/b_IMG_9317_2.jpg,1199/c_IMG_9317_2.jpg
12,12/a_16-1-1-1(108)_4.jpg,12/b_16-1-1-1(108)_4.jpg,12/c_16-1-1-1(108)_4.jpg
120,120/a_16-1-1-1(303)_4.jpg,120/b_16-1-1-1(303)_4.jpg,120/c_16-1-1-1(303)_4.jpg
1200,1200/a_IMG_9317_20.jpg,1200/b_IMG_9317_20.jpg,1200/c_IMG_9317_20.jpg
1201,1201/a_IMG_9317_3.jpg,1201/b_IMG_9317_3.jpg,1201/c_IMG_9317_3.jpg
1202,1202/a_IMG_9317_4.jpg,1202/b_IMG_9317_4.jpg,1202/c_IMG_9317_4.jpg
1203,1203/a_IMG_9317_5.jpg,1203/b_IMG_9317_5.jpg,1203/c_IMG_9317_5.jpg
1204,1204/a_IMG_9317_6.jpg,1204/b_IMG_9317_6.jpg,1204/c_IMG_9317_6.jpg
1205,1205/a_IMG_9317_7.jpg,1205/b_IMG_9317_7.jpg,1205/c_IMG_9317_7.jpg
1206,1206/a_IMG_9318_1.jpg,1206/b_IMG_9318_1.jpg,1206/c_IMG_9318_1.jpg
1207,1207/a_IMG_9318_10.jpg,1207/b_IMG_9318_10.jpg,1207/c_IMG_9318_10.jpg
1208,1208/a_IMG_9318_15.jpg,1208/b_IMG_9318_15.jpg,1208/c_IMG_9318_15.jpg
1209,1209/a_IMG_9318_18.jpg,1209/b_IMG_9318_18.jpg,1209/c_IMG_9318_18.jpg
121,121/a_16-1-1-1(308)_1.jpg,121/b_16-1-1-1(308)_1.jpg,121/c_16-1-1-1(308)_1.jpg
1210,1210/a_IMG_9318_19.jpg,1210/b_IMG_9318_19.jpg,1210/c_IMG_9318_19.jpg
1211,1211/a_IMG_9318_2.jpg,1211/b_IMG_9318_2.jpg,1211/c_IMG_9318_2.jpg
1212,1212/a_IMG_9318_20.jpg,1212/b_IMG_9318_20.jpg,1212/c_IMG_9318_20.jpg
1213,1213/a_IMG_9318_5.jpg,1213/b_IMG_9318_5.jpg,1213/c_IMG_9318_5.jpg
1214,1214/a_IMG_9318_7.jpg,1214/b_IMG_9318_7.jpg,1214/c_IMG_9318_7.jpg
1215,1215/a_IMG_9318_8.jpg,1215/b_IMG_9318_8.jpg,1215/c_IMG_9318_8.jpg
1216,1216/a_IMG_9318_9.jpg,1216/b_IMG_9318_9.jpg,1216/c_IMG_9318_9.jpg
1217,1217/a_IMG_9319_10.jpg,1217/b_IMG_9319_10.jpg,1217/c_IMG_9319_10.jpg
1218,1218/a_IMG_9319_13.jpg,1218/b_IMG_9319_13.jpg,1218/c_IMG_9319_13.jpg
1219,1219/a_IMG_9319_14.jpg,1219/b_IMG_9319_14.jpg,1219/c_IMG_9319_14.jpg
122,122/a_16-1-1-1(308)_11.jpg,122/b_16-1-1-1(308)_11.jpg,122/c_16-1-1-1(308)_11.jpg
1220,1220/a_IMG_9319_16.jpg,1220/b_IMG_9319_16.jpg,1220/c_IMG_9319_16.jpg
1221,1221/a_IMG_9319_18.jpg,1221/b_IMG_9319_18.jpg,1221/c_IMG_9319_18.jpg
1222,1222/a_IMG_9319_19.jpg,1222/b_IMG_9319_19.jpg,1222/c_IMG_9319_19.jpg
1223,1223/a_IMG_9319_20.jpg,1223/b_IMG_9319_20.jpg,1223/c_IMG_9319_20.jpg
1224,1224/a_IMG_9319_3.jpg,1224/b_IMG_9319_3.jpg,1224/c_IMG_9319_3.jpg
1225,1225/a_IMG_9319_6.jpg,1225/b_IMG_9319_6.jpg,1225/c_IMG_9319_6.jpg
1226,1226/a_IMG_9319_7.jpg,1226/b_IMG_9319_7.jpg,1226/c_IMG_9319_7.jpg
1227,1227/a_IMG_9320_12.jpg,1227/b_IMG_9320_12.jpg,1227/c_IMG_9320_12.jpg
1228,1228/a_IMG_9320_13.jpg,1228/b_IMG_9320_13.jpg,1228/c_IMG_9320_13.jpg
1229,1229/a_IMG_9320_14.jpg,1229/b_IMG_9320_14.jpg,1229/c_IMG_9320_14.jpg
123,123/a_16-1-1-1(308)_12.jpg,123/b_16-1-1-1(308)_12.jpg,123/c_16-1-1-1(308)_12.jpg
1230,1230/a_IMG_9320_15.jpg,1230/b_IMG_9320_15.jpg,1230/c_IMG_9320_15.jpg
1231,1231/a_IMG_9320_16.jpg,1231/b_IMG_9320_16.jpg,1231/c_IMG_9320_16.jpg
1232,1232/a_IMG_9320_20.jpg,1232/b_IMG_9320_20.jpg,1232/c_IMG_9320_20.jpg
1233,1233/a_IMG_9320_3.jpg,1233/b_IMG_9320_3.jpg,1233/c_IMG_9320_3.jpg
1234,1234/a_IMG_9320_4.jpg,1234/b_IMG_9320_4.jpg,1234/c_IMG_9320_4.jpg
1235,1235/a_IMG_9320_5.jpg,1235/b_IMG_9320_5.jpg,1235/c_IMG_9320_5.jpg
1236,1236/a_IMG_9320_6.jpg,1236/b_IMG_9320_6.jpg,1236/c_IMG_9320_6.jpg
1237,1237/a_IMG_9320_7.jpg,1237/b_IMG_9320_7.jpg,1237/c_IMG_9320_7.jpg
1238,1238/a_IMG_9321_1.jpg,1238/b_IMG_9321_1.jpg,1238/c_IMG_9321_1.jpg
1239,1239/a_IMG_9321_10.jpg,1239/b_IMG_9321_10.jpg,1239/c_IMG_9321_10.jpg
124,124/a_16-1-1-1(308)_13.jpg,124/b_16-1-1-1(308)_13.jpg,124/c_16-1-1-1(308)_13.jpg
1240,1240/a_IMG_9321_14.jpg,1240/b_IMG_9321_14.jpg,1240/c_IMG_9321_14.jpg
1241,1241/a_IMG_9321_15.jpg,1241/b_IMG_9321_15.jpg,1241/c_IMG_9321_15.jpg
1242,1242/a_IMG_9321_2.jpg,1242/b_IMG_9321_2.jpg,1242/c_IMG_9321_2.jpg
1243,1243/a_IMG_9321_3.jpg,1243/b_IMG_9321_3.jpg,1243/c_IMG_9321_3.jpg
1244,1244/a_IMG_9321_5.jpg,1244/b_IMG_9321_5.jpg,1244/c_IMG_9321_5.jpg
1245,1245/a_IMG_9321_6.jpg,1245/b_IMG_9321_6.jpg,1245/c_IMG_9321_6.jpg
1246,1246/a_IMG_9321_7.jpg,1246/b_IMG_9321_7.jpg,1246/c_IMG_9321_7.jpg
1247,1247/a_IMG_9321_8.jpg,1247/b_IMG_9321_8.jpg,1247/c_IMG_9321_8.jpg
1248,1248/a_IMG_9322_1.jpg,1248/b_IMG_9322_1.jpg,1248/c_IMG_9322_1.jpg
1249,1249/a_IMG_9322_10.jpg,1249/b_IMG_9322_10.jpg,1249/c_IMG_9322_10.jpg
125,125/a_16-1-1-1(308)_14.jpg,125/b_16-1-1-1(308)_14.jpg,125/c_16-1-1-1(308)_14.jpg
1250,1250/a_IMG_9322_2.jpg,1250/b_IMG_9322_2.jpg,1250/c_IMG_9322_2.jpg
1251,1251/a_IMG_9322_5.jpg,1251/b_IMG_9322_5.jpg,1251/c_IMG_9322_5.jpg
1252,1252/a_IMG_9323_1.jpg,1252/b_IMG_9323_1.jpg,1252/c_IMG_9323_1.jpg
1253,1253/a_IMG_9323_10.jpg,1253/b_IMG_9323_10.jpg,1253/c_IMG_9323_10.jpg
1254,1254/a_IMG_9323_11.jpg,1254/b_IMG_9323_11.jpg,1254/c_IMG_9323_11.jpg
1255,1255/a_IMG_9323_12.jpg,1255/b_IMG_9323_12.jpg,1255/c_IMG_9323_12.jpg
1256,1256/a_IMG_9323_13.jpg,1256/b_IMG_9323_13.jpg,1256/c_IMG_9323_13.jpg
1257,1257/a_IMG_9323_15.jpg,1257/b_IMG_9323_15.jpg,1257/c_IMG_9323_15.jpg
1258,1258/a_IMG_9323_16.jpg,1258/b_IMG_9323_16.jpg,1258/c_IMG_9323_16.jpg
1259,1259/a_IMG_9323_17.jpg,1259/b_IMG_9323_17.jpg,1259/c_IMG_9323_17.jpg
126,126/a_16-1-1-1(308)_15.jpg,126/b_16-1-1-1(308)_15.jpg,126/c_16-1-1-1(308)_15.jpg
1260,1260/a_IMG_9323_18.jpg,1260/b_IMG_9323_18.jpg,1260/c_IMG_9323_18.jpg
1261,1261/a_IMG_9323_19.jpg,1261/b_IMG_9323_19.jpg,1261/c_IMG_9323_19.jpg
1262,1262/a_IMG_9323_2.jpg,1262/b_IMG_9323_2.jpg,1262/c_IMG_9323_2.jpg
1263,1263/a_IMG_9323_20.jpg,1263/b_IMG_9323_20.jpg,1263/c_IMG_9323_20.jpg
1264,1264/a_IMG_9323_3.jpg,1264/b_IMG_9323_3.jpg,1264/c_IMG_9323_3.jpg
1265,1265/a_IMG_9323_4.jpg,1265/b_IMG_9323_4.jpg,1265/c_IMG_9323_4.jpg
1266,1266/a_IMG_9323_5.jpg,1266/b_IMG_9323_5.jpg,1266/c_IMG_9323_5.jpg
1267,1267/a_IMG_9323_6.jpg,1267/b_IMG_9323_6.jpg,1267/c_IMG_9323_6.jpg
1268,1268/a_IMG_9323_7.jpg,1268/b_IMG_9323_7.jpg,1268/c_IMG_9323_7.jpg
1269,1269/a_IMG_9323_8.jpg,1269/b_IMG_9323_8.jpg,1269/c_IMG_9323_8.jpg
127,127/a_16-1-1-1(308)_16.jpg,127/b_16-1-1-1(308)_16.jpg,127/c_16-1-1-1(308)_16.jpg
1270,1270/a_IMG_9323_9.jpg,1270/b_IMG_9323_9.jpg,1270/c_IMG_9323_9.jpg
1271,1271/a_IMG_9324_11.jpg,1271/b_IMG_9324_11.jpg,1271/c_IMG_9324_11.jpg
1272,1272/a_IMG_9324_13.jpg,1272/b_IMG_9324_13.jpg,1272/c_IMG_9324_13.jpg
1273,1273/a_IMG_9324_15.jpg,1273/b_IMG_9324_15.jpg,1273/c_IMG_9324_15.jpg
1274,1274/a_IMG_9324_16.jpg,1274/b_IMG_9324_16.jpg,1274/c_IMG_9324_16.jpg
1275,1275/a_IMG_9324_17.jpg,1275/b_IMG_9324_17.jpg,1275/c_IMG_9324_17.jpg
1276,1276/a_IMG_9324_18.jpg,1276/b_IMG_9324_18.jpg,1276/c_IMG_9324_18.jpg
1277,1277/a_IMG_9324_19.jpg,1277/b_IMG_9324_19.jpg,1277/c_IMG_9324_19.jpg
1278,1278/a_IMG_9324_2.jpg,1278/b_IMG_9324_2.jpg,1278/c_IMG_9324_2.jpg
1279,1279/a_IMG_9324_20.jpg,1279/b_IMG_9324_20.jpg,1279/c_IMG_9324_20.jpg
128,128/a_16-1-1-1(308)_17.jpg,128/b_16-1-1-1(308)_17.jpg,128/c_16-1-1-1(308)_17.jpg
1280,1280/a_IMG_9324_5.jpg,1280/b_IMG_9324_5.jpg,1280/c_IMG_9324_5.jpg
1281,1281/a_IMG_9324_9.jpg,1281/b_IMG_9324_9.jpg,1281/c_IMG_9324_9.jpg
1282,1282/a_IMG_9325_1.jpg,1282/b_IMG_9325_1.jpg,1282/c_IMG_9325_1.jpg
1283,1283/a_IMG_9325_10.jpg,1283/b_IMG_9325_10.jpg,1283/c_IMG_9325_10.jpg
1284,1284/a_IMG_9325_11.jpg,1284/b_IMG_9325_11.jpg,1284/c_IMG_9325_11.jpg
1285,1285/a_IMG_9325_12.jpg,1285/b_IMG_9325_12.jpg,1285/c_IMG_9325_12.jpg
1286,1286/a_IMG_9325_14.jpg,1286/b_IMG_9325_14.jpg,1286/c_IMG_9325_14.jpg
1287,1287/a_IMG_9325_16.jpg,1287/b_IMG_9325_16.jpg,1287/c_IMG_9325_16.jpg
1288,1288/a_IMG_9325_19.jpg,1288/b_IMG_9325_19.jpg,1288/c_IMG_9325_19.jpg
1289,1289/a_IMG_9325_2.jpg,1289/b_IMG_9325_2.jpg,1289/c_IMG_9325_2.jpg
129,129/a_16-1-1-1(308)_18.jpg,129/b_16-1-1-1(308)_18.jpg,129/c_16-1-1-1(308)_18.jpg
1290,1290/a_IMG_9325_20.jpg,1290/b_IMG_9325_20.jpg,1290/c_IMG_9325_20.jpg
1291,1291/a_IMG_9325_3.jpg,1291/b_IMG_9325_3.jpg,1291/c_IMG_9325_3.jpg
1292,1292/a_IMG_9325_4.jpg,1292/b_IMG_9325_4.jpg,1292/c_IMG_9325_4.jpg
1293,1293/a_IMG_9325_6.jpg,1293/b_IMG_9325_6.jpg,1293/c_IMG_9325_6.jpg
1294,1294/a_IMG_9325_7.jpg,1294/b_IMG_9325_7.jpg,1294/c_IMG_9325_7.jpg
1295,1295/a_IMG_9325_8.jpg,1295/b_IMG_9325_8.jpg,1295/c_IMG_9325_8.jpg
1296,1296/a_IMG_9325_9.jpg,1296/b_IMG_9325_9.jpg,1296/c_IMG_9325_9.jpg
1297,1297/a_IMG_9329_1.jpg,1297/b_IMG_9329_1.jpg,1297/c_IMG_9329_1.jpg
1298,1298/a_IMG_9329_11.jpg,1298/b_IMG_9329_11.jpg,1298/c_IMG_9329_11.jpg
1299,1299/a_IMG_9329_12.jpg,1299/b_IMG_9329_12.jpg,1299/c_IMG_9329_12.jpg
13,13/a_16-1-1-1(108)_5.jpg,13/b_16-1-1-1(108)_5.jpg,13/c_16-1-1-1(108)_5.jpg
130,130/a_16-1-1-1(308)_19.jpg,130/b_16-1-1-1(308)_19.jpg,130/c_16-1-1-1(308)_19.jpg
1300,1300/a_IMG_9329_13.jpg,1300/b_IMG_9329_13.jpg,1300/c_IMG_9329_13.jpg
1301,1301/a_IMG_9329_14.jpg,1301/b_IMG_9329_14.jpg,1301/c_IMG_9329_14.jpg
1302,1302/a_IMG_9329_15.jpg,1302/b_IMG_9329_15.jpg,1302/c_IMG_9329_15.jpg
1303,1303/a_IMG_9329_16.jpg,1303/b_IMG_9329_16.jpg,1303/c_IMG_9329_16.jpg
1304,1304/a_IMG_9329_17.jpg,1304/b_IMG_9329_17.jpg,1304/c_IMG_9329_17.jpg
1305,1305/a_IMG_9329_18.jpg,1305/b_IMG_9329_18.jpg,1305/c_IMG_9329_18.jpg
1306,1306/a_IMG_9329_2.jpg,1306/b_IMG_9329_2.jpg,1306/c_IMG_9329_2.jpg
1307,1307/a_IMG_9329_3.jpg,1307/b_IMG_9329_3.jpg,1307/c_IMG_9329_3.jpg
1308,1308/a_IMG_9329_4.jpg,1308/b_IMG_9329_4.jpg,1308/c_IMG_9329_4.jpg
1309,1309/a_IMG_9329_5.jpg,1309/b_IMG_9329_5.jpg,1309/c_IMG_9329_5.jpg
131,131/a_16-1-1-1(308)_2.jpg,131/b_16-1-1-1(308)_2.jpg,131/c_16-1-1-1(308)_2.jpg
1310,1310/a_IMG_9329_6.jpg,1310/b_IMG_9329_6.jpg,1310/c_IMG_9329_6.jpg
1311,1311/a_IMG_9329_9.jpg,1311/b_IMG_9329_9.jpg,1311/c_IMG_9329_9.jpg
1312,1312/a_IMG_9330_11.jpg,1312/b_IMG_9330_11.jpg,1312/c_IMG_9330_11.jpg
1313,1313/a_IMG_9330_12.jpg,1313/b_IMG_9330_12.jpg,1313/c_IMG_9330_12.jpg
1314,1314/a_IMG_9330_14.jpg,1314/b_IMG_9330_14.jpg,1314/c_IMG_9330_14.jpg
1315,1315/a_IMG_9330_15.jpg,1315/b_IMG_9330_15.jpg,1315/c_IMG_9330_15.jpg
1316,1316/a_IMG_9330_16.jpg,1316/b_IMG_9330_16.jpg,1316/c_IMG_9330_16.jpg
1317,1317/a_IMG_9330_17.jpg,1317/b_IMG_9330_17.jpg,1317/c_IMG_9330_17.jpg
1318,1318/a_IMG_9330_18.jpg,1318/b_IMG_9330_18.jpg,1318/c_IMG_9330_18.jpg
1319,1319/a_IMG_9330_19.jpg,1319/b_IMG_9330_19.jpg,1319/c_IMG_9330_19.jpg
132,132/a_16-1-1-1(308)_20.jpg,132/b_16-1-1-1(308)_20.jpg,132/c_16-1-1-1(308)_20.jpg
1320,1320/a_IMG_9330_20.jpg,1320/b_IMG_9330_20.jpg,1320/c_IMG_9330_20.jpg
1321,1321/a_IMG_9330_3.jpg,1321/b_IMG_9330_3.jpg,1321/c_IMG_9330_3.jpg
1322,1322/a_IMG_9330_4.jpg,1322/b_IMG_9330_4.jpg,1322/c_IMG_9330_4.jpg
1323,1323/a_IMG_9330_5.jpg,1323/b_IMG_9330_5.jpg,1323/c_IMG_9330_5.jpg
1324,1324/a_IMG_9330_6.jpg,1324/b_IMG_9330_6.jpg,1324/c_IMG_9330_6.jpg
1325,1325/a_IMG_9330_7.jpg,1325/b_IMG_9330_7.jpg,1325/c_IMG_9330_7.jpg
1326,1326/a_IMG_9330_9.jpg,1326/b_IMG_9330_9.jpg,1326/c_IMG_9330_9.jpg
1327,1327/a_IMG_9331_1.jpg,1327/b_IMG_9331_1.jpg,1327/c_IMG_9331_1.jpg
1328,1328/a_IMG_9331_10.jpg,1328/b_IMG_9331_10.jpg,1328/c_IMG_9331_10.jpg
1329,1329/a_IMG_9331_11.jpg,1329/b_IMG_9331_11.jpg,1329/c_IMG_9331_11.jpg
133,133/a_16-1-1-1(308)_21.jpg,133/b_16-1-1-1(308)_21.jpg,133/c_16-1-1-1(308)_21.jpg
1330,1330/a_IMG_9331_12.jpg,1330/b_IMG_9331_12.jpg,1330/c_IMG_9331_12.jpg
1331,1331/a_IMG_9331_15.jpg,1331/b_IMG_9331_15.jpg,1331/c_IMG_9331_15.jpg
1332,1332/a_IMG_9331_17.jpg,1332/b_IMG_9331_17.jpg,1332/c_IMG_9331_17.jpg
1333,1333/a_IMG_9331_18.jpg,1333/b_IMG_9331_18.jpg,1333/c_IMG_9331_18.jpg
1334,1334/a_IMG_9331_19.jpg,1334/b_IMG_9331_19.jpg,1334/c_IMG_9331_19.jpg
1335,1335/a_IMG_9331_2.jpg,1335/b_IMG_9331_2.jpg,1335/c_IMG_9331_2.jpg
1336,1336/a_IMG_9331_20.jpg,1336/b_IMG_9331_20.jpg,1336/c_IMG_9331_20.jpg
1337,1337/a_IMG_9331_5.jpg,1337/b_IMG_9331_5.jpg,1337/c_IMG_9331_5.jpg
1338,1338/a_IMG_9331_6.jpg,1338/b_IMG_9331_6.jpg,1338/c_IMG_9331_6.jpg
1339,1339/a_IMG_9331_7.jpg,1339/b_IMG_9331_7.jpg,1339/c_IMG_9331_7.jpg
134,134/a_16-1-1-1(308)_22.jpg,134/b_16-1-1-1(308)_22.jpg,134/c_16-1-1-1(308)_22.jpg
1340,1340/a_IMG_9331_9.jpg,1340/b_IMG_9331_9.jpg,1340/c_IMG_9331_9.jpg
1341,1341/a_IMG_9332_14.jpg,1341/b_IMG_9332_14.jpg,1341/c_IMG_9332_14.jpg
1342,1342/a_IMG_9332_15.jpg,1342/b_IMG_9332_15.jpg,1342/c_IMG_9332_15.jpg
1343,1343/a_IMG_9332_18.jpg,1343/b_IMG_9332_18.jpg,1343/c_IMG_9332_18.jpg
1344,1344/a_IMG_9332_19.jpg,1344/b_IMG_9332_19.jpg,1344/c_IMG_9332_19.jpg
1345,1345/a_IMG_9332_20.jpg,1345/b_IMG_9332_20.jpg,1345/c_IMG_9332_20.jpg
1346,1346/a_IMG_9338_5.jpg,1346/b_IMG_9338_5.jpg,1346/c_IMG_9338_5.jpg
1347,1347/a_IMG_9340_10.jpg,1347/b_IMG_9340_10.jpg,1347/c_IMG_9340_10.jpg
1348,1348/a_IMG_9353_1.jpg,1348/b_IMG_9353_1.jpg,1348/c_IMG_9353_1.jpg
1349,1349/a_IMG_9353_10.jpg,1349/b_IMG_9353_10.jpg,1349/c_IMG_9353_10.jpg
135,135/a_16-1-1-1(308)_3.jpg,135/b_16-1-1-1(308)_3.jpg,135/c_16-1-1-1(308)_3.jpg
1350,1350/a_IMG_9353_11.jpg,1350/b_IMG_9353_11.jpg,1350/c_IMG_9353_11.jpg
1351,1351/a_IMG_9353_12.jpg,1351/b_IMG_9353_12.jpg,1351/c_IMG_9353_12.jpg
1352,1352/a_IMG_9353_14.jpg,1352/b_IMG_9353_14.jpg,1352/c_IMG_9353_14.jpg
1353,1353/a_IMG_9353_15.jpg,1353/b_IMG_9353_15.jpg,1353/c_IMG_9353_15.jpg
1354,1354/a_IMG_9353_16.jpg,1354/b_IMG_9353_16.jpg,1354/c_IMG_9353_16.jpg
1355,1355/a_IMG_9353_17.jpg,1355/b_IMG_9353_17.jpg,1355/c_IMG_9353_17.jpg
1356,1356/a_IMG_9353_19.jpg,1356/b_IMG_9353_19.jpg,1356/c_IMG_9353_19.jpg
1357,1357/a_IMG_9353_2.jpg,1357/b_IMG_9353_2.jpg,1357/c_IMG_9353_2.jpg
1358,1358/a_IMG_9353_20.jpg,1358/b_IMG_9353_20.jpg,1358/c_IMG_9353_20.jpg
1359,1359/a_IMG_9353_3.jpg,1359/b_IMG_9353_3.jpg,1359/c_IMG_9353_3.jpg
136,136/a_16-1-1-1(308)_4.jpg,136/b_16-1-1-1(308)_4.jpg,136/c_16-1-1-1(308)_4.jpg
1360,1360/a_IMG_9353_4.jpg,1360/b_IMG_9353_4.jpg,1360/c_IMG_9353_4.jpg
1361,1361/a_IMG_9353_5.jpg,1361/b_IMG_9353_5.jpg,1361/c_IMG_9353_5.jpg
1362,1362/a_IMG_9353_7.jpg,1362/b_IMG_9353_7.jpg,1362/c_IMG_9353_7.jpg
1363,1363/a_IMG_9353_9.jpg,1363/b_IMG_9353_9.jpg,1363/c_IMG_9353_9.jpg
1364,1364/a_IMG_9354_1.jpg,1364/b_IMG_9354_1.jpg,1364/c_IMG_9354_1.jpg
1365,1365/a_IMG_9354_10.jpg,1365/b_IMG_9354_10.jpg,1365/c_IMG_9354_10.jpg
1366,1366/a_IMG_9354_11.jpg,1366/b_IMG_9354_11.jpg,1366/c_IMG_9354_11.jpg
1367,1367/a_IMG_9354_12.jpg,1367/b_IMG_9354_12.jpg,1367/c_IMG_9354_12.jpg
1368,1368/a_IMG_9354_13.jpg,1368/b_IMG_9354_13.jpg,1368/c_IMG_9354_13.jpg
1369,1369/a_IMG_9354_14.jpg,1369/b_IMG_9354_14.jpg,1369/c_IMG_9354_14.jpg
137,137/a_16-1-1-1(308)_5.jpg,137/b_16-1-1-1(308)_5.jpg,137/c_16-1-1-1(308)_5.jpg
1370,1370/a_IMG_9354_15.jpg,1370/b_IMG_9354_15.jpg,1370/c_IMG_9354_15.jpg
1371,1371/a_IMG_9354_16.jpg,1371/b_IMG_9354_16.jpg,1371/c_IMG_9354_16.jpg
1372,1372/a_IMG_9354_17.jpg,1372/b_IMG_9354_17.jpg,1372/c_IMG_9354_17.jpg
1373,1373/a_IMG_9354_2.jpg,1373/b_IMG_9354_2.jpg,1373/c_IMG_9354_2.jpg
1374,1374/a_IMG_9354_3.jpg,1374/b_IMG_9354_3.jpg,1374/c_IMG_9354_3.jpg
1375,1375/a_IMG_9354_4.jpg,1375/b_IMG_9354_4.jpg,1375/c_IMG_9354_4.jpg
1376,1376/a_IMG_9354_5.jpg,1376/b_IMG_9354_5.jpg,1376/c_IMG_9354_5.jpg
1377,1377/a_IMG_9354_6.jpg,1377/b_IMG_9354_6.jpg,1377/c_IMG_9354_6.jpg
1378,1378/a_IMG_9354_7.jpg,1378/b_IMG_9354_7.jpg,1378/c_IMG_9354_7.jpg
1379,1379/a_IMG_9354_8.jpg,1379/b_IMG_9354_8.jpg,1379/c_IMG_9354_8.jpg
138,138/a_16-1-1-1(308)_6.jpg,138/b_16-1-1-1(308)_6.jpg,138/c_16-1-1-1(308)_6.jpg
1380,1380/a_IMG_9354_9.jpg,1380/b_IMG_9354_9.jpg,1380/c_IMG_9354_9.jpg
1381,1381/a_IMG_9355_1.jpg,1381/b_IMG_9355_1.jpg,1381/c_IMG_9355_1.jpg
1382,1382/a_IMG_9355_17.jpg,1382/b_IMG_9355_17.jpg,1382/c_IMG_9355_17.jpg
1383,1383/a_IMG_9355_19.jpg,1383/b_IMG_9355_19.jpg,1383/c_IMG_9355_19.jpg
1384,1384/a_IMG_9355_4.jpg,1384/b_IMG_9355_4.jpg,1384/c_IMG_9355_4.jpg
1385,1385/a_IMG_9356_1.jpg,1385/b_IMG_9356_1.jpg,1385/c_IMG_9356_1.jpg
1386,1386/a_IMG_9356_11.jpg,1386/b_IMG_9356_11.jpg,1386/c_IMG_9356_11.jpg
1387,1387/a_IMG_9356_12.jpg,1387/b_IMG_9356_12.jpg,1387/c_IMG_9356_12.jpg
1388,1388/a_IMG_9356_13.jpg,1388/b_IMG_9356_13.jpg,1388/c_IMG_9356_13.jpg
1389,1389/a_IMG_9356_14.jpg,1389/b_IMG_9356_14.jpg,1389/c_IMG_9356_14.jpg
139,139/a_16-1-1-1(309)_1.jpg,139/b_16-1-1-1(309)_1.jpg,139/c_16-1-1-1(309)_1.jpg
1390,1390/a_IMG_9356_15.jpg,1390/b_IMG_9356_15.jpg,1390/c_IMG_9356_15.jpg
1391,1391/a_IMG_9356_16.jpg,1391/b_IMG_9356_16.jpg,1391/c_IMG_9356_16.jpg
1392,1392/a_IMG_9356_18.jpg,1392/b_IMG_9356_18.jpg,1392/c_IMG_9356_18.jpg
1393,1393/a_IMG_9356_19.jpg,1393/b_IMG_9356_19.jpg,1393/c_IMG_9356_19.jpg
1394,1394/a_IMG_9356_2.jpg,1394/b_IMG_9356_2.jpg,1394/c_IMG_9356_2.jpg
1395,1395/a_IMG_9356_20.jpg,1395/b_IMG_9356_20.jpg,1395/c_IMG_9356_20.jpg
1396,1396/a_IMG_9356_3.jpg,1396/b_IMG_9356_3.jpg,1396/c_IMG_9356_3.jpg
1397,1397/a_IMG_9356_6.jpg,1397/b_IMG_9356_6.jpg,1397/c_IMG_9356_6.jpg
1398,1398/a_IMG_9356_7.jpg,1398/b_IMG_9356_7.jpg,1398/c_IMG_9356_7.jpg
1399,1399/a_IMG_9356_9.jpg,1399/b_IMG_9356_9.jpg,1399/c_IMG_9356_9.jpg
14,14/a_16-1-1-1(108)_6.jpg,14/b_16-1-1-1(108)_6.jpg,14/c_16-1-1-1(108)_6.jpg
140,140/a_16-1-1-1(309)_11.jpg,140/b_16-1-1-1(309)_11.jpg,140/c_16-1-1-1(309)_11.jpg
1400,1400/a_IMG_9357_10.jpg,1400/b_IMG_9357_10.jpg,1400/c_IMG_9357_10.jpg
1401,1401/a_IMG_9357_11.jpg,1401/b_IMG_9357_11.jpg,1401/c_IMG_9357_11.jpg
1402,1402/a_IMG_9357_12.jpg,1402/b_IMG_9357_12.jpg,1402/c_IMG_9357_12.jpg
1403,1403/a_IMG_9357_13.jpg,1403/b_IMG_9357_13.jpg,1403/c_IMG_9357_13.jpg
1404,1404/a_IMG_9357_14.jpg,1404/b_IMG_9357_14.jpg,1404/c_IMG_9357_14.jpg
1405,1405/a_IMG_9357_15.jpg,1405/b_IMG_9357_15.jpg,1405/c_IMG_9357_15.jpg
1406,1406/a_IMG_9357_16.jpg,1406/b_IMG_9357_16.jpg,1406/c_IMG_9357_16.jpg
1407,1407/a_IMG_9357_17.jpg,1407/b_IMG_9357_17.jpg,1407/c_IMG_9357_17.jpg
1408,1408/a_IMG_9357_18.jpg,1408/b_IMG_9357_18.jpg,1408/c_IMG_9357_18.jpg
1409,1409/a_IMG_9357_19.jpg,1409/b_IMG_9357_19.jpg,1409/c_IMG_9357_19.jpg
141,141/a_16-1-1-1(309)_12.jpg,141/b_16-1-1-1(309)_12.jpg,141/c_16-1-1-1(309)_12.jpg
1410,1410/a_IMG_9357_20.jpg,1410/b_IMG_9357_20.jpg,1410/c_IMG_9357_20.jpg
1411,1411/a_IMG_9357_3.jpg,1411/b_IMG_9357_3.jpg,1411/c_IMG_9357_3.jpg
1412,1412/a_IMG_9357_4.jpg,1412/b_IMG_9357_4.jpg,1412/c_IMG_9357_4.jpg
1413,1413/a_IMG_9357_6.jpg,1413/b_IMG_9357_6.jpg,1413/c_IMG_9357_6.jpg
1414,1414/a_IMG_9357_8.jpg,1414/b_IMG_9357_8.jpg,1414/c_IMG_9357_8.jpg
1415,1415/a_IMG_9357_9.jpg,1415/b_IMG_9357_9.jpg,1415/c_IMG_9357_9.jpg
1416,1416/a_IMG_9358_10.jpg,1416/b_IMG_9358_10.jpg,1416/c_IMG_9358_10.jpg
1417,1417/a_IMG_9358_12.jpg,1417/b_IMG_9358_12.jpg,1417/c_IMG_9358_12.jpg
1418,1418/a_IMG_9358_13.jpg,1418/b_IMG_9358_13.jpg,1418/c_IMG_9358_13.jpg
1419,1419/a_IMG_9358_14.jpg,1419/b_IMG_9358_14.jpg,1419/c_IMG_9358_14.jpg
142,142/a_16-1-1-1(309)_13.jpg,142/b_16-1-1-1(309)_13.jpg,142/c_16-1-1-1(309)_13.jpg
1420,1420/a_IMG_9358_15.jpg,1420/b_IMG_9358_15.jpg,1420/c_IMG_9358_15.jpg
1421,1421/a_IMG_9358_16.jpg,1421/b_IMG_9358_16.jpg,1421/c_IMG_9358_16.jpg
1422,1422/a_IMG_9358_2.jpg,1422/b_IMG_9358_2.jpg,1422/c_IMG_9358_2.jpg
1423,1423/a_IMG_9358_20.jpg,1423/b_IMG_9358_20.jpg,1423/c_IMG_9358_20.jpg
1424,1424/a_IMG_9358_3.jpg,1424/b_IMG_9358_3.jpg,1424/c_IMG_9358_3.jpg
1425,1425/a_IMG_9358_4.jpg,1425/b_IMG_9358_4.jpg,1425/c_IMG_9358_4.jpg
1426,1426/a_IMG_9358_6.jpg,1426/b_IMG_9358_6.jpg,1426/c_IMG_9358_6.jpg
1427,1427/a_IMG_9359_1.jpg,1427/b_IMG_9359_1.jpg,1427/c_IMG_9359_1.jpg
1428,1428/a_IMG_9359_11.jpg,1428/b_IMG_9359_11.jpg,1428/c_IMG_9359_11.jpg
1429,1429/a_IMG_9359_13.jpg,1429/b_IMG_9359_13.jpg,1429/c_IMG_9359_13.jpg
143,143/a_16-1-1-1(309)_14.jpg,143/b_16-1-1-1(309)_14.jpg,143/c_16-1-1-1(309)_14.jpg
1430,1430/a_IMG_9359_15.jpg,1430/b_IMG_9359_15.jpg,1430/c_IMG_9359_15.jpg
1431,1431/a_IMG_9359_16.jpg,1431/b_IMG_9359_16.jpg,1431/c_IMG_9359_16.jpg
1432,1432/a_IMG_9359_18.jpg,1432/b_IMG_9359_18.jpg,1432/c_IMG_9359_18.jpg
1433,1433/a_IMG_9359_2.jpg,1433/b_IMG_9359_2.jpg,1433/c_IMG_9359_2.jpg
1434,1434/a_IMG_9359_20.jpg,1434/b_IMG_9359_20.jpg,1434/c_IMG_9359_20.jpg
1435,1435/a_IMG_9359_3.jpg,1435/b_IMG_9359_3.jpg,1435/c_IMG_9359_3.jpg
1436,1436/a_IMG_9359_4.jpg,1436/b_IMG_9359_4.jpg,1436/c_IMG_9359_4.jpg
1437,1437/a_IMG_9359_5.jpg,1437/b_IMG_9359_5.jpg,1437/c_IMG_9359_5.jpg
1438,1438/a_IMG_9359_6.jpg,1438/b_IMG_9359_6.jpg,1438/c_IMG_9359_6.jpg
1439,1439/a_IMG_9360_1.jpg,1439/b_IMG_9360_1.jpg,1439/c_IMG_9360_1.jpg
144,144/a_16-1-1-1(309)_16.jpg,144/b_16-1-1-1(309)_16.jpg,144/c_16-1-1-1(309)_16.jpg
1440,1440/a_IMG_9360_10.jpg,1440/b_IMG_9360_10.jpg,1440/c_IMG_9360_10.jpg
1441,1441/a_IMG_9360_15.jpg,1441/b_IMG_9360_15.jpg,1441/c_IMG_9360_15.jpg
1442,1442/a_IMG_9360_18.jpg,1442/b_IMG_9360_18.jpg,1442/c_IMG_9360_18.jpg
1443,1443/a_IMG_9360_19.jpg,1443/b_IMG_9360_19.jpg,1443/c_IMG_9360_19.jpg
1444,1444/a_IMG_9360_2.jpg,1444/b_IMG_9360_2.jpg,1444/c_IMG_9360_2.jpg
1445,1445/a_IMG_9360_20.jpg,1445/b_IMG_9360_20.jpg,1445/c_IMG_9360_20.jpg
1446,1446/a_IMG_9360_7.jpg,1446/b_IMG_9360_7.jpg,1446/c_IMG_9360_7.jpg
1447,1447/a_IMG_9360_8.jpg,1447/b_IMG_9360_8.jpg,1447/c_IMG_9360_8.jpg
1448,1448/a_IMG_9360_9.jpg,1448/b_IMG_9360_9.jpg,1448/c_IMG_9360_9.jpg
1449,1449/a_IMG_9361_10.jpg,1449/b_IMG_9361_10.jpg,1449/c_IMG_9361_10.jpg
145,145/a_16-1-1-1(309)_2.jpg,145/b_16-1-1-1(309)_2.jpg,145/c_16-1-1-1(309)_2.jpg
1450,1450/a_IMG_9361_13.jpg,1450/b_IMG_9361_13.jpg,1450/c_IMG_9361_13.jpg
1451,1451/a_IMG_9361_14.jpg,1451/b_IMG_9361_14.jpg,1451/c_IMG_9361_14.jpg
1452,1452/a_IMG_9361_20.jpg,1452/b_IMG_9361_20.jpg,1452/c_IMG_9361_20.jpg
1453,1453/a_IMG_9361_3.jpg,1453/b_IMG_9361_3.jpg,1453/c_IMG_9361_3.jpg
1454,1454/a_IMG_9362_1.jpg,1454/b_IMG_9362_1.jpg,1454/c_IMG_9362_1.jpg
1455,1455/a_IMG_9362_2.jpg,1455/b_IMG_9362_2.jpg,1455/c_IMG_9362_2.jpg
1456,1456/a_IMG_9363_1.jpg,1456/b_IMG_9363_1.jpg,1456/c_IMG_9363_1.jpg
1457,1457/a_IMG_9363_10.jpg,1457/b_IMG_9363_10.jpg,1457/c_IMG_9363_10.jpg
1458,1458/a_IMG_9363_11.jpg,1458/b_IMG_9363_11.jpg,1458/c_IMG_9363_11.jpg
1459,1459/a_IMG_9363_12.jpg,1459/b_IMG_9363_12.jpg,1459/c_IMG_9363_12.jpg
146,146/a_16-1-1-1(309)_3.jpg,146/b_16-1-1-1(309)_3.jpg,146/c_16-1-1-1(309)_3.jpg
1460,1460/a_IMG_9363_15.jpg,1460/b_IMG_9363_15.jpg,1460/c_IMG_9363_15.jpg
1461,1461/a_IMG_9363_19.jpg,1461/b_IMG_9363_19.jpg,1461/c_IMG_9363_19.jpg
1462,1462/a_IMG_9363_2.jpg,1462/b_IMG_9363_2.jpg,1462/c_IMG_9363_2.jpg
1463,1463/a_IMG_9363_4.jpg,1463/b_IMG_9363_4.jpg,1463/c_IMG_9363_4.jpg
1464,1464/a_IMG_9363_5.jpg,1464/b_IMG_9363_5.jpg,1464/c_IMG_9363_5.jpg
1465,1465/a_IMG_9363_6.jpg,1465/b_IMG_9363_6.jpg,1465/c_IMG_9363_6.jpg
1466,1466/a_IMG_9363_7.jpg,1466/b_IMG_9363_7.jpg,1466/c_IMG_9363_7.jpg
1467,1467/a_IMG_9363_8.jpg,1467/b_IMG_9363_8.jpg,1467/c_IMG_9363_8.jpg
1468,1468/a_IMG_9363_9.jpg,1468/b_IMG_9363_9.jpg,1468/c_IMG_9363_9.jpg
1469,1469/a_IMG_9364_1.jpg,1469/b_IMG_9364_1.jpg,1469/c_IMG_9364_1.jpg
147,147/a_16-1-1-1(310)_1.jpg,147/b_16-1-1-1(310)_1.jpg,147/c_16-1-1-1(310)_1.jpg
1470,1470/a_IMG_9364_10.jpg,1470/b_IMG_9364_10.jpg,1470/c_IMG_9364_10.jpg
1471,1471/a_IMG_9364_11.jpg,1471/b_IMG_9364_11.jpg,1471/c_IMG_9364_11.jpg
1472,1472/a_IMG_9364_12.jpg,1472/b_IMG_9364_12.jpg,1472/c_IMG_9364_12.jpg
1473,1473/a_IMG_9364_14.jpg,1473/b_IMG_9364_14.jpg,1473/c_IMG_9364_14.jpg
1474,1474/a_IMG_9364_15.jpg,1474/b_IMG_9364_15.jpg,1474/c_IMG_9364_15.jpg
1475,1475/a_IMG_9364_16.jpg,1475/b_IMG_9364_16.jpg,1475/c_IMG_9364_16.jpg
1476,1476/a_IMG_9364_17.jpg,1476/b_IMG_9364_17.jpg,1476/c_IMG_9364_17.jpg
1477,1477/a_IMG_9364_18.jpg,1477/b_IMG_9364_18.jpg,1477/c_IMG_9364_18.jpg
1478,1478/a_IMG_9364_19.jpg,1478/b_IMG_9364_19.jpg,1478/c_IMG_9364_19.jpg
1479,1479/a_IMG_9364_2.jpg,1479/b_IMG_9364_2.jpg,1479/c_IMG_9364_2.jpg
148,148/a_16-1-1-1(310)_10.jpg,148/b_16-1-1-1(310)_10.jpg,148/c_16-1-1-1(310)_10.jpg
1480,1480/a_IMG_9364_20.jpg,1480/b_IMG_9364_20.jpg,1480/c_IMG_9364_20.jpg
1481,1481/a_IMG_9364_3.jpg,1481/b_IMG_9364_3.jpg,1481/c_IMG_9364_3.jpg
1482,1482/a_IMG_9364_4.jpg,1482/b_IMG_9364_4.jpg,1482/c_IMG_9364_4.jpg
1483,1483/a_IMG_9364_5.jpg,1483/b_IMG_9364_5.jpg,1483/c_IMG_9364_5.jpg
1484,1484/a_IMG_9364_6.jpg,1484/b_IMG_9364_6.jpg,1484/c_IMG_9364_6.jpg
1485,1485/a_IMG_9364_7.jpg,1485/b_IMG_9364_7.jpg,1485/c_IMG_9364_7.jpg
1486,1486/a_IMG_9364_8.jpg,1486/b_IMG_9364_8.jpg,1486/c_IMG_9364_8.jpg
1487,1487/a_IMG_9365_10.jpg,1487/b_IMG_9365_10.jpg,1487/c_IMG_9365_10.jpg
1488,1488/a_IMG_9365_11.jpg,1488/b_IMG_9365_11.jpg,1488/c_IMG_9365_11.jpg
1489,1489/a_IMG_9365_12.jpg,1489/b_IMG_9365_12.jpg,1489/c_IMG_9365_12.jpg
149,149/a_16-1-1-1(310)_11.jpg,149/b_16-1-1-1(310)_11.jpg,149/c_16-1-1-1(310)_11.jpg
1490,1490/a_IMG_9365_15.jpg,1490/b_IMG_9365_15.jpg,1490/c_IMG_9365_15.jpg
1491,1491/a_IMG_9365_17.jpg,1491/b_IMG_9365_17.jpg,1491/c_IMG_9365_17.jpg
1492,1492/a_IMG_9365_2.jpg,1492/b_IMG_9365_2.jpg,1492/c_IMG_9365_2.jpg
1493,1493/a_IMG_9365_20.jpg,1493/b_IMG_9365_20.jpg,1493/c_IMG_9365_20.jpg
1494,1494/a_IMG_9365_3.jpg,1494/b_IMG_9365_3.jpg,1494/c_IMG_9365_3.jpg
1495,1495/a_IMG_9365_4.jpg,1495/b_IMG_9365_4.jpg,1495/c_IMG_9365_4.jpg
1496,1496/a_IMG_9365_5.jpg,1496/b_IMG_9365_5.jpg,1496/c_IMG_9365_5.jpg
1497,1497/a_IMG_9365_6.jpg,1497/b_IMG_9365_6.jpg,1497/c_IMG_9365_6.jpg
1498,1498/a_IMG_9365_7.jpg,1498/b_IMG_9365_7.jpg,1498/c_IMG_9365_7.jpg
1499,1499/a_IMG_9365_9.jpg,1499/b_IMG_9365_9.jpg,1499/c_IMG_9365_9.jpg
15,15/a_16-1-1-1(109)_1.jpg,15/b_16-1-1-1(109)_1.jpg,15/c_16-1-1-1(109)_1.jpg
150,150/a_16-1-1-1(310)_12.jpg,150/b_16-1-1-1(310)_12.jpg,150/c_16-1-1-1(310)_12.jpg
1500,1500/a_IMG_9366_11.jpg,1500/b_IMG_9366_11.jpg,1500/c_IMG_9366_11.jpg
1501,1501/a_IMG_9366_15.jpg,1501/b_IMG_9366_15.jpg,1501/c_IMG_9366_15.jpg
1502,1502/a_IMG_9366_18.jpg,1502/b_IMG_9366_18.jpg,1502/c_IMG_9366_18.jpg
1503,1503/a_IMG_9366_19.jpg,1503/b_IMG_9366_19.jpg,1503/c_IMG_9366_19.jpg
1504,1504/a_IMG_9366_2.jpg,1504/b_IMG_9366_2.jpg,1504/c_IMG_9366_2.jpg
1505,1505/a_IMG_9366_20.jpg,1505/b_IMG_9366_20.jpg,1505/c_IMG_9366_20.jpg
1506,1506/a_IMG_9366_5.jpg,1506/b_IMG_9366_5.jpg,1506/c_IMG_9366_5.jpg
1507,1507/a_IMG_9366_6.jpg,1507/b_IMG_9366_6.jpg,1507/c_IMG_9366_6.jpg
1508,1508/a_IMG_9366_9.jpg,1508/b_IMG_9366_9.jpg,1508/c_IMG_9366_9.jpg
1509,1509/a_IMG_9367_11.jpg,1509/b_IMG_9367_11.jpg,1509/c_IMG_9367_11.jpg
151,151/a_16-1-1-1(310)_2.jpg,151/b_16-1-1-1(310)_2.jpg,151/c_16-1-1-1(310)_2.jpg
1510,1510/a_IMG_9367_12.jpg,1510/b_IMG_9367_12.jpg,1510/c_IMG_9367_12.jpg
1511,1511/a_IMG_9367_13.jpg,1511/b_IMG_9367_13.jpg,1511/c_IMG_9367_13.jpg
1512,1512/a_IMG_9367_14.jpg,1512/b_IMG_9367_14.jpg,1512/c_IMG_9367_14.jpg
1513,1513/a_IMG_9367_18.jpg,1513/b_IMG_9367_18.jpg,1513/c_IMG_9367_18.jpg
1514,1514/a_IMG_9367_19.jpg,1514/b_IMG_9367_19.jpg,1514/c_IMG_9367_19.jpg
1515,1515/a_IMG_9367_2.jpg,1515/b_IMG_9367_2.jpg,1515/c_IMG_9367_2.jpg
1516,1516/a_IMG_9367_3.jpg,1516/b_IMG_9367_3.jpg,1516/c_IMG_9367_3.jpg
1517,1517/a_IMG_9367_4.jpg,1517/b_IMG_9367_4.jpg,1517/c_IMG_9367_4.jpg
1518,1518/a_IMG_9367_5.jpg,1518/b_IMG_9367_5.jpg,1518/c_IMG_9367_5.jpg
1519,1519/a_IMG_9367_6.jpg,1519/b_IMG_9367_6.jpg,1519/c_IMG_9367_6.jpg
152,152/a_16-1-1-1(310)_3.jpg,152/b_16-1-1-1(310)_3.jpg,152/c_16-1-1-1(310)_3.jpg
1520,1520/a_IMG_9367_7.jpg,1520/b_IMG_9367_7.jpg,1520/c_IMG_9367_7.jpg
1521,1521/a_IMG_9367_8.jpg,1521/b_IMG_9367_8.jpg,1521/c_IMG_9367_8.jpg
1522,1522/a_IMG_9371_11.jpg,1522/b_IMG_9371_11.jpg,1522/c_IMG_9371_11.jpg
1523,1523/a_IMG_9371_12.jpg,1523/b_IMG_9371_12.jpg,1523/c_IMG_9371_12.jpg
1524,1524/a_IMG_9371_13.jpg,1524/b_IMG_9371_13.jpg,1524/c_IMG_9371_13.jpg
1525,1525/a_IMG_9371_14.jpg,1525/b_IMG_9371_14.jpg,1525/c_IMG_9371_14.jpg
1526,1526/a_IMG_9371_15.jpg,1526/b_IMG_9371_15.jpg,1526/c_IMG_9371_15.jpg
1527,1527/a_IMG_9371_16.jpg,1527/b_IMG_9371_16.jpg,1527/c_IMG_9371_16.jpg
1528,1528/a_IMG_9371_17.jpg,1528/b_IMG_9371_17.jpg,1528/c_IMG_9371_17.jpg
1529,1529/a_IMG_9371_18.jpg,1529/b_IMG_9371_18.jpg,1529/c_IMG_9371_18.jpg
153,153/a_16-1-1-1(310)_4.jpg,153/b_16-1-1-1(310)_4.jpg,153/c_16-1-1-1(310)_4.jpg
1530,1530/a_IMG_9371_19.jpg,1530/b_IMG_9371_19.jpg,1530/c_IMG_9371_19.jpg
1531,1531/a_IMG_9371_2.jpg,1531/b_IMG_9371_2.jpg,1531/c_IMG_9371_2.jpg
1532,1532/a_IMG_9371_3.jpg,1532/b_IMG_9371_3.jpg,1532/c_IMG_9371_3.jpg
1533,1533/a_IMG_9371_4.jpg,1533/b_IMG_9371_4.jpg,1533/c_IMG_9371_4.jpg
1534,1534/a_IMG_9372_11.jpg,1534/b_IMG_9372_11.jpg,1534/c_IMG_9372_11.jpg
1535,1535/a_IMG_9372_12.jpg,1535/b_IMG_9372_12.jpg,1535/c_IMG_9372_12.jpg
1536,1536/a_IMG_9372_14.jpg,1536/b_IMG_9372_14.jpg,1536/c_IMG_9372_14.jpg
1537,1537/a_IMG_9372_15.jpg,1537/b_IMG_9372_15.jpg,1537/c_IMG_9372_15.jpg
1538,1538/a_IMG_9372_16.jpg,1538/b_IMG_9372_16.jpg,1538/c_IMG_9372_16.jpg
1539,1539/a_IMG_9372_18.jpg,1539/b_IMG_9372_18.jpg,1539/c_IMG_9372_18.jpg
154,154/a_16-1-1-1(310)_5.jpg,154/b_16-1-1-1(310)_5.jpg,154/c_16-1-1-1(310)_5.jpg
1540,1540/a_IMG_9372_20.jpg,1540/b_IMG_9372_20.jpg,1540/c_IMG_9372_20.jpg
1541,1541/a_IMG_9372_3.jpg,1541/b_IMG_9372_3.jpg,1541/c_IMG_9372_3.jpg
1542,1542/a_IMG_9372_4.jpg,1542/b_IMG_9372_4.jpg,1542/c_IMG_9372_4.jpg
1543,1543/a_IMG_9372_5.jpg,1543/b_IMG_9372_5.jpg,1543/c_IMG_9372_5.jpg
1544,1544/a_IMG_9372_6.jpg,1544/b_IMG_9372_6.jpg,1544/c_IMG_9372_6.jpg
1545,1545/a_IMG_9372_7.jpg,1545/b_IMG_9372_7.jpg,1545/c_IMG_9372_7.jpg
1546,1546/a_IMG_9372_9.jpg,1546/b_IMG_9372_9.jpg,1546/c_IMG_9372_9.jpg
1547,1547/a_IMG_9373_1.jpg,1547/b_IMG_9373_1.jpg,1547/c_IMG_9373_1.jpg
1548,1548/a_IMG_9373_10.jpg,1548/b_IMG_9373_10.jpg,1548/c_IMG_9373_10.jpg
1549,1549/a_IMG_9373_11.jpg,1549/b_IMG_9373_11.jpg,1549/c_IMG_9373_11.jpg
155,155/a_16-1-1-1(310)_6.jpg,155/b_16-1-1-1(310)_6.jpg,155/c_16-1-1-1(310)_6.jpg
1550,1550/a_IMG_9373_12.jpg,1550/b_IMG_9373_12.jpg,1550/c_IMG_9373_12.jpg
1551,1551/a_IMG_9373_13.jpg,1551/b_IMG_9373_13.jpg,1551/c_IMG_9373_13.jpg
1552,1552/a_IMG_9373_14.jpg,1552/b_IMG_9373_14.jpg,1552/c_IMG_9373_14.jpg
1553,1553/a_IMG_9373_15.jpg,1553/b_IMG_9373_15.jpg,1553/c_IMG_9373_15.jpg
1554,1554/a_IMG_9373_18.jpg,1554/b_IMG_9373_18.jpg,1554/c_IMG_9373_18.jpg
1555,1555/a_IMG_9373_19.jpg,1555/b_IMG_9373_19.jpg,1555/c_IMG_9373_19.jpg
1556,1556/a_IMG_9373_2.jpg,1556/b_IMG_9373_2.jpg,1556/c_IMG_9373_2.jpg
1557,1557/a_IMG_9373_20.jpg,1557/b_IMG_9373_20.jpg,1557/c_IMG_9373_20.jpg
1558,1558/a_IMG_9373_5.jpg,1558/b_IMG_9373_5.jpg,1558/c_IMG_9373_5.jpg
1559,1559/a_IMG_9373_6.jpg,1559/b_IMG_9373_6.jpg,1559/c_IMG_9373_6.jpg
156,156/a_16-1-1-1(310)_7.jpg,156/b_16-1-1-1(310)_7.jpg,156/c_16-1-1-1(310)_7.jpg
1560,1560/a_IMG_9373_7.jpg,1560/b_IMG_9373_7.jpg,1560/c_IMG_9373_7.jpg
1561,1561/a_IMG_9373_9.jpg,1561/b_IMG_9373_9.jpg,1561/c_IMG_9373_9.jpg
1562,1562/a_IMG_9374_10.jpg,1562/b_IMG_9374_10.jpg,1562/c_IMG_9374_10.jpg
1563,1563/a_IMG_9375_11.jpg,1563/b_IMG_9375_11.jpg,1563/c_IMG_9375_11.jpg
1564,1564/a_IMG_9375_14.jpg,1564/b_IMG_9375_14.jpg,1564/c_IMG_9375_14.jpg
1565,1565/a_IMG_9375_15.jpg,1565/b_IMG_9375_15.jpg,1565/c_IMG_9375_15.jpg
1566,1566/a_IMG_9375_18.jpg,1566/b_IMG_9375_18.jpg,1566/c_IMG_9375_18.jpg
1567,1567/a_IMG_9375_19.jpg,1567/b_IMG_9375_19.jpg,1567/c_IMG_9375_19.jpg
1568,1568/a_IMG_9375_20.jpg,1568/b_IMG_9375_20.jpg,1568/c_IMG_9375_20.jpg
1569,1569/a_IMG_9375_3.jpg,1569/b_IMG_9375_3.jpg,1569/c_IMG_9375_3.jpg
157,157/a_16-1-1-1(310)_8.jpg,157/b_16-1-1-1(310)_8.jpg,157/c_16-1-1-1(310)_8.jpg
1570,1570/a_IMG_9376_15.jpg,1570/b_IMG_9376_15.jpg,1570/c_IMG_9376_15.jpg
1571,1571/a_IMG_9376_17.jpg,1571/b_IMG_9376_17.jpg,1571/c_IMG_9376_17.jpg
1572,1572/a_IMG_9376_4.jpg,1572/b_IMG_9376_4.jpg,1572/c_IMG_9376_4.jpg
1573,1573/a_IMG_9376_7.jpg,1573/b_IMG_9376_7.jpg,1573/c_IMG_9376_7.jpg
1574,1574/a_IMG_9377_12.jpg,1574/b_IMG_9377_12.jpg,1574/c_IMG_9377_12.jpg
1575,1575/a_IMG_9378_12.jpg,1575/b_IMG_9378_12.jpg,1575/c_IMG_9378_12.jpg
1576,1576/a_IMG_9379_14.jpg,1576/b_IMG_9379_14.jpg,1576/c_IMG_9379_14.jpg
1577,1577/a_IMG_9379_7.jpg,1577/b_IMG_9379_7.jpg,1577/c_IMG_9379_7.jpg
1578,1578/a_IMG_9380_10.jpg,1578/b_IMG_9380_10.jpg,1578/c_IMG_9380_10.jpg
1579,1579/a_IMG_9380_12.jpg,1579/b_IMG_9380_12.jpg,1579/c_IMG_9380_12.jpg
158,158/a_16-1-1-1(310)_9.jpg,158/b_16-1-1-1(310)_9.jpg,158/c_16-1-1-1(310)_9.jpg
1580,1580/a_IMG_9380_15.jpg,1580/b_IMG_9380_15.jpg,1580/c_IMG_9380_15.jpg
1581,1581/a_IMG_9381_1.jpg,1581/b_IMG_9381_1.jpg,1581/c_IMG_9381_1.jpg
1582,1582/a_IMG_9381_13.jpg,1582/b_IMG_9381_13.jpg,1582/c_IMG_9381_13.jpg
1583,1583/a_IMG_9381_14.jpg,1583/b_IMG_9381_14.jpg,1583/c_IMG_9381_14.jpg
1584,1584/a_IMG_9381_15.jpg,1584/b_IMG_9381_15.jpg,1584/c_IMG_9381_15.jpg
1585,1585/a_IMG_9381_19.jpg,1585/b_IMG_9381_19.jpg,1585/c_IMG_9381_19.jpg
1586,1586/a_IMG_9381_20.jpg,1586/b_IMG_9381_20.jpg,1586/c_IMG_9381_20.jpg
1587,1587/a_IMG_9381_5.jpg,1587/b_IMG_9381_5.jpg,1587/c_IMG_9381_5.jpg
1588,1588/a_IMG_9381_9.jpg,1588/b_IMG_9381_9.jpg,1588/c_IMG_9381_9.jpg
1589,1589/a_IMG_9382_10.jpg,1589/b_IMG_9382_10.jpg,1589/c_IMG_9382_10.jpg
159,159/a_16-1-1-1(32)_10.jpg,159/b_16-1-1-1(32)_10.jpg,159/c_16-1-1-1(32)_10.jpg
1590,1590/a_IMG_9382_8.jpg,1590/b_IMG_9382_8.jpg,1590/c_IMG_9382_8.jpg
1591,1591/a_IMG_9386_3.jpg,1591/b_IMG_9386_3.jpg,1591/c_IMG_9386_3.jpg
1592,1592/a_IMG_9387_10.jpg,1592/b_IMG_9387_10.jpg,1592/c_IMG_9387_10.jpg
1593,1593/a_IMG_9387_13.jpg,1593/b_IMG_9387_13.jpg,1593/c_IMG_9387_13.jpg
1594,1594/a_IMG_9387_3.jpg,1594/b_IMG_9387_3.jpg,1594/c_IMG_9387_3.jpg
1595,1595/a_IMG_9387_8.jpg,1595/b_IMG_9387_8.jpg,1595/c_IMG_9387_8.jpg
1596,1596/a_IMG_9388_16.jpg,1596/b_IMG_9388_16.jpg,1596/c_IMG_9388_16.jpg
1597,1597/a_IMG_9388_5.jpg,1597/b_IMG_9388_5.jpg,1597/c_IMG_9388_5.jpg
1598,1598/a_IMG_9392_10.jpg,1598/b_IMG_9392_10.jpg,1598/c_IMG_9392_10.jpg
1599,1599/a_IMG_9392_11.jpg,1599/b_IMG_9392_11.jpg,1599/c_IMG_9392_11.jpg
16,16/a_16-1-1-1(109)_2.jpg,16/b_16-1-1-1(109)_2.jpg,16/c_16-1-1-1(109)_2.jpg
160,160/a_16-1-1-1(32)_11.jpg,160/b_16-1-1-1(32)_11.jpg,160/c_16-1-1-1(32)_11.jpg
1600,1600/a_IMG_9392_12.jpg,1600/b_IMG_9392_12.jpg,1600/c_IMG_9392_12.jpg
1601,1601/a_IMG_9392_13.jpg,1601/b_IMG_9392_13.jpg,1601/c_IMG_9392_13.jpg
1602,1602/a_IMG_9392_14.jpg,1602/b_IMG_9392_14.jpg,1602/c_IMG_9392_14.jpg
1603,1603/a_IMG_9392_18.jpg,1603/b_IMG_9392_18.jpg,1603/c_IMG_9392_18.jpg
1604,1604/a_IMG_9392_20.jpg,1604/b_IMG_9392_20.jpg,1604/c_IMG_9392_20.jpg
1605,1605/a_IMG_9392_7.jpg,1605/b_IMG_9392_7.jpg,1605/c_IMG_9392_7.jpg
1606,1606/a_IMG_9430_11.jpg,1606/b_IMG_9430_11.jpg,1606/c_IMG_9430_11.jpg
1607,1607/a_IMG_9430_12.jpg,1607/b_IMG_9430_12.jpg,1607/c_IMG_9430_12.jpg
1608,1608/a_IMG_9430_14.jpg,1608/b_IMG_9430_14.jpg,1608/c_IMG_9430_14.jpg
1609,1609/a_IMG_9430_15.jpg,1609/b_IMG_9430_15.jpg,1609/c_IMG_9430_15.jpg
161,161/a_16-1-1-1(32)_12.jpg,161/b_16-1-1-1(32)_12.jpg,161/c_16-1-1-1(32)_12.jpg
1610,1610/a_IMG_9430_16.jpg,1610/b_IMG_9430_16.jpg,1610/c_IMG_9430_16.jpg
1611,1611/a_IMG_9430_17.jpg,1611/b_IMG_9430_17.jpg,1611/c_IMG_9430_17.jpg
1612,1612/a_IMG_9430_18.jpg,1612/b_IMG_9430_18.jpg,1612/c_IMG_9430_18.jpg
1613,1613/a_IMG_9430_19.jpg,1613/b_IMG_9430_19.jpg,1613/c_IMG_9430_19.jpg
1614,1614/a_IMG_9430_2.jpg,1614/b_IMG_9430_2.jpg,1614/c_IMG_9430_2.jpg
1615,1615/a_IMG_9430_20.jpg,1615/b_IMG_9430_20.jpg,1615/c_IMG_9430_20.jpg
1616,1616/a_IMG_9430_3.jpg,1616/b_IMG_9430_3.jpg,1616/c_IMG_9430_3.jpg
1617,1617/a_IMG_9430_6.jpg,1617/b_IMG_9430_6.jpg,1617/c_IMG_9430_6.jpg
1618,1618/a_IMG_9430_8.jpg,1618/b_IMG_9430_8.jpg,1618/c_IMG_9430_8.jpg
1619,1619/a_IMG_9431_12.jpg,1619/b_IMG_9431_12.jpg,1619/c_IMG_9431_12.jpg
162,162/a_16-1-1-1(32)_13.jpg,162/b_16-1-1-1(32)_13.jpg,162/c_16-1-1-1(32)_13.jpg
1620,1620/a_IMG_9431_16.jpg,1620/b_IMG_9431_16.jpg,1620/c_IMG_9431_16.jpg
1621,1621/a_IMG_9431_2.jpg,1621/b_IMG_9431_2.jpg,1621/c_IMG_9431_2.jpg
1622,1622/a_IMG_9431_4.jpg,1622/b_IMG_9431_4.jpg,1622/c_IMG_9431_4.jpg
1623,1623/a_IMG_9431_5.jpg,1623/b_IMG_9431_5.jpg,1623/c_IMG_9431_5.jpg
1624,1624/a_IMG_9432_10.jpg,1624/b_IMG_9432_10.jpg,1624/c_IMG_9432_10.jpg
1625,1625/a_IMG_9432_11.jpg,1625/b_IMG_9432_11.jpg,1625/c_IMG_9432_11.jpg
1626,1626/a_IMG_9432_13.jpg,1626/b_IMG_9432_13.jpg,1626/c_IMG_9432_13.jpg
1627,1627/a_IMG_9432_14.jpg,1627/b_IMG_9432_14.jpg,1627/c_IMG_9432_14.jpg
1628,1628/a_IMG_9432_15.jpg,1628/b_IMG_9432_15.jpg,1628/c_IMG_9432_15.jpg
1629,1629/a_IMG_9432_17.jpg,1629/b_IMG_9432_17.jpg,1629/c_IMG_9432_17.jpg
163,163/a_16-1-1-1(32)_14.jpg,163/b_16-1-1-1(32)_14.jpg,163/c_16-1-1-1(32)_14.jpg
1630,1630/a_IMG_9432_19.jpg,1630/b_IMG_9432_19.jpg,1630/c_IMG_9432_19.jpg
1631,1631/a_IMG_9432_8.jpg,1631/b_IMG_9432_8.jpg,1631/c_IMG_9432_8.jpg
1632,1632/a_IMG_9433_12.jpg,1632/b_IMG_9433_12.jpg,1632/c_IMG_9433_12.jpg
1633,1633/a_IMG_9434_14.jpg,1633/b_IMG_9434_14.jpg,1633/c_IMG_9434_14.jpg
1634,1634/a_IMG_9434_18.jpg,1634/b_IMG_9434_18.jpg,1634/c_IMG_9434_18.jpg
1635,1635/a_IMG_9434_19.jpg,1635/b_IMG_9434_19.jpg,1635/c_IMG_9434_19.jpg
1636,1636/a_IMG_9434_7.jpg,1636/b_IMG_9434_7.jpg,1636/c_IMG_9434_7.jpg
1637,1637/a_IMG_9434_8.jpg,1637/b_IMG_9434_8.jpg,1637/c_IMG_9434_8.jpg
1638,1638/a_IMG_9434_9.jpg,1638/b_IMG_9434_9.jpg,1638/c_IMG_9434_9.jpg
1639,1639/a_IMG_9435_11.jpg,1639/b_IMG_9435_11.jpg,1639/c_IMG_9435_11.jpg
164,164/a_16-1-1-1(32)_17.jpg,164/b_16-1-1-1(32)_17.jpg,164/c_16-1-1-1(32)_17.jpg
1640,1640/a_IMG_9435_12.jpg,1640/b_IMG_9435_12.jpg,1640/c_IMG_9435_12.jpg
1641,1641/a_IMG_9435_16.jpg,1641/b_IMG_9435_16.jpg,1641/c_IMG_9435_16.jpg
1642,1642/a_IMG_9435_18.jpg,1642/b_IMG_9435_18.jpg,1642/c_IMG_9435_18.jpg
1643,1643/a_IMG_9435_20.jpg,1643/b_IMG_9435_20.jpg,1643/c_IMG_9435_20.jpg
1644,1644/a_IMG_9435_8.jpg,1644/b_IMG_9435_8.jpg,1644/c_IMG_9435_8.jpg
1645,1645/a_IMG_9435_9.jpg,1645/b_IMG_9435_9.jpg,1645/c_IMG_9435_9.jpg
1646,1646/a_IMG_9436_10.jpg,1646/b_IMG_9436_10.jpg,1646/c_IMG_9436_10.jpg
1647,1647/a_IMG_9436_14.jpg,1647/b_IMG_9436_14.jpg,1647/c_IMG_9436_14.jpg
1648,1648/a_IMG_9436_6.jpg,1648/b_IMG_9436_6.jpg,1648/c_IMG_9436_6.jpg
1649,1649/a_IMG_9437_18.jpg,1649/b_IMG_9437_18.jpg,1649/c_IMG_9437_18.jpg
165,165/a_16-1-1-1(32)_18.jpg,165/b_16-1-1-1(32)_18.jpg,165/c_16-1-1-1(32)_18.jpg
1650,1650/a_IMG_9440_1.jpg,1650/b_IMG_9440_1.jpg,1650/c_IMG_9440_1.jpg
1651,1651/a_IMG_9440_10.jpg,1651/b_IMG_9440_10.jpg,1651/c_IMG_9440_10.jpg
1652,1652/a_IMG_9440_11.jpg,1652/b_IMG_9440_11.jpg,1652/c_IMG_9440_11.jpg
1653,1653/a_IMG_9440_12.jpg,1653/b_IMG_9440_12.jpg,1653/c_IMG_9440_12.jpg
1654,1654/a_IMG_9440_15.jpg,1654/b_IMG_9440_15.jpg,1654/c_IMG_9440_15.jpg
1655,1655/a_IMG_9440_16.jpg,1655/b_IMG_9440_16.jpg,1655/c_IMG_9440_16.jpg
1656,1656/a_IMG_9440_17.jpg,1656/b_IMG_9440_17.jpg,1656/c_IMG_9440_17.jpg
1657,1657/a_IMG_9440_2.jpg,1657/b_IMG_9440_2.jpg,1657/c_IMG_9440_2.jpg
1658,1658/a_IMG_9440_20.jpg,1658/b_IMG_9440_20.jpg,1658/c_IMG_9440_20.jpg
1659,1659/a_IMG_9440_5.jpg,1659/b_IMG_9440_5.jpg,1659/c_IMG_9440_5.jpg
166,166/a_16-1-1-1(32)_2.jpg,166/b_16-1-1-1(32)_2.jpg,166/c_16-1-1-1(32)_2.jpg
1660,1660/a_IMG_9440_6.jpg,1660/b_IMG_9440_6.jpg,1660/c_IMG_9440_6.jpg
1661,1661/a_IMG_9440_7.jpg,1661/b_IMG_9440_7.jpg,1661/c_IMG_9440_7.jpg
1662,1662/a_IMG_9440_9.jpg,1662/b_IMG_9440_9.jpg,1662/c_IMG_9440_9.jpg
1663,1663/a_IMG_9441_14.jpg,1663/b_IMG_9441_14.jpg,1663/c_IMG_9441_14.jpg
1664,1664/a_IMG_9441_17.jpg,1664/b_IMG_9441_17.jpg,1664/c_IMG_9441_17.jpg
1665,1665/a_IMG_9442_1.jpg,1665/b_IMG_9442_1.jpg,1665/c_IMG_9442_1.jpg
1666,1666/a_IMG_9442_13.jpg,1666/b_IMG_9442_13.jpg,1666/c_IMG_9442_13.jpg
1667,1667/a_IMG_9442_16.jpg,1667/b_IMG_9442_16.jpg,1667/c_IMG_9442_16.jpg
1668,1668/a_IMG_9442_18.jpg,1668/b_IMG_9442_18.jpg,1668/c_IMG_9442_18.jpg
1669,1669/a_IMG_9442_7.jpg,1669/b_IMG_9442_7.jpg,1669/c_IMG_9442_7.jpg
167,167/a_16-1-1-1(32)_3.jpg,167/b_16-1-1-1(32)_3.jpg,167/c_16-1-1-1(32)_3.jpg
1670,1670/a_IMG_9442_9.jpg,1670/b_IMG_9442_9.jpg,1670/c_IMG_9442_9.jpg
1671,1671/a_IMG_9443_1.jpg,1671/b_IMG_9443_1.jpg,1671/c_IMG_9443_1.jpg
1672,1672/a_IMG_9443_10.jpg,1672/b_IMG_9443_10.jpg,1672/c_IMG_9443_10.jpg
1673,1673/a_IMG_9443_13.jpg,1673/b_IMG_9443_13.jpg,1673/c_IMG_9443_13.jpg
1674,1674/a_IMG_9443_3.jpg,1674/b_IMG_9443_3.jpg,1674/c_IMG_9443_3.jpg
1675,1675/a_IMG_9443_6.jpg,1675/b_IMG_9443_6.jpg,1675/c_IMG_9443_6.jpg
1676,1676/a_IMG_9443_8.jpg,1676/b_IMG_9443_8.jpg,1676/c_IMG_9443_8.jpg
1677,1677/a_IMG_9444_10.jpg,1677/b_IMG_9444_10.jpg,1677/c_IMG_9444_10.jpg
1678,1678/a_IMG_9444_16.jpg,1678/b_IMG_9444_16.jpg,1678/c_IMG_9444_16.jpg
1679,1679/a_IMG_9444_17.jpg,1679/b_IMG_9444_17.jpg,1679/c_IMG_9444_17.jpg
168,168/a_16-1-1-1(32)_6.jpg,168/b_16-1-1-1(32)_6.jpg,168/c_16-1-1-1(32)_6.jpg
1680,1680/a_IMG_9444_2.jpg,1680/b_IMG_9444_2.jpg,1680/c_IMG_9444_2.jpg
1681,1681/a_IMG_9444_3.jpg,1681/b_IMG_9444_3.jpg,1681/c_IMG_9444_3.jpg
1682,1682/a_IMG_9444_5.jpg,1682/b_IMG_9444_5.jpg,1682/c_IMG_9444_5.jpg
1683,1683/a_IMG_9444_7.jpg,1683/b_IMG_9444_7.jpg,1683/c_IMG_9444_7.jpg
1684,1684/a_IMG_9448_1.jpg,1684/b_IMG_9448_1.jpg,1684/c_IMG_9448_1.jpg
1685,1685/a_IMG_9448_17.jpg,1685/b_IMG_9448_17.jpg,1685/c_IMG_9448_17.jpg
1686,1686/a_IMG_9448_18.jpg,1686/b_IMG_9448_18.jpg,1686/c_IMG_9448_18.jpg
1687,1687/a_IMG_9448_19.jpg,1687/b_IMG_9448_19.jpg,1687/c_IMG_9448_19.jpg
1688,1688/a_IMG_9448_20.jpg,1688/b_IMG_9448_20.jpg,1688/c_IMG_9448_20.jpg
1689,1689/a_IMG_9448_7.jpg,1689/b_IMG_9448_7.jpg,1689/c_IMG_9448_7.jpg
169,169/a_16-1-1-1(32)_7.jpg,169/b_16-1-1-1(32)_7.jpg,169/c_16-1-1-1(32)_7.jpg
1690,1690/a_IMG_9448_8.jpg,1690/b_IMG_9448_8.jpg,1690/c_IMG_9448_8.jpg
1691,1691/a_IMG_9448_9.jpg,1691/b_IMG_9448_9.jpg,1691/c_IMG_9448_9.jpg
1692,1692/a_IMG_9449_15.jpg,1692/b_IMG_9449_15.jpg,1692/c_IMG_9449_15.jpg
1693,1693/a_IMG_9449_16.jpg,1693/b_IMG_9449_16.jpg,1693/c_IMG_9449_16.jpg
1694,1694/a_IMG_9449_20.jpg,1694/b_IMG_9449_20.jpg,1694/c_IMG_9449_20.jpg
1695,1695/a_IMG_9449_9.jpg,1695/b_IMG_9449_9.jpg,1695/c_IMG_9449_9.jpg
1696,1696/a_IMG_9450_14.jpg,1696/b_IMG_9450_14.jpg,1696/c_IMG_9450_14.jpg
1697,1697/a_IMG_9450_15.jpg,1697/b_IMG_9450_15.jpg,1697/c_IMG_9450_15.jpg
1698,1698/a_IMG_9450_16.jpg,1698/b_IMG_9450_16.jpg,1698/c_IMG_9450_16.jpg
17,17/a_16-1-1-1(109)_3.jpg,17/b_16-1-1-1(109)_3.jpg,17/c_16-1-1-1(109)_3.jpg
170,170/a_16-1-1-1(32)_8.jpg,170/b_16-1-1-1(32)_8.jpg,170/c_16-1-1-1(32)_8.jpg
171,171/a_16-1-1-1(32)_9.jpg,171/b_16-1-1-1(32)_9.jpg,171/c_16-1-1-1(32)_9.jpg
172,172/a_16-1-1-1(33)_1.jpg,172/b_16-1-1-1(33)_1.jpg,172/c_16-1-1-1(33)_1.jpg
173,173/a_16-1-1-1(33)_10.jpg,173/b_16-1-1-1(33)_10.jpg,173/c_16-1-1-1(33)_10.jpg
174,174/a_16-1-1-1(33)_11.jpg,174/b_16-1-1-1(33)_11.jpg,174/c_16-1-1-1(33)_11.jpg
175,175/a_16-1-1-1(33)_12.jpg,175/b_16-1-1-1(33)_12.jpg,175/c_16-1-1-1(33)_12.jpg
176,176/a_16-1-1-1(33)_13.jpg,176/b_16-1-1-1(33)_13.jpg,176/c_16-1-1-1(33)_13.jpg
177,177/a_16-1-1-1(33)_14.jpg,177/b_16-1-1-1(33)_14.jpg,177/c_16-1-1-1(33)_14.jpg
178,178/a_16-1-1-1(33)_15.jpg,178/b_16-1-1-1(33)_15.jpg,178/c_16-1-1-1(33)_15.jpg
179,179/a_16-1-1-1(33)_17.jpg,179/b_16-1-1-1(33)_17.jpg,179/c_16-1-1-1(33)_17.jpg
18,18/a_16-1-1-1(109)_4.jpg,18/b_16-1-1-1(109)_4.jpg,18/c_16-1-1-1(109)_4.jpg
180,180/a_16-1-1-1(33)_5.jpg,180/b_16-1-1-1(33)_5.jpg,180/c_16-1-1-1(33)_5.jpg
181,181/a_16-1-1-1(33)_8.jpg,181/b_16-1-1-1(33)_8.jpg,181/c_16-1-1-1(33)_8.jpg
182,182/a_16-1-1-1(33)_9.jpg,182/b_16-1-1-1(33)_9.jpg,182/c_16-1-1-1(33)_9.jpg
183,183/a_16-1-1-1(37)1_10.jpg,183/b_16-1-1-1(37)1_10.jpg,183/c_16-1-1-1(37)1_10.jpg
184,184/a_16-1-1-1(37)1_12.jpg,184/b_16-1-1-1(37)1_12.jpg,184/c_16-1-1-1(37)1_12.jpg
185,185/a_16-1-1-1(37)1_14.jpg,185/b_16-1-1-1(37)1_14.jpg,185/c_16-1-1-1(37)1_14.jpg
186,186/a_16-1-1-1(37)1_7.jpg,186/b_16-1-1-1(37)1_7.jpg,186/c_16-1-1-1(37)1_7.jpg
187,187/a_16-1-1-1(37)1_8.jpg,187/b_16-1-1-1(37)1_8.jpg,187/c_16-1-1-1(37)1_8.jpg
188,188/a_16-1-1-1(37)1_9.jpg,188/b_16-1-1-1(37)1_9.jpg,188/c_16-1-1-1(37)1_9.jpg
189,189/a_16-1-1-1(38)1_10.jpg,189/b_16-1-1-1(38)1_10.jpg,189/c_16-1-1-1(38)1_10.jpg
19,19/a_16-1-1-1(109)_6.jpg,19/b_16-1-1-1(109)_6.jpg,19/c_16-1-1-1(109)_6.jpg
190,190/a_16-1-1-1(38)1_11.jpg,190/b_16-1-1-1(38)1_11.jpg,190/c_16-1-1-1(38)1_11.jpg
191,191/a_16-1-1-1(38)1_12.jpg,191/b_16-1-1-1(38)1_12.jpg,191/c_16-1-1-1(38)1_12.jpg
192,192/a_16-1-1-1(38)1_13.jpg,192/b_16-1-1-1(38)1_13.jpg,192/c_16-1-1-1(38)1_13.jpg
193,193/a_16-1-1-1(38)1_14.jpg,193/b_16-1-1-1(38)1_14.jpg,193/c_16-1-1-1(38)1_14.jpg
194,194/a_16-1-1-1(38)1_15.jpg,194/b_16-1-1-1(38)1_15.jpg,194/c_16-1-1-1(38)1_15.jpg
195,195/a_16-1-1-1(38)1_16.jpg,195/b_16-1-1-1(38)1_16.jpg,195/c_16-1-1-1(38)1_16.jpg
196,196/a_16-1-1-1(38)1_17.jpg,196/b_16-1-1-1(38)1_17.jpg,196/c_16-1-1-1(38)1_17.jpg
197,197/a_16-1-1-1(38)1_18.jpg,197/b_16-1-1-1(38)1_18.jpg,197/c_16-1-1-1(38)1_18.jpg
198,198/a_16-1-1-1(38)1_7.jpg,198/b_16-1-1-1(38)1_7.jpg,198/c_16-1-1-1(38)1_7.jpg
199,199/a_16-1-1-1(38)1_8.jpg,199/b_16-1-1-1(38)1_8.jpg,199/c_16-1-1-1(38)1_8.jpg
2,2/a_16-1-1-1(108)_16.jpg,2/b_16-1-1-1(108)_16.jpg,2/c_16-1-1-1(108)_16.jpg
20,20/a_16-1-1-1(110)_1.jpg,20/b_16-1-1-1(110)_1.jpg,20/c_16-1-1-1(110)_1.jpg
200,200/a_16-1-1-1(38)1_9.jpg,200/b_16-1-1-1(38)1_9.jpg,200/c_16-1-1-1(38)1_9.jpg
201,201/a_16-1-1-1(39)1_1.jpg,201/b_16-1-1-1(39)1_1.jpg,201/c_16-1-1-1(39)1_1.jpg
202,202/a_16-1-1-1(39)1_10.jpg,202/b_16-1-1-1(39)1_10.jpg,202/c_16-1-1-1(39)1_10.jpg
203,203/a_16-1-1-1(39)1_11.jpg,203/b_16-1-1-1(39)1_11.jpg,203/c_16-1-1-1(39)1_11.jpg
204,204/a_16-1-1-1(39)1_12.jpg,204/b_16-1-1-1(39)1_12.jpg,204/c_16-1-1-1(39)1_12.jpg
205,205/a_16-1-1-1(39)1_13.jpg,205/b_16-1-1-1(39)1_13.jpg,205/c_16-1-1-1(39)1_13.jpg
206,206/a_16-1-1-1(39)1_14.jpg,206/b_16-1-1-1(39)1_14.jpg,206/c_16-1-1-1(39)1_14.jpg
207,207/a_16-1-1-1(39)1_15.jpg,207/b_16-1-1-1(39)1_15.jpg,207/c_16-1-1-1(39)1_15.jpg
208,208/a_16-1-1-1(39)1_2.jpg,208/b_16-1-1-1(39)1_2.jpg,208/c_16-1-1-1(39)1_2.jpg
209,209/a_16-1-1-1(39)1_6.jpg,209/b_16-1-1-1(39)1_6.jpg,209/c_16-1-1-1(39)1_6.jpg
21,21/a_16-1-1-1(110)_2.jpg,21/b_16-1-1-1(110)_2.jpg,21/c_16-1-1-1(110)_2.jpg
210,210/a_16-1-1-1(39)1_7.jpg,210/b_16-1-1-1(39)1_7.jpg,210/c_16-1-1-1(39)1_7.jpg
211,211/a_16-1-1-1(39)1_8.jpg,211/b_16-1-1-1(39)1_8.jpg,211/c_16-1-1-1(39)1_8.jpg
212,212/a_16-1-1-1(39)1_9.jpg,212/b_16-1-1-1(39)1_9.jpg,212/c_16-1-1-1(39)1_9.jpg
213,213/a_16-1-1-1(400)_1.jpg,213/b_16-1-1-1(400)_1.jpg,213/c_16-1-1-1(400)_1.jpg
214,214/a_16-1-1-1(400)_12.jpg,214/b_16-1-1-1(400)_12.jpg,214/c_16-1-1-1(400)_12.jpg
215,215/a_16-1-1-1(400)_13.jpg,215/b_16-1-1-1(400)_13.jpg,215/c_16-1-1-1(400)_13.jpg
216,216/a_16-1-1-1(400)_3.jpg,216/b_16-1-1-1(400)_3.jpg,216/c_16-1-1-1(400)_3.jpg
217,217/a_16-1-1-1(403)_10.jpg,217/b_16-1-1-1(403)_10.jpg,217/c_16-1-1-1(403)_10.jpg
218,218/a_16-1-1-1(403)_11.jpg,218/b_16-1-1-1(403)_11.jpg,218/c_16-1-1-1(403)_11.jpg
219,219/a_16-1-1-1(403)_4.jpg,219/b_16-1-1-1(403)_4.jpg,219/c_16-1-1-1(403)_4.jpg
22,22/a_16-1-1-1(110)_3.jpg,22/b_16-1-1-1(110)_3.jpg,22/c_16-1-1-1(110)_3.jpg
220,220/a_16-1-1-1(403)_5.jpg,220/b_16-1-1-1(403)_5.jpg,220/c_16-1-1-1(403)_5.jpg
221,221/a_16-1-1-1(404)_2.jpg,221/b_16-1-1-1(404)_2.jpg,221/c_16-1-1-1(404)_2.jpg
222,222/a_16-1-1-1(408)_1.jpg,222/b_16-1-1-1(408)_1.jpg,222/c_16-1-1-1(408)_1.jpg
223,223/a_16-1-1-1(408)_10.jpg,223/b_16-1-1-1(408)_10.jpg,223/c_16-1-1-1(408)_10.jpg
224,224/a_16-1-1-1(408)_11.jpg,224/b_16-1-1-1(408)_11.jpg,224/c_16-1-1-1(408)_11.jpg
225,225/a_16-1-1-1(408)_12.jpg,225/b_16-1-1-1(408)_12.jpg,225/c_16-1-1-1(408)_12.jpg
226,226/a_16-1-1-1(408)_13.jpg,226/b_16-1-1-1(408)_13.jpg,226/c_16-1-1-1(408)_13.jpg
227,227/a_16-1-1-1(408)_14.jpg,227/b_16-1-1-1(408)_14.jpg,227/c_16-1-1-1(408)_14.jpg
228,228/a_16-1-1-1(408)_16.jpg,228/b_16-1-1-1(408)_16.jpg,228/c_16-1-1-1(408)_16.jpg
229,229/a_16-1-1-1(408)_17.jpg,229/b_16-1-1-1(408)_17.jpg,229/c_16-1-1-1(408)_17.jpg
23,23/a_16-1-1-1(110)_4.jpg,23/b_16-1-1-1(110)_4.jpg,23/c_16-1-1-1(110)_4.jpg
230,230/a_16-1-1-1(408)_18.jpg,230/b_16-1-1-1(408)_18.jpg,230/c_16-1-1-1(408)_18.jpg
231,231/a_16-1-1-1(408)_19.jpg,231/b_16-1-1-1(408)_19.jpg,231/c_16-1-1-1(408)_19.jpg
232,232/a_16-1-1-1(408)_2.jpg,232/b_16-1-1-1(408)_2.jpg,232/c_16-1-1-1(408)_2.jpg
233,233/a_16-1-1-1(408)_20.jpg,233/b_16-1-1-1(408)_20.jpg,233/c_16-1-1-1(408)_20.jpg
234,234/a_16-1-1-1(408)_21.jpg,234/b_16-1-1-1(408)_21.jpg,234/c_16-1-1-1(408)_21.jpg
235,235/a_16-1-1-1(408)_22.jpg,235/b_16-1-1-1(408)_22.jpg,235/c_16-1-1-1(408)_22.jpg
236,236/a_16-1-1-1(408)_23.jpg,236/b_16-1-1-1(408)_23.jpg,236/c_16-1-1-1(408)_23.jpg
237,237/a_16-1-1-1(408)_3.jpg,237/b_16-1-1-1(408)_3.jpg,237/c_16-1-1-1(408)_3.jpg
238,238/a_16-1-1-1(408)_4.jpg,238/b_16-1-1-1(408)_4.jpg,238/c_16-1-1-1(408)_4.jpg
239,239/a_16-1-1-1(408)_5.jpg,239/b_16-1-1-1(408)_5.jpg,239/c_16-1-1-1(408)_5.jpg
24,24/a_16-1-1-1(14)_10.jpg,24/b_16-1-1-1(14)_10.jpg,24/c_16-1-1-1(14)_10.jpg
240,240/a_16-1-1-1(408)_6.jpg,240/b_16-1-1-1(408)_6.jpg,240/c_16-1-1-1(408)_6.jpg
241,241/a_16-1-1-1(408)_7.jpg,241/b_16-1-1-1(408)_7.jpg,241/c_16-1-1-1(408)_7.jpg
242,242/a_16-1-1-1(408)_8.jpg,242/b_16-1-1-1(408)_8.jpg,242/c_16-1-1-1(408)_8.jpg
243,243/a_16-1-1-1(408)_9.jpg,243/b_16-1-1-1(408)_9.jpg,243/c_16-1-1-1(408)_9.jpg
244,244/a_16-1-1-1(409)_1.jpg,244/b_16-1-1-1(409)_1.jpg,244/c_16-1-1-1(409)_1.jpg
245,245/a_16-1-1-1(409)_11.jpg,245/b_16-1-1-1(409)_11.jpg,245/c_16-1-1-1(409)_11.jpg
246,246/a_16-1-1-1(409)_12.jpg,246/b_16-1-1-1(409)_12.jpg,246/c_16-1-1-1(409)_12.jpg
247,247/a_16-1-1-1(409)_13.jpg,247/b_16-1-1-1(409)_13.jpg,247/c_16-1-1-1(409)_13.jpg
248,248/a_16-1-1-1(409)_14.jpg,248/b_16-1-1-1(409)_14.jpg,248/c_16-1-1-1(409)_14.jpg
249,249/a_16-1-1-1(409)_16.jpg,249/b_16-1-1-1(409)_16.jpg,249/c_16-1-1-1(409)_16.jpg
25,25/a_16-1-1-1(14)_11.jpg,25/b_16-1-1-1(14)_11.jpg,25/c_16-1-1-1(14)_11.jpg
250,250/a_16-1-1-1(409)_17.jpg,250/b_16-1-1-1(409)_17.jpg,250/c_16-1-1-1(409)_17.jpg
251,251/a_16-1-1-1(409)_2.jpg,251/b_16-1-1-1(409)_2.jpg,251/c_16-1-1-1(409)_2.jpg
252,252/a_16-1-1-1(409)_3.jpg,252/b_16-1-1-1(409)_3.jpg,252/c_16-1-1-1(409)_3.jpg
253,253/a_16-1-1-1(409)_4.jpg,253/b_16-1-1-1(409)_4.jpg,253/c_16-1-1-1(409)_4.jpg
254,254/a_16-1-1-1(409)_5.jpg,254/b_16-1-1-1(409)_5.jpg,254/c_16-1-1-1(409)_5.jpg
255,255/a_16-1-1-1(409)_6.jpg,255/b_16-1-1-1(409)_6.jpg,255/c_16-1-1-1(409)_6.jpg
256,256/a_16-1-1-1(409)_7.jpg,256/b_16-1-1-1(409)_7.jpg,256/c_16-1-1-1(409)_7.jpg
257,257/a_16-1-1-1(409)_8.jpg,257/b_16-1-1-1(409)_8.jpg,257/c_16-1-1-1(409)_8.jpg
258,258/a_16-1-1-1(409)_9.jpg,258/b_16-1-1-1(409)_9.jpg,258/c_16-1-1-1(409)_9.jpg
259,259/a_16-1-1-1(41)1_10.jpg,259/b_16-1-1-1(41)1_10.jpg,259/c_16-1-1-1(41)1_10.jpg
26,26/a_16-1-1-1(14)_12.jpg,26/b_16-1-1-1(14)_12.jpg,26/c_16-1-1-1(14)_12.jpg
260,260/a_16-1-1-1(41)1_5.jpg,260/b_16-1-1-1(41)1_5.jpg,260/c_16-1-1-1(41)1_5.jpg
261,261/a_16-1-1-1(41)1_6.jpg,261/b_16-1-1-1(41)1_6.jpg,261/c_16-1-1-1(41)1_6.jpg
262,262/a_16-1-1-1(41)1_7.jpg,262/b_16-1-1-1(41)1_7.jpg,262/c_16-1-1-1(41)1_7.jpg
263,263/a_16-1-1-1(41)1_8.jpg,263/b_16-1-1-1(41)1_8.jpg,263/c_16-1-1-1(41)1_8.jpg
264,264/a_16-1-1-1(41)1_9.jpg,264/b_16-1-1-1(41)1_9.jpg,264/c_16-1-1-1(41)1_9.jpg
265,265/a_16-1-1-1(410)_10.jpg,265/b_16-1-1-1(410)_10.jpg,265/c_16-1-1-1(410)_10.jpg
266,266/a_16-1-1-1(410)_12.jpg,266/b_16-1-1-1(410)_12.jpg,266/c_16-1-1-1(410)_12.jpg
267,267/a_16-1-1-1(42)1_10.jpg,267/b_16-1-1-1(42)1_10.jpg,267/c_16-1-1-1(42)1_10.jpg
268,268/a_16-1-1-1(42)1_11.jpg,268/b_16-1-1-1(42)1_11.jpg,268/c_16-1-1-1(42)1_11.jpg
269,269/a_16-1-1-1(42)1_12.jpg,269/b_16-1-1-1(42)1_12.jpg,269/c_16-1-1-1(42)1_12.jpg
27,27/a_16-1-1-1(14)_7.jpg,27/b_16-1-1-1(14)_7.jpg,27/c_16-1-1-1(14)_7.jpg
270,270/a_16-1-1-1(42)1_13.jpg,270/b_16-1-1-1(42)1_13.jpg,270/c_16-1-1-1(42)1_13.jpg
271,271/a_16-1-1-1(42)1_16.jpg,271/b_16-1-1-1(42)1_16.jpg,271/c_16-1-1-1(42)1_16.jpg
272,272/a_16-1-1-1(42)1_17.jpg,272/b_16-1-1-1(42)1_17.jpg,272/c_16-1-1-1(42)1_17.jpg
273,273/a_16-1-1-1(42)1_19.jpg,273/b_16-1-1-1(42)1_19.jpg,273/c_16-1-1-1(42)1_19.jpg
274,274/a_16-1-1-1(42)1_2.jpg,274/b_16-1-1-1(42)1_2.jpg,274/c_16-1-1-1(42)1_2.jpg
275,275/a_16-1-1-1(42)1_20.jpg,275/b_16-1-1-1(42)1_20.jpg,275/c_16-1-1-1(42)1_20.jpg
276,276/a_16-1-1-1(42)1_21.jpg,276/b_16-1-1-1(42)1_21.jpg,276/c_16-1-1-1(42)1_21.jpg
277,277/a_16-1-1-1(42)1_22.jpg,277/b_16-1-1-1(42)1_22.jpg,277/c_16-1-1-1(42)1_22.jpg
278,278/a_16-1-1-1(42)1_25.jpg,278/b_16-1-1-1(42)1_25.jpg,278/c_16-1-1-1(42)1_25.jpg
279,279/a_16-1-1-1(42)1_26.jpg,279/b_16-1-1-1(42)1_26.jpg,279/c_16-1-1-1(42)1_26.jpg
28,28/a_16-1-1-1(14)_8.jpg,28/b_16-1-1-1(14)_8.jpg,28/c_16-1-1-1(14)_8.jpg
280,280/a_16-1-1-1(42)1_3.jpg,280/b_16-1-1-1(42)1_3.jpg,280/c_16-1-1-1(42)1_3.jpg
281,281/a_16-1-1-1(42)1_4.jpg,281/b_16-1-1-1(42)1_4.jpg,281/c_16-1-1-1(42)1_4.jpg
282,282/a_16-1-1-1(42)1_5.jpg,282/b_16-1-1-1(42)1_5.jpg,282/c_16-1-1-1(42)1_5.jpg
283,283/a_16-1-1-1(42)1_6.jpg,283/b_16-1-1-1(42)1_6.jpg,283/c_16-1-1-1(42)1_6.jpg
284,284/a_16-1-1-1(43)1_1.jpg,284/b_16-1-1-1(43)1_1.jpg,284/c_16-1-1-1(43)1_1.jpg
285,285/a_16-1-1-1(43)1_10.jpg,285/b_16-1-1-1(43)1_10.jpg,285/c_16-1-1-1(43)1_10.jpg
286,286/a_16-1-1-1(43)1_11.jpg,286/b_16-1-1-1(43)1_11.jpg,286/c_16-1-1-1(43)1_11.jpg
287,287/a_16-1-1-1(43)1_12.jpg,287/b_16-1-1-1(43)1_12.jpg,287/c_16-1-1-1(43)1_12.jpg
288,288/a_16-1-1-1(43)1_13.jpg,288/b_16-1-1-1(43)1_13.jpg,288/c_16-1-1-1(43)1_13.jpg
289,289/a_16-1-1-1(43)1_14.jpg,289/b_16-1-1-1(43)1_14.jpg,289/c_16-1-1-1(43)1_14.jpg
29,29/a_16-1-1-1(14)_9.jpg,29/b_16-1-1-1(14)_9.jpg,29/c_16-1-1-1(14)_9.jpg
358,358/a_IMG_0049_9.jpg,358/b_IMG_0049_9.jpg,358/c_IMG_0049_9.jpg
290,290/a_16-1-1-1(43)1_15.jpg,290/b_16-1-1-1(43)1_15.jpg,290/c_16-1-1-1(43)1_15.jpg
291,291/a_16-1-1-1(43)1_16.jpg,291/b_16-1-1-1(43)1_16.jpg,291/c_16-1-1-1(43)1_16.jpg
292,292/a_16-1-1-1(43)1_17.jpg,292/b_16-1-1-1(43)1_17.jpg,292/c_16-1-1-1(43)1_17.jpg
293,293/a_16-1-1-1(43)1_19.jpg,293/b_16-1-1-1(43)1_19.jpg,293/c_16-1-1-1(43)1_19.jpg
294,294/a_16-1-1-1(43)1_2.jpg,294/b_16-1-1-1(43)1_2.jpg,294/c_16-1-1-1(43)1_2.jpg
295,295/a_16-1-1-1(43)1_21.jpg,295/b_16-1-1-1(43)1_21.jpg,295/c_16-1-1-1(43)1_21.jpg
296,296/a_16-1-1-1(43)1_22.jpg,296/b_16-1-1-1(43)1_22.jpg,296/c_16-1-1-1(43)1_22.jpg
297,297/a_16-1-1-1(43)1_4.jpg,297/b_16-1-1-1(43)1_4.jpg,297/c_16-1-1-1(43)1_4.jpg
298,298/a_16-1-1-1(43)1_5.jpg,298/b_16-1-1-1(43)1_5.jpg,298/c_16-1-1-1(43)1_5.jpg
299,299/a_16-1-1-1(43)1_7.jpg,299/b_16-1-1-1(43)1_7.jpg,299/c_16-1-1-1(43)1_7.jpg
3,3/a_16-1-1-1(108)_17.jpg,3/b_16-1-1-1(108)_17.jpg,3/c_16-1-1-1(108)_17.jpg
30,30/a_16-1-1-1(15)_12.jpg,30/b_16-1-1-1(15)_12.jpg,30/c_16-1-1-1(15)_12.jpg
300,300/a_16-1-1-1(43)1_8.jpg,300/b_16-1-1-1(43)1_8.jpg,300/c_16-1-1-1(43)1_8.jpg
301,301/a_16-1-1-1(43)1_9.jpg,301/b_16-1-1-1(43)1_9.jpg,301/c_16-1-1-1(43)1_9.jpg
302,302/a_16-1-1-1(44)1_1.jpg,302/b_16-1-1-1(44)1_1.jpg,302/c_16-1-1-1(44)1_1.jpg
303,303/a_16-1-1-1(44)1_10.jpg,303/b_16-1-1-1(44)1_10.jpg,303/c_16-1-1-1(44)1_10.jpg
304,304/a_16-1-1-1(44)1_11.jpg,304/b_16-1-1-1(44)1_11.jpg,304/c_16-1-1-1(44)1_11.jpg
305,305/a_16-1-1-1(44)1_12.jpg,305/b_16-1-1-1(44)1_12.jpg,305/c_16-1-1-1(44)1_12.jpg
306,306/a_16-1-1-1(44)1_13.jpg,306/b_16-1-1-1(44)1_13.jpg,306/c_16-1-1-1(44)1_13.jpg
307,307/a_16-1-1-1(44)1_14.jpg,307/b_16-1-1-1(44)1_14.jpg,307/c_16-1-1-1(44)1_14.jpg
308,308/a_16-1-1-1(44)1_2.jpg,308/b_16-1-1-1(44)1_2.jpg,308/c_16-1-1-1(44)1_2.jpg
309,309/a_16-1-1-1(44)1_3.jpg,309/b_16-1-1-1(44)1_3.jpg,309/c_16-1-1-1(44)1_3.jpg
31,31/a_16-1-1-1(18)_24.jpg,31/b_16-1-1-1(18)_24.jpg,31/c_16-1-1-1(18)_24.jpg
310,310/a_16-1-1-1(44)1_4.jpg,310/b_16-1-1-1(44)1_4.jpg,310/c_16-1-1-1(44)1_4.jpg
311,311/a_16-1-1-1(44)1_9.jpg,311/b_16-1-1-1(44)1_9.jpg,311/c_16-1-1-1(44)1_9.jpg
312,312/a_16-1-1-1(45)1_1.jpg,312/b_16-1-1-1(45)1_1.jpg,312/c_16-1-1-1(45)1_1.jpg
313,313/a_16-1-1-1(45)1_10.jpg,313/b_16-1-1-1(45)1_10.jpg,313/c_16-1-1-1(45)1_10.jpg
314,314/a_16-1-1-1(45)1_11.jpg,314/b_16-1-1-1(45)1_11.jpg,314/c_16-1-1-1(45)1_11.jpg
315,315/a_16-1-1-1(45)1_12.jpg,315/b_16-1-1-1(45)1_12.jpg,315/c_16-1-1-1(45)1_12.jpg
316,316/a_16-1-1-1(45)1_14.jpg,316/b_16-1-1-1(45)1_14.jpg,316/c_16-1-1-1(45)1_14.jpg
317,317/a_16-1-1-1(45)1_15.jpg,317/b_16-1-1-1(45)1_15.jpg,317/c_16-1-1-1(45)1_15.jpg
318,318/a_16-1-1-1(45)1_2.jpg,318/b_16-1-1-1(45)1_2.jpg,318/c_16-1-1-1(45)1_2.jpg
319,319/a_16-1-1-1(45)1_3.jpg,319/b_16-1-1-1(45)1_3.jpg,319/c_16-1-1-1(45)1_3.jpg
32,32/a_16-1-1-1(20)_10.jpg,32/b_16-1-1-1(20)_10.jpg,32/c_16-1-1-1(20)_10.jpg
320,320/a_16-1-1-1(45)1_4.jpg,320/b_16-1-1-1(45)1_4.jpg,320/c_16-1-1-1(45)1_4.jpg
321,321/a_16-1-1-1(45)1_5.jpg,321/b_16-1-1-1(45)1_5.jpg,321/c_16-1-1-1(45)1_5.jpg
322,322/a_16-1-1-1(45)1_8.jpg,322/b_16-1-1-1(45)1_8.jpg,322/c_16-1-1-1(45)1_8.jpg
323,323/a_IMG_0007_10.jpg,323/b_IMG_0007_10.jpg,323/c_IMG_0007_10.jpg
324,324/a_IMG_0007_15.jpg,324/b_IMG_0007_15.jpg,324/c_IMG_0007_15.jpg
325,325/a_IMG_0007_9.jpg,325/b_IMG_0007_9.jpg,325/c_IMG_0007_9.jpg
326,326/a_IMG_0009_6.jpg,326/b_IMG_0009_6.jpg,326/c_IMG_0009_6.jpg
327,327/a_IMG_0009_7.jpg,327/b_IMG_0009_7.jpg,327/c_IMG_0009_7.jpg
328,328/a_IMG_0009_8.jpg,328/b_IMG_0009_8.jpg,328/c_IMG_0009_8.jpg
329,329/a_IMG_0011_1.jpg,329/b_IMG_0011_1.jpg,329/c_IMG_0011_1.jpg
33,33/a_16-1-1-1(20)_11.jpg,33/b_16-1-1-1(20)_11.jpg,33/c_16-1-1-1(20)_11.jpg
330,330/a_IMG_0011_11.jpg,330/b_IMG_0011_11.jpg,330/c_IMG_0011_11.jpg
331,331/a_IMG_0011_12.jpg,331/b_IMG_0011_12.jpg,331/c_IMG_0011_12.jpg
332,332/a_IMG_0011_6.jpg,332/b_IMG_0011_6.jpg,332/c_IMG_0011_6.jpg
333,333/a_IMG_0011_7.jpg,333/b_IMG_0011_7.jpg,333/c_IMG_0011_7.jpg
334,334/a_IMG_0011_8.jpg,334/b_IMG_0011_8.jpg,334/c_IMG_0011_8.jpg
335,335/a_IMG_0015_8.jpg,335/b_IMG_0015_8.jpg,335/c_IMG_0015_8.jpg
336,336/a_IMG_0015_9.jpg,336/b_IMG_0015_9.jpg,336/c_IMG_0015_9.jpg
337,337/a_IMG_0017_1.jpg,337/b_IMG_0017_1.jpg,337/c_IMG_0017_1.jpg
338,338/a_IMG_0017_11.jpg,338/b_IMG_0017_11.jpg,338/c_IMG_0017_11.jpg
339,339/a_IMG_0017_12.jpg,339/b_IMG_0017_12.jpg,339/c_IMG_0017_12.jpg
34,34/a_16-1-1-1(20)_12.jpg,34/b_16-1-1-1(20)_12.jpg,34/c_16-1-1-1(20)_12.jpg
340,340/a_IMG_0017_6.jpg,340/b_IMG_0017_6.jpg,340/c_IMG_0017_6.jpg
341,341/a_IMG_0017_7.jpg,341/b_IMG_0017_7.jpg,341/c_IMG_0017_7.jpg
342,342/a_IMG_0017_8.jpg,342/b_IMG_0017_8.jpg,342/c_IMG_0017_8.jpg
343,343/a_IMG_0019_10.jpg,343/b_IMG_0019_10.jpg,343/c_IMG_0019_10.jpg
344,344/a_IMG_0019_12.jpg,344/b_IMG_0019_12.jpg,344/c_IMG_0019_12.jpg
345,345/a_IMG_0029_3.jpg,345/b_IMG_0029_3.jpg,345/c_IMG_0029_3.jpg
346,346/a_IMG_0033_14.jpg,346/b_IMG_0033_14.jpg,346/c_IMG_0033_14.jpg
347,347/a_IMG_0033_6.jpg,347/b_IMG_0033_6.jpg,347/c_IMG_0033_6.jpg
348,348/a_IMG_0033_7.jpg,348/b_IMG_0033_7.jpg,348/c_IMG_0033_7.jpg
349,349/a_IMG_0039_7.jpg,349/b_IMG_0039_7.jpg,349/c_IMG_0039_7.jpg
35,35/a_16-1-1-1(20)_13.jpg,35/b_16-1-1-1(20)_13.jpg,35/c_16-1-1-1(20)_13.jpg
350,350/a_IMG_0039_8.jpg,350/b_IMG_0039_8.jpg,350/c_IMG_0039_8.jpg
351,351/a_IMG_0039_9.jpg,351/b_IMG_0039_9.jpg,351/c_IMG_0039_9.jpg
352,352/a_IMG_0043_13.jpg,352/b_IMG_0043_13.jpg,352/c_IMG_0043_13.jpg
353,353/a_IMG_0047_14.jpg,353/b_IMG_0047_14.jpg,353/c_IMG_0047_14.jpg
354,354/a_IMG_0049_10.jpg,354/b_IMG_0049_10.jpg,354/c_IMG_0049_10.jpg
355,355/a_IMG_0049_12.jpg,355/b_IMG_0049_12.jpg,355/c_IMG_0049_12.jpg
356,356/a_IMG_0049_3.jpg,356/b_IMG_0049_3.jpg,356/c_IMG_0049_3.jpg
357,357/a_IMG_0049_6.jpg,357/b_IMG_0049_6.jpg,357/c_IMG_0049_6.jpg
359,359/a_IMG_0055_10.jpg,359/b_IMG_0055_10.jpg,359/c_IMG_0055_10.jpg
36,36/a_16-1-1-1(20)_14.jpg,36/b_16-1-1-1(20)_14.jpg,36/c_16-1-1-1(20)_14.jpg
360,360/a_IMG_0055_14.jpg,360/b_IMG_0055_14.jpg,360/c_IMG_0055_14.jpg
361,361/a_IMG_0055_15.jpg,361/b_IMG_0055_15.jpg,361/c_IMG_0055_15.jpg
362,362/a_IMG_0055_6.jpg,362/b_IMG_0055_6.jpg,362/c_IMG_0055_6.jpg
363,363/a_IMG_0055_9.jpg,363/b_IMG_0055_9.jpg,363/c_IMG_0055_9.jpg
364,364/a_IMG_0059_3.jpg,364/b_IMG_0059_3.jpg,364/c_IMG_0059_3.jpg
365,365/a_IMG_0063_10.jpg,365/b_IMG_0063_10.jpg,365/c_IMG_0063_10.jpg
366,366/a_IMG_0063_11.jpg,366/b_IMG_0063_11.jpg,366/c_IMG_0063_11.jpg
367,367/a_IMG_0063_12.jpg,367/b_IMG_0063_12.jpg,367/c_IMG_0063_12.jpg
368,368/a_IMG_0063_13.jpg,368/b_IMG_0063_13.jpg,368/c_IMG_0063_13.jpg
369,369/a_IMG_0063_7.jpg,369/b_IMG_0063_7.jpg,369/c_IMG_0063_7.jpg
37,37/a_16-1-1-1(20)_15.jpg,37/b_16-1-1-1(20)_15.jpg,37/c_16-1-1-1(20)_15.jpg
370,370/a_IMG_0067_3.jpg,370/b_IMG_0067_3.jpg,370/c_IMG_0067_3.jpg
371,371/a_IMG_2073_1.jpg,371/b_IMG_2073_1.jpg,371/c_IMG_2073_1.jpg
372,372/a_IMG_2073_3.jpg,372/b_IMG_2073_3.jpg,372/c_IMG_2073_3.jpg
373,373/a_IMG_2073_4.jpg,373/b_IMG_2073_4.jpg,373/c_IMG_2073_4.jpg
374,374/a_IMG_2073_5.jpg,374/b_IMG_2073_5.jpg,374/c_IMG_2073_5.jpg
375,375/a_IMG_2073_6.jpg,375/b_IMG_2073_6.jpg,375/c_IMG_2073_6.jpg
376,376/a_IMG_2073_7.jpg,376/b_IMG_2073_7.jpg,376/c_IMG_2073_7.jpg
377,377/a_IMG_2073_8.jpg,377/b_IMG_2073_8.jpg,377/c_IMG_2073_8.jpg
378,378/a_IMG_2073_9.jpg,378/b_IMG_2073_9.jpg,378/c_IMG_2073_9.jpg
379,379/a_IMG_2074_1.jpg,379/b_IMG_2074_1.jpg,379/c_IMG_2074_1.jpg
38,38/a_16-1-1-1(20)_16.jpg,38/b_16-1-1-1(20)_16.jpg,38/c_16-1-1-1(20)_16.jpg
380,380/a_IMG_2074_4.jpg,380/b_IMG_2074_4.jpg,380/c_IMG_2074_4.jpg
381,381/a_IMG_2074_5.jpg,381/b_IMG_2074_5.jpg,381/c_IMG_2074_5.jpg
382,382/a_IMG_2074_6.jpg,382/b_IMG_2074_6.jpg,382/c_IMG_2074_6.jpg
383,383/a_IMG_2074_8.jpg,383/b_IMG_2074_8.jpg,383/c_IMG_2074_8.jpg
384,384/a_IMG_2074_9.jpg,384/b_IMG_2074_9.jpg,384/c_IMG_2074_9.jpg
385,385/a_IMG_2075_1.jpg,385/b_IMG_2075_1.jpg,385/c_IMG_2075_1.jpg
386,386/a_IMG_2075_4.jpg,386/b_IMG_2075_4.jpg,386/c_IMG_2075_4.jpg
387,387/a_IMG_2075_6.jpg,387/b_IMG_2075_6.jpg,387/c_IMG_2075_6.jpg
388,388/a_IMG_2076_2.jpg,388/b_IMG_2076_2.jpg,388/c_IMG_2076_2.jpg
389,389/a_IMG_2076_3.jpg,389/b_IMG_2076_3.jpg,389/c_IMG_2076_3.jpg
39,39/a_16-1-1-1(20)_17.jpg,39/b_16-1-1-1(20)_17.jpg,39/c_16-1-1-1(20)_17.jpg
390,390/a_IMG_2077_1.jpg,390/b_IMG_2077_1.jpg,390/c_IMG_2077_1.jpg
391,391/a_IMG_2077_10.jpg,391/b_IMG_2077_10.jpg,391/c_IMG_2077_10.jpg
392,392/a_IMG_2077_11.jpg,392/b_IMG_2077_11.jpg,392/c_IMG_2077_11.jpg
393,393/a_IMG_2077_12.jpg,393/b_IMG_2077_12.jpg,393/c_IMG_2077_12.jpg
394,394/a_IMG_2077_2.jpg,394/b_IMG_2077_2.jpg,394/c_IMG_2077_2.jpg
395,395/a_IMG_2077_3.jpg,395/b_IMG_2077_3.jpg,395/c_IMG_2077_3.jpg
396,396/a_IMG_2077_4.jpg,396/b_IMG_2077_4.jpg,396/c_IMG_2077_4.jpg
397,397/a_IMG_2077_5.jpg,397/b_IMG_2077_5.jpg,397/c_IMG_2077_5.jpg
398,398/a_IMG_2077_6.jpg,398/b_IMG_2077_6.jpg,398/c_IMG_2077_6.jpg
399,399/a_IMG_2077_7.jpg,399/b_IMG_2077_7.jpg,399/c_IMG_2077_7.jpg
4,4/a_16-1-1-1(108)_18.jpg,4/b_16-1-1-1(108)_18.jpg,4/c_16-1-1-1(108)_18.jpg
40,40/a_16-1-1-1(20)_18.jpg,40/b_16-1-1-1(20)_18.jpg,40/c_16-1-1-1(20)_18.jpg
400,400/a_IMG_2077_8.jpg,400/b_IMG_2077_8.jpg,400/c_IMG_2077_8.jpg
401,401/a_IMG_2077_9.jpg,401/b_IMG_2077_9.jpg,401/c_IMG_2077_9.jpg
402,402/a_IMG_2078_2.jpg,402/b_IMG_2078_2.jpg,402/c_IMG_2078_2.jpg
403,403/a_IMG_2078_3.jpg,403/b_IMG_2078_3.jpg,403/c_IMG_2078_3.jpg
404,404/a_IMG_2078_4.jpg,404/b_IMG_2078_4.jpg,404/c_IMG_2078_4.jpg
405,405/a_IMG_2078_5.jpg,405/b_IMG_2078_5.jpg,405/c_IMG_2078_5.jpg
406,406/a_IMG_2078_6.jpg,406/b_IMG_2078_6.jpg,406/c_IMG_2078_6.jpg
407,407/a_IMG_2078_7.jpg,407/b_IMG_2078_7.jpg,407/c_IMG_2078_7.jpg
408,408/a_IMG_2078_9.jpg,408/b_IMG_2078_9.jpg,408/c_IMG_2078_9.jpg
409,409/a_IMG_2079_1.jpg,409/b_IMG_2079_1.jpg,409/c_IMG_2079_1.jpg
41,41/a_16-1-1-1(20)_3.jpg,41/b_16-1-1-1(20)_3.jpg,41/c_16-1-1-1(20)_3.jpg
410,410/a_IMG_2079_3.jpg,410/b_IMG_2079_3.jpg,410/c_IMG_2079_3.jpg
411,411/a_IMG_2079_4.jpg,411/b_IMG_2079_4.jpg,411/c_IMG_2079_4.jpg
412,412/a_IMG_2079_5.jpg,412/b_IMG_2079_5.jpg,412/c_IMG_2079_5.jpg
413,413/a_IMG_2079_6.jpg,413/b_IMG_2079_6.jpg,413/c_IMG_2079_6.jpg
414,414/a_IMG_2079_7.jpg,414/b_IMG_2079_7.jpg,414/c_IMG_2079_7.jpg
415,415/a_IMG_2079_8.jpg,415/b_IMG_2079_8.jpg,415/c_IMG_2079_8.jpg
416,416/a_IMG_2082_3.jpg,416/b_IMG_2082_3.jpg,416/c_IMG_2082_3.jpg
417,417/a_IMG_2082_5.jpg,417/b_IMG_2082_5.jpg,417/c_IMG_2082_5.jpg
418,418/a_IMG_2084_3.jpg,418/b_IMG_2084_3.jpg,418/c_IMG_2084_3.jpg
419,419/a_IMG_2084_4.jpg,419/b_IMG_2084_4.jpg,419/c_IMG_2084_4.jpg
42,42/a_16-1-1-1(20)_4.jpg,42/b_16-1-1-1(20)_4.jpg,42/c_16-1-1-1(20)_4.jpg
420,420/a_IMG_2084_5.jpg,420/b_IMG_2084_5.jpg,420/c_IMG_2084_5.jpg
421,421/a_IMG_2093_1.jpg,421/b_IMG_2093_1.jpg,421/c_IMG_2093_1.jpg
422,422/a_IMG_2093_10.jpg,422/b_IMG_2093_10.jpg,422/c_IMG_2093_10.jpg
423,423/a_IMG_2093_11.jpg,423/b_IMG_2093_11.jpg,423/c_IMG_2093_11.jpg
424,424/a_IMG_2093_12.jpg,424/b_IMG_2093_12.jpg,424/c_IMG_2093_12.jpg
425,425/a_IMG_2093_2.jpg,425/b_IMG_2093_2.jpg,425/c_IMG_2093_2.jpg
426,426/a_IMG_2093_3.jpg,426/b_IMG_2093_3.jpg,426/c_IMG_2093_3.jpg
427,427/a_IMG_2093_4.jpg,427/b_IMG_2093_4.jpg,427/c_IMG_2093_4.jpg
428,428/a_IMG_2093_5.jpg,428/b_IMG_2093_5.jpg,428/c_IMG_2093_5.jpg
429,429/a_IMG_2093_6.jpg,429/b_IMG_2093_6.jpg,429/c_IMG_2093_6.jpg
43,43/a_16-1-1-1(20)_7.jpg,43/b_16-1-1-1(20)_7.jpg,43/c_16-1-1-1(20)_7.jpg
430,430/a_IMG_2093_7.jpg,430/b_IMG_2093_7.jpg,430/c_IMG_2093_7.jpg
431,431/a_IMG_2093_8.jpg,431/b_IMG_2093_8.jpg,431/c_IMG_2093_8.jpg
432,432/a_IMG_2093_9.jpg,432/b_IMG_2093_9.jpg,432/c_IMG_2093_9.jpg
433,433/a_IMG_2095_1.jpg,433/b_IMG_2095_1.jpg,433/c_IMG_2095_1.jpg
434,434/a_IMG_2095_2.jpg,434/b_IMG_2095_2.jpg,434/c_IMG_2095_2.jpg
435,435/a_IMG_2095_3.jpg,435/b_IMG_2095_3.jpg,435/c_IMG_2095_3.jpg
436,436/a_IMG_2095_5.jpg,436/b_IMG_2095_5.jpg,436/c_IMG_2095_5.jpg
437,437/a_IMG_2095_8.jpg,437/b_IMG_2095_8.jpg,437/c_IMG_2095_8.jpg
438,438/a_IMG_2095_9.jpg,438/b_IMG_2095_9.jpg,438/c_IMG_2095_9.jpg
439,439/a_IMG_2096_1.jpg,439/b_IMG_2096_1.jpg,439/c_IMG_2096_1.jpg
44,44/a_16-1-1-1(20)_9.jpg,44/b_16-1-1-1(20)_9.jpg,44/c_16-1-1-1(20)_9.jpg
440,440/a_IMG_2096_10.jpg,440/b_IMG_2096_10.jpg,440/c_IMG_2096_10.jpg
441,441/a_IMG_2096_11.jpg,441/b_IMG_2096_11.jpg,441/c_IMG_2096_11.jpg
442,442/a_IMG_2096_2.jpg,442/b_IMG_2096_2.jpg,442/c_IMG_2096_2.jpg
443,443/a_IMG_2096_3.jpg,443/b_IMG_2096_3.jpg,443/c_IMG_2096_3.jpg
444,444/a_IMG_2096_4.jpg,444/b_IMG_2096_4.jpg,444/c_IMG_2096_4.jpg
445,445/a_IMG_2096_7.jpg,445/b_IMG_2096_7.jpg,445/c_IMG_2096_7.jpg
446,446/a_IMG_2096_8.jpg,446/b_IMG_2096_8.jpg,446/c_IMG_2096_8.jpg
447,447/a_IMG_2096_9.jpg,447/b_IMG_2096_9.jpg,447/c_IMG_2096_9.jpg
448,448/a_IMG_2100_1.jpg,448/b_IMG_2100_1.jpg,448/c_IMG_2100_1.jpg
449,449/a_IMG_2102_1.jpg,449/b_IMG_2102_1.jpg,449/c_IMG_2102_1.jpg
45,45/a_16-1-1-1(200)_1.jpg,45/b_16-1-1-1(200)_1.jpg,45/c_16-1-1-1(200)_1.jpg
450,450/a_IMG_2102_10.jpg,450/b_IMG_2102_10.jpg,450/c_IMG_2102_10.jpg
451,451/a_IMG_2102_11.jpg,451/b_IMG_2102_11.jpg,451/c_IMG_2102_11.jpg
452,452/a_IMG_2102_12.jpg,452/b_IMG_2102_12.jpg,452/c_IMG_2102_12.jpg
453,453/a_IMG_2102_13.jpg,453/b_IMG_2102_13.jpg,453/c_IMG_2102_13.jpg
454,454/a_IMG_2102_14.jpg,454/b_IMG_2102_14.jpg,454/c_IMG_2102_14.jpg
455,455/a_IMG_2102_15.jpg,455/b_IMG_2102_15.jpg,455/c_IMG_2102_15.jpg
456,456/a_IMG_2102_16.jpg,456/b_IMG_2102_16.jpg,456/c_IMG_2102_16.jpg
457,457/a_IMG_2102_17.jpg,457/b_IMG_2102_17.jpg,457/c_IMG_2102_17.jpg
458,458/a_IMG_2102_18.jpg,458/b_IMG_2102_18.jpg,458/c_IMG_2102_18.jpg
459,459/a_IMG_2102_2.jpg,459/b_IMG_2102_2.jpg,459/c_IMG_2102_2.jpg
46,46/a_16-1-1-1(200)_12.jpg,46/b_16-1-1-1(200)_12.jpg,46/c_16-1-1-1(200)_12.jpg
460,460/a_IMG_2102_3.jpg,460/b_IMG_2102_3.jpg,460/c_IMG_2102_3.jpg
461,461/a_IMG_2102_4.jpg,461/b_IMG_2102_4.jpg,461/c_IMG_2102_4.jpg
462,462/a_IMG_2102_5.jpg,462/b_IMG_2102_5.jpg,462/c_IMG_2102_5.jpg
463,463/a_IMG_2102_6.jpg,463/b_IMG_2102_6.jpg,463/c_IMG_2102_6.jpg
464,464/a_IMG_2102_7.jpg,464/b_IMG_2102_7.jpg,464/c_IMG_2102_7.jpg
465,465/a_IMG_2102_8.jpg,465/b_IMG_2102_8.jpg,465/c_IMG_2102_8.jpg
466,466/a_IMG_2102_9.jpg,466/b_IMG_2102_9.jpg,466/c_IMG_2102_9.jpg
467,467/a_IMG_2105_1.jpg,467/b_IMG_2105_1.jpg,467/c_IMG_2105_1.jpg
468,468/a_IMG_2105_10.jpg,468/b_IMG_2105_10.jpg,468/c_IMG_2105_10.jpg
469,469/a_IMG_2105_11.jpg,469/b_IMG_2105_11.jpg,469/c_IMG_2105_11.jpg
47,47/a_16-1-1-1(202)_2.jpg,47/b_16-1-1-1(202)_2.jpg,47/c_16-1-1-1(202)_2.jpg
470,470/a_IMG_2105_12.jpg,470/b_IMG_2105_12.jpg,470/c_IMG_2105_12.jpg
471,471/a_IMG_2105_13.jpg,471/b_IMG_2105_13.jpg,471/c_IMG_2105_13.jpg
472,472/a_IMG_2105_14.jpg,472/b_IMG_2105_14.jpg,472/c_IMG_2105_14.jpg
473,473/a_IMG_2105_15.jpg,473/b_IMG_2105_15.jpg,473/c_IMG_2105_15.jpg
474,474/a_IMG_2105_2.jpg,474/b_IMG_2105_2.jpg,474/c_IMG_2105_2.jpg
475,475/a_IMG_2105_4.jpg,475/b_IMG_2105_4.jpg,475/c_IMG_2105_4.jpg
476,476/a_IMG_2105_5.jpg,476/b_IMG_2105_5.jpg,476/c_IMG_2105_5.jpg
477,477/a_IMG_2105_6.jpg,477/b_IMG_2105_6.jpg,477/c_IMG_2105_6.jpg
478,478/a_IMG_2105_7.jpg,478/b_IMG_2105_7.jpg,478/c_IMG_2105_7.jpg
479,479/a_IMG_2105_8.jpg,479/b_IMG_2105_8.jpg,479/c_IMG_2105_8.jpg
48,48/a_16-1-1-1(208)_1.jpg,48/b_16-1-1-1(208)_1.jpg,48/c_16-1-1-1(208)_1.jpg
480,480/a_IMG_2105_9.jpg,480/b_IMG_2105_9.jpg,480/c_IMG_2105_9.jpg
481,481/a_IMG_2107_1.jpg,481/b_IMG_2107_1.jpg,481/c_IMG_2107_1.jpg
482,482/a_IMG_2107_10.jpg,482/b_IMG_2107_10.jpg,482/c_IMG_2107_10.jpg
483,483/a_IMG_2107_11.jpg,483/b_IMG_2107_11.jpg,483/c_IMG_2107_11.jpg
484,484/a_IMG_2107_12.jpg,484/b_IMG_2107_12.jpg,484/c_IMG_2107_12.jpg
485,485/a_IMG_2107_2.jpg,485/b_IMG_2107_2.jpg,485/c_IMG_2107_2.jpg
486,486/a_IMG_2107_3.jpg,486/b_IMG_2107_3.jpg,486/c_IMG_2107_3.jpg
487,487/a_IMG_2107_4.jpg,487/b_IMG_2107_4.jpg,487/c_IMG_2107_4.jpg
488,488/a_IMG_2107_5.jpg,488/b_IMG_2107_5.jpg,488/c_IMG_2107_5.jpg
489,489/a_IMG_2107_6.jpg,489/b_IMG_2107_6.jpg,489/c_IMG_2107_6.jpg
49,49/a_16-1-1-1(208)_11.jpg,49/b_16-1-1-1(208)_11.jpg,49/c_16-1-1-1(208)_11.jpg
490,490/a_IMG_2107_7.jpg,490/b_IMG_2107_7.jpg,490/c_IMG_2107_7.jpg
491,491/a_IMG_2107_8.jpg,491/b_IMG_2107_8.jpg,491/c_IMG_2107_8.jpg
492,492/a_IMG_2107_9.jpg,492/b_IMG_2107_9.jpg,492/c_IMG_2107_9.jpg
493,493/a_IMG_2108_1.jpg,493/b_IMG_2108_1.jpg,493/c_IMG_2108_1.jpg
494,494/a_IMG_2108_2.jpg,494/b_IMG_2108_2.jpg,494/c_IMG_2108_2.jpg
495,495/a_IMG_2108_3.jpg,495/b_IMG_2108_3.jpg,495/c_IMG_2108_3.jpg
496,496/a_IMG_2108_4.jpg,496/b_IMG_2108_4.jpg,496/c_IMG_2108_4.jpg
497,497/a_IMG_2108_5.jpg,497/b_IMG_2108_5.jpg,497/c_IMG_2108_5.jpg
498,498/a_IMG_2108_6.jpg,498/b_IMG_2108_6.jpg,498/c_IMG_2108_6.jpg
499,499/a_IMG_2108_8.jpg,499/b_IMG_2108_8.jpg,499/c_IMG_2108_8.jpg
5,5/a_16-1-1-1(108)_19.jpg,5/b_16-1-1-1(108)_19.jpg,5/c_16-1-1-1(108)_19.jpg
50,50/a_16-1-1-1(208)_12.jpg,50/b_16-1-1-1(208)_12.jpg,50/c_16-1-1-1(208)_12.jpg
500,500/a_IMG_2108_9.jpg,500/b_IMG_2108_9.jpg,500/c_IMG_2108_9.jpg
501,501/a_IMG_2109_1.jpg,501/b_IMG_2109_1.jpg,501/c_IMG_2109_1.jpg
502,502/a_IMG_2109_10.jpg,502/b_IMG_2109_10.jpg,502/c_IMG_2109_10.jpg
503,503/a_IMG_2109_11.jpg,503/b_IMG_2109_11.jpg,503/c_IMG_2109_11.jpg
504,504/a_IMG_2109_12.jpg,504/b_IMG_2109_12.jpg,504/c_IMG_2109_12.jpg
505,505/a_IMG_2109_2.jpg,505/b_IMG_2109_2.jpg,505/c_IMG_2109_2.jpg
506,506/a_IMG_2109_3.jpg,506/b_IMG_2109_3.jpg,506/c_IMG_2109_3.jpg
507,507/a_IMG_2109_4.jpg,507/b_IMG_2109_4.jpg,507/c_IMG_2109_4.jpg
508,508/a_IMG_2109_5.jpg,508/b_IMG_2109_5.jpg,508/c_IMG_2109_5.jpg
509,509/a_IMG_2109_8.jpg,509/b_IMG_2109_8.jpg,509/c_IMG_2109_8.jpg
51,51/a_16-1-1-1(208)_13.jpg,51/b_16-1-1-1(208)_13.jpg,51/c_16-1-1-1(208)_13.jpg
510,510/a_IMG_2109_9.jpg,510/b_IMG_2109_9.jpg,510/c_IMG_2109_9.jpg
511,511/a_IMG_2112_1.jpg,511/b_IMG_2112_1.jpg,511/c_IMG_2112_1.jpg
512,512/a_IMG_2113_1.jpg,512/b_IMG_2113_1.jpg,512/c_IMG_2113_1.jpg
513,513/a_IMG_2113_12.jpg,513/b_IMG_2113_12.jpg,513/c_IMG_2113_12.jpg
514,514/a_IMG_2113_13.jpg,514/b_IMG_2113_13.jpg,514/c_IMG_2113_13.jpg
515,515/a_IMG_2113_14.jpg,515/b_IMG_2113_14.jpg,515/c_IMG_2113_14.jpg
516,516/a_IMG_2113_15.jpg,516/b_IMG_2113_15.jpg,516/c_IMG_2113_15.jpg
517,517/a_IMG_2113_16.jpg,517/b_IMG_2113_16.jpg,517/c_IMG_2113_16.jpg
518,518/a_IMG_2113_17.jpg,518/b_IMG_2113_17.jpg,518/c_IMG_2113_17.jpg
519,519/a_IMG_2113_2.jpg,519/b_IMG_2113_2.jpg,519/c_IMG_2113_2.jpg
52,52/a_16-1-1-1(208)_14.jpg,52/b_16-1-1-1(208)_14.jpg,52/c_16-1-1-1(208)_14.jpg
520,520/a_IMG_2113_3.jpg,520/b_IMG_2113_3.jpg,520/c_IMG_2113_3.jpg
521,521/a_IMG_2113_4.jpg,521/b_IMG_2113_4.jpg,521/c_IMG_2113_4.jpg
522,522/a_IMG_2113_5.jpg,522/b_IMG_2113_5.jpg,522/c_IMG_2113_5.jpg
523,523/a_IMG_2113_6.jpg,523/b_IMG_2113_6.jpg,523/c_IMG_2113_6.jpg
524,524/a_IMG_2113_8.jpg,524/b_IMG_2113_8.jpg,524/c_IMG_2113_8.jpg
525,525/a_IMG_2114_1.jpg,525/b_IMG_2114_1.jpg,525/c_IMG_2114_1.jpg
526,526/a_IMG_2114_10.jpg,526/b_IMG_2114_10.jpg,526/c_IMG_2114_10.jpg
527,527/a_IMG_2114_2.jpg,527/b_IMG_2114_2.jpg,527/c_IMG_2114_2.jpg
528,528/a_IMG_2114_3.jpg,528/b_IMG_2114_3.jpg,528/c_IMG_2114_3.jpg
529,529/a_IMG_2114_6.jpg,529/b_IMG_2114_6.jpg,529/c_IMG_2114_6.jpg
53,53/a_16-1-1-1(208)_15.jpg,53/b_16-1-1-1(208)_15.jpg,53/c_16-1-1-1(208)_15.jpg
530,530/a_IMG_2114_8.jpg,530/b_IMG_2114_8.jpg,530/c_IMG_2114_8.jpg
531,531/a_IMG_2114_9.jpg,531/b_IMG_2114_9.jpg,531/c_IMG_2114_9.jpg
532,532/a_IMG_2115_2.jpg,532/b_IMG_2115_2.jpg,532/c_IMG_2115_2.jpg
533,533/a_IMG_2117_11.jpg,533/b_IMG_2117_11.jpg,533/c_IMG_2117_11.jpg
534,534/a_IMG_2117_12.jpg,534/b_IMG_2117_12.jpg,534/c_IMG_2117_12.jpg
535,535/a_IMG_2117_14.jpg,535/b_IMG_2117_14.jpg,535/c_IMG_2117_14.jpg
536,536/a_IMG_2118_10.jpg,536/b_IMG_2118_10.jpg,536/c_IMG_2118_10.jpg
537,537/a_IMG_2118_11.jpg,537/b_IMG_2118_11.jpg,537/c_IMG_2118_11.jpg
538,538/a_IMG_2118_3.jpg,538/b_IMG_2118_3.jpg,538/c_IMG_2118_3.jpg
539,539/a_IMG_2118_8.jpg,539/b_IMG_2118_8.jpg,539/c_IMG_2118_8.jpg
54,54/a_16-1-1-1(208)_16.jpg,54/b_16-1-1-1(208)_16.jpg,54/c_16-1-1-1(208)_16.jpg
540,540/a_IMG_2120_14.jpg,540/b_IMG_2120_14.jpg,540/c_IMG_2120_14.jpg
541,541/a_IMG_2120_17.jpg,541/b_IMG_2120_17.jpg,541/c_IMG_2120_17.jpg
542,542/a_IMG_2120_20.jpg,542/b_IMG_2120_20.jpg,542/c_IMG_2120_20.jpg
543,543/a_IMG_2120_3.jpg,543/b_IMG_2120_3.jpg,543/c_IMG_2120_3.jpg
544,544/a_IMG_2120_5.jpg,544/b_IMG_2120_5.jpg,544/c_IMG_2120_5.jpg
545,545/a_IMG_2122_7.jpg,545/b_IMG_2122_7.jpg,545/c_IMG_2122_7.jpg
546,546/a_IMG_2123_14.jpg,546/b_IMG_2123_14.jpg,546/c_IMG_2123_14.jpg
547,547/a_IMG_2123_5.jpg,547/b_IMG_2123_5.jpg,547/c_IMG_2123_5.jpg
548,548/a_IMG_2124_13.jpg,548/b_IMG_2124_13.jpg,548/c_IMG_2124_13.jpg
549,549/a_IMG_2124_5.jpg,549/b_IMG_2124_5.jpg,549/c_IMG_2124_5.jpg
55,55/a_16-1-1-1(208)_17.jpg,55/b_16-1-1-1(208)_17.jpg,55/c_16-1-1-1(208)_17.jpg
550,550/a_IMG_2124_9.jpg,550/b_IMG_2124_9.jpg,550/c_IMG_2124_9.jpg
551,551/a_IMG_2125_1.jpg,551/b_IMG_2125_1.jpg,551/c_IMG_2125_1.jpg
552,552/a_IMG_2125_10.jpg,552/b_IMG_2125_10.jpg,552/c_IMG_2125_10.jpg
553,553/a_IMG_2125_14.jpg,553/b_IMG_2125_14.jpg,553/c_IMG_2125_14.jpg
554,554/a_IMG_2125_6.jpg,554/b_IMG_2125_6.jpg,554/c_IMG_2125_6.jpg
555,555/a_IMG_2125_7.jpg,555/b_IMG_2125_7.jpg,555/c_IMG_2125_7.jpg
556,556/a_IMG_2126_11.jpg,556/b_IMG_2126_11.jpg,556/c_IMG_2126_11.jpg
557,557/a_IMG_2126_3.jpg,557/b_IMG_2126_3.jpg,557/c_IMG_2126_3.jpg
558,558/a_IMG_2126_8.jpg,558/b_IMG_2126_8.jpg,558/c_IMG_2126_8.jpg
559,559/a_IMG_2126_9.jpg,559/b_IMG_2126_9.jpg,559/c_IMG_2126_9.jpg
56,56/a_16-1-1-1(208)_18.jpg,56/b_16-1-1-1(208)_18.jpg,56/c_16-1-1-1(208)_18.jpg
560,560/a_IMG_2127_1.jpg,560/b_IMG_2127_1.jpg,560/c_IMG_2127_1.jpg
561,561/a_IMG_2127_5.jpg,561/b_IMG_2127_5.jpg,561/c_IMG_2127_5.jpg
562,562/a_IMG_2128_4.jpg,562/b_IMG_2128_4.jpg,562/c_IMG_2128_4.jpg
563,563/a_IMG_2128_5.jpg,563/b_IMG_2128_5.jpg,563/c_IMG_2128_5.jpg
564,564/a_IMG_2198_1.jpg,564/b_IMG_2198_1.jpg,564/c_IMG_2198_1.jpg
565,565/a_IMG_2198_10.jpg,565/b_IMG_2198_10.jpg,565/c_IMG_2198_10.jpg
566,566/a_IMG_2198_15.jpg,566/b_IMG_2198_15.jpg,566/c_IMG_2198_15.jpg
567,567/a_IMG_2198_3.jpg,567/b_IMG_2198_3.jpg,567/c_IMG_2198_3.jpg
568,568/a_IMG_2198_4.jpg,568/b_IMG_2198_4.jpg,568/c_IMG_2198_4.jpg
569,569/a_IMG_2198_6.jpg,569/b_IMG_2198_6.jpg,569/c_IMG_2198_6.jpg
57,57/a_16-1-1-1(208)_19.jpg,57/b_16-1-1-1(208)_19.jpg,57/c_16-1-1-1(208)_19.jpg
570,570/a_IMG_2198_7.jpg,570/b_IMG_2198_7.jpg,570/c_IMG_2198_7.jpg
571,571/a_IMG_2198_9.jpg,571/b_IMG_2198_9.jpg,571/c_IMG_2198_9.jpg
572,572/a_IMG_2199_7.jpg,572/b_IMG_2199_7.jpg,572/c_IMG_2199_7.jpg
573,573/a_IMG_2199_8.jpg,573/b_IMG_2199_8.jpg,573/c_IMG_2199_8.jpg
574,574/a_IMG_2199_9.jpg,574/b_IMG_2199_9.jpg,574/c_IMG_2199_9.jpg
575,575/a_IMG_2200_9.jpg,575/b_IMG_2200_9.jpg,575/c_IMG_2200_9.jpg
576,576/a_IMG_2201_11.jpg,576/b_IMG_2201_11.jpg,576/c_IMG_2201_11.jpg
577,577/a_IMG_2201_12.jpg,577/b_IMG_2201_12.jpg,577/c_IMG_2201_12.jpg
578,578/a_IMG_2201_13.jpg,578/b_IMG_2201_13.jpg,578/c_IMG_2201_13.jpg
579,579/a_IMG_2201_14.jpg,579/b_IMG_2201_14.jpg,579/c_IMG_2201_14.jpg
58,58/a_16-1-1-1(208)_2.jpg,58/b_16-1-1-1(208)_2.jpg,58/c_16-1-1-1(208)_2.jpg
580,580/a_IMG_2202_10.jpg,580/b_IMG_2202_10.jpg,580/c_IMG_2202_10.jpg
581,581/a_IMG_2202_9.jpg,581/b_IMG_2202_9.jpg,581/c_IMG_2202_9.jpg
582,582/a_IMG_2203_13.jpg,582/b_IMG_2203_13.jpg,582/c_IMG_2203_13.jpg
583,583/a_IMG_2203_14.jpg,583/b_IMG_2203_14.jpg,583/c_IMG_2203_14.jpg
584,584/a_IMG_2203_15.jpg,584/b_IMG_2203_15.jpg,584/c_IMG_2203_15.jpg
585,585/a_IMG_2203_17.jpg,585/b_IMG_2203_17.jpg,585/c_IMG_2203_17.jpg
586,586/a_IMG_2206_12.jpg,586/b_IMG_2206_12.jpg,586/c_IMG_2206_12.jpg
587,587/a_IMG_2206_13.jpg,587/b_IMG_2206_13.jpg,587/c_IMG_2206_13.jpg
588,588/a_IMG_2206_14.jpg,588/b_IMG_2206_14.jpg,588/c_IMG_2206_14.jpg
589,589/a_IMG_2206_15.jpg,589/b_IMG_2206_15.jpg,589/c_IMG_2206_15.jpg
59,59/a_16-1-1-1(208)_3.jpg,59/b_16-1-1-1(208)_3.jpg,59/c_16-1-1-1(208)_3.jpg
590,590/a_IMG_2206_9.jpg,590/b_IMG_2206_9.jpg,590/c_IMG_2206_9.jpg
591,591/a_IMG_2207_10.jpg,591/b_IMG_2207_10.jpg,591/c_IMG_2207_10.jpg
592,592/a_IMG_2207_11.jpg,592/b_IMG_2207_11.jpg,592/c_IMG_2207_11.jpg
593,593/a_IMG_2207_9.jpg,593/b_IMG_2207_9.jpg,593/c_IMG_2207_9.jpg
594,594/a_IMG_2208_13.jpg,594/b_IMG_2208_13.jpg,594/c_IMG_2208_13.jpg
595,595/a_IMG_2208_14.jpg,595/b_IMG_2208_14.jpg,595/c_IMG_2208_14.jpg
596,596/a_IMG_2208_15.jpg,596/b_IMG_2208_15.jpg,596/c_IMG_2208_15.jpg
597,597/a_IMG_2208_7.jpg,597/b_IMG_2208_7.jpg,597/c_IMG_2208_7.jpg
598,598/a_IMG_2209_8.jpg,598/b_IMG_2209_8.jpg,598/c_IMG_2209_8.jpg
599,599/a_IMG_2210_7.jpg,599/b_IMG_2210_7.jpg,599/c_IMG_2210_7.jpg
6,6/a_16-1-1-1(108)_2.jpg,6/b_16-1-1-1(108)_2.jpg,6/c_16-1-1-1(108)_2.jpg
60,60/a_16-1-1-1(208)_4.jpg,60/b_16-1-1-1(208)_4.jpg,60/c_16-1-1-1(208)_4.jpg
600,600/a_IMG_2214_1.jpg,600/b_IMG_2214_1.jpg,600/c_IMG_2214_1.jpg
601,601/a_IMG_2214_11.jpg,601/b_IMG_2214_11.jpg,601/c_IMG_2214_11.jpg
602,602/a_IMG_2214_12.jpg,602/b_IMG_2214_12.jpg,602/c_IMG_2214_12.jpg
603,603/a_IMG_2214_13.jpg,603/b_IMG_2214_13.jpg,603/c_IMG_2214_13.jpg
604,604/a_IMG_2214_14.jpg,604/b_IMG_2214_14.jpg,604/c_IMG_2214_14.jpg
605,605/a_IMG_2214_15.jpg,605/b_IMG_2214_15.jpg,605/c_IMG_2214_15.jpg
606,606/a_IMG_2214_2.jpg,606/b_IMG_2214_2.jpg,606/c_IMG_2214_2.jpg
607,607/a_IMG_2214_3.jpg,607/b_IMG_2214_3.jpg,607/c_IMG_2214_3.jpg
608,608/a_IMG_2214_4.jpg,608/b_IMG_2214_4.jpg,608/c_IMG_2214_4.jpg
609,609/a_IMG_2214_5.jpg,609/b_IMG_2214_5.jpg,609/c_IMG_2214_5.jpg
61,61/a_16-1-1-1(208)_5.jpg,61/b_16-1-1-1(208)_5.jpg,61/c_16-1-1-1(208)_5.jpg
610,610/a_IMG_2214_6.jpg,610/b_IMG_2214_6.jpg,610/c_IMG_2214_6.jpg
611,611/a_IMG_2214_9.jpg,611/b_IMG_2214_9.jpg,611/c_IMG_2214_9.jpg
612,612/a_IMG_2215_4.jpg,612/b_IMG_2215_4.jpg,612/c_IMG_2215_4.jpg
613,613/a_IMG_2215_6.jpg,613/b_IMG_2215_6.jpg,613/c_IMG_2215_6.jpg
614,614/a_IMG_2215_7.jpg,614/b_IMG_2215_7.jpg,614/c_IMG_2215_7.jpg
615,615/a_IMG_2215_8.jpg,615/b_IMG_2215_8.jpg,615/c_IMG_2215_8.jpg
616,616/a_IMG_2215_9.jpg,616/b_IMG_2215_9.jpg,616/c_IMG_2215_9.jpg
617,617/a_IMG_2216_8.jpg,617/b_IMG_2216_8.jpg,617/c_IMG_2216_8.jpg
618,618/a_IMG_2216_9.jpg,618/b_IMG_2216_9.jpg,618/c_IMG_2216_9.jpg
619,619/a_IMG_2217_11.jpg,619/b_IMG_2217_11.jpg,619/c_IMG_2217_11.jpg
62,62/a_16-1-1-1(208)_6.jpg,62/b_16-1-1-1(208)_6.jpg,62/c_16-1-1-1(208)_6.jpg
620,620/a_IMG_2217_12.jpg,620/b_IMG_2217_12.jpg,620/c_IMG_2217_12.jpg
621,621/a_IMG_2217_14.jpg,621/b_IMG_2217_14.jpg,621/c_IMG_2217_14.jpg
622,622/a_IMG_2217_7.jpg,622/b_IMG_2217_7.jpg,622/c_IMG_2217_7.jpg
623,623/a_IMG_2218_1.jpg,623/b_IMG_2218_1.jpg,623/c_IMG_2218_1.jpg
624,624/a_IMG_2218_10.jpg,624/b_IMG_2218_10.jpg,624/c_IMG_2218_10.jpg
625,625/a_IMG_2218_11.jpg,625/b_IMG_2218_11.jpg,625/c_IMG_2218_11.jpg
626,626/a_IMG_2218_12.jpg,626/b_IMG_2218_12.jpg,626/c_IMG_2218_12.jpg
627,627/a_IMG_2218_9.jpg,627/b_IMG_2218_9.jpg,627/c_IMG_2218_9.jpg
628,628/a_IMG_2219_10.jpg,628/b_IMG_2219_10.jpg,628/c_IMG_2219_10.jpg
629,629/a_IMG_2219_12.jpg,629/b_IMG_2219_12.jpg,629/c_IMG_2219_12.jpg
63,63/a_16-1-1-1(21)_11.jpg,63/b_16-1-1-1(21)_11.jpg,63/c_16-1-1-1(21)_11.jpg
630,630/a_IMG_2219_13.jpg,630/b_IMG_2219_13.jpg,630/c_IMG_2219_13.jpg
631,631/a_IMG_2219_14.jpg,631/b_IMG_2219_14.jpg,631/c_IMG_2219_14.jpg
632,632/a_IMG_2219_15.jpg,632/b_IMG_2219_15.jpg,632/c_IMG_2219_15.jpg
633,633/a_IMG_2301_3.jpg,633/b_IMG_2301_3.jpg,633/c_IMG_2301_3.jpg
634,634/a_IMG_2303_10.jpg,634/b_IMG_2303_10.jpg,634/c_IMG_2303_10.jpg
635,635/a_IMG_2303_9.jpg,635/b_IMG_2303_9.jpg,635/c_IMG_2303_9.jpg
636,636/a_IMG_2308_1.jpg,636/b_IMG_2308_1.jpg,636/c_IMG_2308_1.jpg
637,637/a_IMG_2308_10.jpg,637/b_IMG_2308_10.jpg,637/c_IMG_2308_10.jpg
638,638/a_IMG_2308_12.jpg,638/b_IMG_2308_12.jpg,638/c_IMG_2308_12.jpg
639,639/a_IMG_2308_13.jpg,639/b_IMG_2308_13.jpg,639/c_IMG_2308_13.jpg
64,64/a_16-1-1-1(21)_15.jpg,64/b_16-1-1-1(21)_15.jpg,64/c_16-1-1-1(21)_15.jpg
640,640/a_IMG_2308_14.jpg,640/b_IMG_2308_14.jpg,640/c_IMG_2308_14.jpg
641,641/a_IMG_2308_15.jpg,641/b_IMG_2308_15.jpg,641/c_IMG_2308_15.jpg
642,642/a_IMG_2308_2.jpg,642/b_IMG_2308_2.jpg,642/c_IMG_2308_2.jpg
643,643/a_IMG_2308_3.jpg,643/b_IMG_2308_3.jpg,643/c_IMG_2308_3.jpg
644,644/a_IMG_2308_4.jpg,644/b_IMG_2308_4.jpg,644/c_IMG_2308_4.jpg
645,645/a_IMG_2308_9.jpg,645/b_IMG_2308_9.jpg,645/c_IMG_2308_9.jpg
646,646/a_IMG_2310_1.jpg,646/b_IMG_2310_1.jpg,646/c_IMG_2310_1.jpg
647,647/a_IMG_2310_10.jpg,647/b_IMG_2310_10.jpg,647/c_IMG_2310_10.jpg
648,648/a_IMG_2310_2.jpg,648/b_IMG_2310_2.jpg,648/c_IMG_2310_2.jpg
649,649/a_IMG_2310_3.jpg,649/b_IMG_2310_3.jpg,649/c_IMG_2310_3.jpg
65,65/a_16-1-1-1(21)_5.jpg,65/b_16-1-1-1(21)_5.jpg,65/c_16-1-1-1(21)_5.jpg
650,650/a_IMG_2310_8.jpg,650/b_IMG_2310_8.jpg,650/c_IMG_2310_8.jpg
651,651/a_IMG_2310_9.jpg,651/b_IMG_2310_9.jpg,651/c_IMG_2310_9.jpg
652,652/a_IMG_2313_2.jpg,652/b_IMG_2313_2.jpg,652/c_IMG_2313_2.jpg
653,653/a_IMG_2313_3.jpg,653/b_IMG_2313_3.jpg,653/c_IMG_2313_3.jpg
654,654/a_IMG_2314_8.jpg,654/b_IMG_2314_8.jpg,654/c_IMG_2314_8.jpg
655,655/a_IMG_2315_1.jpg,655/b_IMG_2315_1.jpg,655/c_IMG_2315_1.jpg
656,656/a_IMG_2315_10.jpg,656/b_IMG_2315_10.jpg,656/c_IMG_2315_10.jpg
657,657/a_IMG_2315_11.jpg,657/b_IMG_2315_11.jpg,657/c_IMG_2315_11.jpg
658,658/a_IMG_2315_12.jpg,658/b_IMG_2315_12.jpg,658/c_IMG_2315_12.jpg
659,659/a_IMG_2315_3.jpg,659/b_IMG_2315_3.jpg,659/c_IMG_2315_3.jpg
66,66/a_16-1-1-1(210)_1.jpg,66/b_16-1-1-1(210)_1.jpg,66/c_16-1-1-1(210)_1.jpg
660,660/a_IMG_2315_5.jpg,660/b_IMG_2315_5.jpg,660/c_IMG_2315_5.jpg
661,661/a_IMG_2315_8.jpg,661/b_IMG_2315_8.jpg,661/c_IMG_2315_8.jpg
662,662/a_IMG_2315_9.jpg,662/b_IMG_2315_9.jpg,662/c_IMG_2315_9.jpg
663,663/a_IMG_2316_1.jpg,663/b_IMG_2316_1.jpg,663/c_IMG_2316_1.jpg
664,664/a_IMG_2316_11.jpg,664/b_IMG_2316_11.jpg,664/c_IMG_2316_11.jpg
665,665/a_IMG_2316_3.jpg,665/b_IMG_2316_3.jpg,665/c_IMG_2316_3.jpg
666,666/a_IMG_2316_4.jpg,666/b_IMG_2316_4.jpg,666/c_IMG_2316_4.jpg
667,667/a_IMG_2317_1.jpg,667/b_IMG_2317_1.jpg,667/c_IMG_2317_1.jpg
668,668/a_IMG_2317_12.jpg,668/b_IMG_2317_12.jpg,668/c_IMG_2317_12.jpg
669,669/a_IMG_2317_13.jpg,669/b_IMG_2317_13.jpg,669/c_IMG_2317_13.jpg
67,67/a_16-1-1-1(210)_10.jpg,67/b_16-1-1-1(210)_10.jpg,67/c_16-1-1-1(210)_10.jpg
670,670/a_IMG_2317_14.jpg,670/b_IMG_2317_14.jpg,670/c_IMG_2317_14.jpg
671,671/a_IMG_2317_15.jpg,671/b_IMG_2317_15.jpg,671/c_IMG_2317_15.jpg
672,672/a_IMG_2317_16.jpg,672/b_IMG_2317_16.jpg,672/c_IMG_2317_16.jpg
673,673/a_IMG_2317_17.jpg,673/b_IMG_2317_17.jpg,673/c_IMG_2317_17.jpg
674,674/a_IMG_2317_2.jpg,674/b_IMG_2317_2.jpg,674/c_IMG_2317_2.jpg
675,675/a_IMG_2317_3.jpg,675/b_IMG_2317_3.jpg,675/c_IMG_2317_3.jpg
676,676/a_IMG_2317_4.jpg,676/b_IMG_2317_4.jpg,676/c_IMG_2317_4.jpg
677,677/a_IMG_2317_5.jpg,677/b_IMG_2317_5.jpg,677/c_IMG_2317_5.jpg
678,678/a_IMG_2317_8.jpg,678/b_IMG_2317_8.jpg,678/c_IMG_2317_8.jpg
679,679/a_IMG_2317_9.jpg,679/b_IMG_2317_9.jpg,679/c_IMG_2317_9.jpg
68,68/a_16-1-1-1(210)_11.jpg,68/b_16-1-1-1(210)_11.jpg,68/c_16-1-1-1(210)_11.jpg
680,680/a_IMG_2318_13.jpg,680/b_IMG_2318_13.jpg,680/c_IMG_2318_13.jpg
681,681/a_IMG_2318_14.jpg,681/b_IMG_2318_14.jpg,681/c_IMG_2318_14.jpg
682,682/a_IMG_2318_15.jpg,682/b_IMG_2318_15.jpg,682/c_IMG_2318_15.jpg
683,683/a_IMG_5096_1.jpg,683/b_IMG_5096_1.jpg,683/c_IMG_5096_1.jpg
684,684/a_IMG_5096_2.jpg,684/b_IMG_5096_2.jpg,684/c_IMG_5096_2.jpg
685,685/a_IMG_5096_3.jpg,685/b_IMG_5096_3.jpg,685/c_IMG_5096_3.jpg
686,686/a_IMG_5096_4.jpg,686/b_IMG_5096_4.jpg,686/c_IMG_5096_4.jpg
687,687/a_IMG_5096_5.jpg,687/b_IMG_5096_5.jpg,687/c_IMG_5096_5.jpg
688,688/a_IMG_5096_6.jpg,688/b_IMG_5096_6.jpg,688/c_IMG_5096_6.jpg
689,689/a_IMG_5097_1.jpg,689/b_IMG_5097_1.jpg,689/c_IMG_5097_1.jpg
69,69/a_16-1-1-1(210)_2.jpg,69/b_16-1-1-1(210)_2.jpg,69/c_16-1-1-1(210)_2.jpg
690,690/a_IMG_5097_2.jpg,690/b_IMG_5097_2.jpg,690/c_IMG_5097_2.jpg
691,691/a_IMG_5097_3.jpg,691/b_IMG_5097_3.jpg,691/c_IMG_5097_3.jpg
692,692/a_IMG_5097_4.jpg,692/b_IMG_5097_4.jpg,692/c_IMG_5097_4.jpg
693,693/a_IMG_5097_5.jpg,693/b_IMG_5097_5.jpg,693/c_IMG_5097_5.jpg
694,694/a_IMG_5097_6.jpg,694/b_IMG_5097_6.jpg,694/c_IMG_5097_6.jpg
695,695/a_IMG_5225_1.jpg,695/b_IMG_5225_1.jpg,695/c_IMG_5225_1.jpg
696,696/a_IMG_5225_2.jpg,696/b_IMG_5225_2.jpg,696/c_IMG_5225_2.jpg
697,697/a_IMG_5225_5.jpg,697/b_IMG_5225_5.jpg,697/c_IMG_5225_5.jpg
698,698/a_IMG_5225_6.jpg,698/b_IMG_5225_6.jpg,698/c_IMG_5225_6.jpg
699,699/a_IMG_5226_2.jpg,699/b_IMG_5226_2.jpg,699/c_IMG_5226_2.jpg
7,7/a_16-1-1-1(108)_20.jpg,7/b_16-1-1-1(108)_20.jpg,7/c_16-1-1-1(108)_20.jpg
70,70/a_16-1-1-1(210)_3.jpg,70/b_16-1-1-1(210)_3.jpg,70/c_16-1-1-1(210)_3.jpg
700,700/a_IMG_5226_5.jpg,700/b_IMG_5226_5.jpg,700/c_IMG_5226_5.jpg
701,701/a_IMG_5226_6.jpg,701/b_IMG_5226_6.jpg,701/c_IMG_5226_6.jpg
702,702/a_IMG_7042_13.jpg,702/b_IMG_7042_13.jpg,702/c_IMG_7042_13.jpg
703,703/a_IMG_7042_2.jpg,703/b_IMG_7042_2.jpg,703/c_IMG_7042_2.jpg
704,704/a_IMG_7042_22.jpg,704/b_IMG_7042_22.jpg,704/c_IMG_7042_22.jpg
705,705/a_IMG_7042_24.jpg,705/b_IMG_7042_24.jpg,705/c_IMG_7042_24.jpg
706,706/a_IMG_7042_6.jpg,706/b_IMG_7042_6.jpg,706/c_IMG_7042_6.jpg
707,707/a_IMG_7042_7.jpg,707/b_IMG_7042_7.jpg,707/c_IMG_7042_7.jpg
708,708/a_IMG_7042_8.jpg,708/b_IMG_7042_8.jpg,708/c_IMG_7042_8.jpg
709,709/a_IMG_7044_2.jpg,709/b_IMG_7044_2.jpg,709/c_IMG_7044_2.jpg
71,71/a_16-1-1-1(210)_4.jpg,71/b_16-1-1-1(210)_4.jpg,71/c_16-1-1-1(210)_4.jpg
710,710/a_IMG_7044_22.jpg,710/b_IMG_7044_22.jpg,710/c_IMG_7044_22.jpg
711,711/a_IMG_7044_23.jpg,711/b_IMG_7044_23.jpg,711/c_IMG_7044_23.jpg
712,712/a_IMG_7044_24.jpg,712/b_IMG_7044_24.jpg,712/c_IMG_7044_24.jpg
713,713/a_IMG_7044_6.jpg,713/b_IMG_7044_6.jpg,713/c_IMG_7044_6.jpg
714,714/a_IMG_7044_7.jpg,714/b_IMG_7044_7.jpg,714/c_IMG_7044_7.jpg
715,715/a_IMG_7044_8.jpg,715/b_IMG_7044_8.jpg,715/c_IMG_7044_8.jpg
716,716/a_IMG_7045_10.jpg,716/b_IMG_7045_10.jpg,716/c_IMG_7045_10.jpg
717,717/a_IMG_7045_12.jpg,717/b_IMG_7045_12.jpg,717/c_IMG_7045_12.jpg
718,718/a_IMG_7045_13.jpg,718/b_IMG_7045_13.jpg,718/c_IMG_7045_13.jpg
719,719/a_IMG_7045_14.jpg,719/b_IMG_7045_14.jpg,719/c_IMG_7045_14.jpg
72,72/a_16-1-1-1(210)_9.jpg,72/b_16-1-1-1(210)_9.jpg,72/c_16-1-1-1(210)_9.jpg
720,720/a_IMG_7045_23.jpg,720/b_IMG_7045_23.jpg,720/c_IMG_7045_23.jpg
721,721/a_IMG_7045_24.jpg,721/b_IMG_7045_24.jpg,721/c_IMG_7045_24.jpg
722,722/a_IMG_7045_26.jpg,722/b_IMG_7045_26.jpg,722/c_IMG_7045_26.jpg
723,723/a_IMG_7045_27.jpg,723/b_IMG_7045_27.jpg,723/c_IMG_7045_27.jpg
724,724/a_IMG_7045_28.jpg,724/b_IMG_7045_28.jpg,724/c_IMG_7045_28.jpg
725,725/a_IMG_7045_8.jpg,725/b_IMG_7045_8.jpg,725/c_IMG_7045_8.jpg
726,726/a_IMG_7053_1.jpg,726/b_IMG_7053_1.jpg,726/c_IMG_7053_1.jpg
727,727/a_IMG_7053_2.jpg,727/b_IMG_7053_2.jpg,727/c_IMG_7053_2.jpg
728,728/a_IMG_7053_4.jpg,728/b_IMG_7053_4.jpg,728/c_IMG_7053_4.jpg
729,729/a_IMG_7053_5.jpg,729/b_IMG_7053_5.jpg,729/c_IMG_7053_5.jpg
73,73/a_16-1-1-1(25)_7.jpg,73/b_16-1-1-1(25)_7.jpg,73/c_16-1-1-1(25)_7.jpg
730,730/a_IMG_7053_6.jpg,730/b_IMG_7053_6.jpg,730/c_IMG_7053_6.jpg
731,731/a_IMG_7054_1.jpg,731/b_IMG_7054_1.jpg,731/c_IMG_7054_1.jpg
732,732/a_IMG_7054_2.jpg,732/b_IMG_7054_2.jpg,732/c_IMG_7054_2.jpg
733,733/a_IMG_7054_3.jpg,733/b_IMG_7054_3.jpg,733/c_IMG_7054_3.jpg
734,734/a_IMG_7054_4.jpg,734/b_IMG_7054_4.jpg,734/c_IMG_7054_4.jpg
735,735/a_IMG_7054_5.jpg,735/b_IMG_7054_5.jpg,735/c_IMG_7054_5.jpg
736,736/a_IMG_7054_6.jpg,736/b_IMG_7054_6.jpg,736/c_IMG_7054_6.jpg
737,737/a_IMG_7055_1.jpg,737/b_IMG_7055_1.jpg,737/c_IMG_7055_1.jpg
738,738/a_IMG_7055_2.jpg,738/b_IMG_7055_2.jpg,738/c_IMG_7055_2.jpg
739,739/a_IMG_7055_3.jpg,739/b_IMG_7055_3.jpg,739/c_IMG_7055_3.jpg
74,74/a_16-1-1-1(25)_8.jpg,74/b_16-1-1-1(25)_8.jpg,74/c_16-1-1-1(25)_8.jpg
740,740/a_IMG_7055_4.jpg,740/b_IMG_7055_4.jpg,740/c_IMG_7055_4.jpg
741,741/a_IMG_7055_5.jpg,741/b_IMG_7055_5.jpg,741/c_IMG_7055_5.jpg
742,742/a_IMG_7055_6.jpg,742/b_IMG_7055_6.jpg,742/c_IMG_7055_6.jpg
743,743/a_IMG_7412_1.jpg,743/b_IMG_7412_1.jpg,743/c_IMG_7412_1.jpg
744,744/a_IMG_7412_2.jpg,744/b_IMG_7412_2.jpg,744/c_IMG_7412_2.jpg
745,745/a_IMG_7412_3.jpg,745/b_IMG_7412_3.jpg,745/c_IMG_7412_3.jpg
746,746/a_IMG_7412_7.jpg,746/b_IMG_7412_7.jpg,746/c_IMG_7412_7.jpg
747,747/a_IMG_7412_8.jpg,747/b_IMG_7412_8.jpg,747/c_IMG_7412_8.jpg
748,748/a_IMG_7412_9.jpg,748/b_IMG_7412_9.jpg,748/c_IMG_7412_9.jpg
749,749/a_IMG_7414_1.jpg,749/b_IMG_7414_1.jpg,749/c_IMG_7414_1.jpg
75,75/a_16-1-1-1(25)_9.jpg,75/b_16-1-1-1(25)_9.jpg,75/c_16-1-1-1(25)_9.jpg
750,750/a_IMG_7414_2.jpg,750/b_IMG_7414_2.jpg,750/c_IMG_7414_2.jpg
751,751/a_IMG_7414_3.jpg,751/b_IMG_7414_3.jpg,751/c_IMG_7414_3.jpg
752,752/a_IMG_7414_7.jpg,752/b_IMG_7414_7.jpg,752/c_IMG_7414_7.jpg
753,753/a_IMG_7414_8.jpg,753/b_IMG_7414_8.jpg,753/c_IMG_7414_8.jpg
754,754/a_IMG_7414_9.jpg,754/b_IMG_7414_9.jpg,754/c_IMG_7414_9.jpg
755,755/a_IMG_7446_1.jpg,755/b_IMG_7446_1.jpg,755/c_IMG_7446_1.jpg
756,756/a_IMG_7446_3.jpg,756/b_IMG_7446_3.jpg,756/c_IMG_7446_3.jpg
757,757/a_IMG_7446_4.jpg,757/b_IMG_7446_4.jpg,757/c_IMG_7446_4.jpg
758,758/a_IMG_7446_6.jpg,758/b_IMG_7446_6.jpg,758/c_IMG_7446_6.jpg
759,759/a_IMG_7446_7.jpg,759/b_IMG_7446_7.jpg,759/c_IMG_7446_7.jpg
76,76/a_16-1-1-1(26)_10.jpg,76/b_16-1-1-1(26)_10.jpg,76/c_16-1-1-1(26)_10.jpg
760,760/a_IMG_7446_9.jpg,760/b_IMG_7446_9.jpg,760/c_IMG_7446_9.jpg
761,761/a_IMG_7447_1.jpg,761/b_IMG_7447_1.jpg,761/c_IMG_7447_1.jpg
762,762/a_IMG_7447_2.jpg,762/b_IMG_7447_2.jpg,762/c_IMG_7447_2.jpg
763,763/a_IMG_7447_7.jpg,763/b_IMG_7447_7.jpg,763/c_IMG_7447_7.jpg
764,764/a_IMG_7447_8.jpg,764/b_IMG_7447_8.jpg,764/c_IMG_7447_8.jpg
765,765/a_IMG_7447_9.jpg,765/b_IMG_7447_9.jpg,765/c_IMG_7447_9.jpg
766,766/a_IMG_7448_1.jpg,766/b_IMG_7448_1.jpg,766/c_IMG_7448_1.jpg
767,767/a_IMG_7448_7.jpg,767/b_IMG_7448_7.jpg,767/c_IMG_7448_7.jpg
768,768/a_IMG_7448_8.jpg,768/b_IMG_7448_8.jpg,768/c_IMG_7448_8.jpg
769,769/a_IMG_7448_9.jpg,769/b_IMG_7448_9.jpg,769/c_IMG_7448_9.jpg
77,77/a_16-1-1-1(26)_11.jpg,77/b_16-1-1-1(26)_11.jpg,77/c_16-1-1-1(26)_11.jpg
770,770/a_IMG_7449_1.jpg,770/b_IMG_7449_1.jpg,770/c_IMG_7449_1.jpg
771,771/a_IMG_7449_2.jpg,771/b_IMG_7449_2.jpg,771/c_IMG_7449_2.jpg
772,772/a_IMG_7449_3.jpg,772/b_IMG_7449_3.jpg,772/c_IMG_7449_3.jpg
773,773/a_IMG_7449_7.jpg,773/b_IMG_7449_7.jpg,773/c_IMG_7449_7.jpg
774,774/a_IMG_7449_8.jpg,774/b_IMG_7449_8.jpg,774/c_IMG_7449_8.jpg
775,775/a_IMG_7449_9.jpg,775/b_IMG_7449_9.jpg,775/c_IMG_7449_9.jpg
776,776/a_IMG_7450_1.jpg,776/b_IMG_7450_1.jpg,776/c_IMG_7450_1.jpg
777,777/a_IMG_7450_2.jpg,777/b_IMG_7450_2.jpg,777/c_IMG_7450_2.jpg
778,778/a_IMG_7450_3.jpg,778/b_IMG_7450_3.jpg,778/c_IMG_7450_3.jpg
779,779/a_IMG_7450_7.jpg,779/b_IMG_7450_7.jpg,779/c_IMG_7450_7.jpg
78,78/a_16-1-1-1(26)_12.jpg,78/b_16-1-1-1(26)_12.jpg,78/c_16-1-1-1(26)_12.jpg
780,780/a_IMG_7450_8.jpg,780/b_IMG_7450_8.jpg,780/c_IMG_7450_8.jpg
781,781/a_IMG_7450_9.jpg,781/b_IMG_7450_9.jpg,781/c_IMG_7450_9.jpg
782,782/a_IMG_7451_1.jpg,782/b_IMG_7451_1.jpg,782/c_IMG_7451_1.jpg
783,783/a_IMG_7451_2.jpg,783/b_IMG_7451_2.jpg,783/c_IMG_7451_2.jpg
784,784/a_IMG_7451_3.jpg,784/b_IMG_7451_3.jpg,784/c_IMG_7451_3.jpg
785,785/a_IMG_7451_7.jpg,785/b_IMG_7451_7.jpg,785/c_IMG_7451_7.jpg
786,786/a_IMG_7451_8.jpg,786/b_IMG_7451_8.jpg,786/c_IMG_7451_8.jpg
787,787/a_IMG_7451_9.jpg,787/b_IMG_7451_9.jpg,787/c_IMG_7451_9.jpg
788,788/a_IMG_7452_1.jpg,788/b_IMG_7452_1.jpg,788/c_IMG_7452_1.jpg
789,789/a_IMG_7452_2.jpg,789/b_IMG_7452_2.jpg,789/c_IMG_7452_2.jpg
79,79/a_16-1-1-1(26)_13.jpg,79/b_16-1-1-1(26)_13.jpg,79/c_16-1-1-1(26)_13.jpg
790,790/a_IMG_7452_3.jpg,790/b_IMG_7452_3.jpg,790/c_IMG_7452_3.jpg
791,791/a_IMG_7452_8.jpg,791/b_IMG_7452_8.jpg,791/c_IMG_7452_8.jpg
792,792/a_IMG_7452_9.jpg,792/b_IMG_7452_9.jpg,792/c_IMG_7452_9.jpg
793,793/a_IMG_8027_1.jpg,793/b_IMG_8027_1.jpg,793/c_IMG_8027_1.jpg
794,794/a_IMG_8027_2.jpg,794/b_IMG_8027_2.jpg,794/c_IMG_8027_2.jpg
795,795/a_IMG_8027_5.jpg,795/b_IMG_8027_5.jpg,795/c_IMG_8027_5.jpg
796,796/a_IMG_8027_6.jpg,796/b_IMG_8027_6.jpg,796/c_IMG_8027_6.jpg
797,797/a_IMG_8027_7.jpg,797/b_IMG_8027_7.jpg,797/c_IMG_8027_7.jpg
798,798/a_IMG_8027_8.jpg,798/b_IMG_8027_8.jpg,798/c_IMG_8027_8.jpg
799,799/a_IMG_8028_1.jpg,799/b_IMG_8028_1.jpg,799/c_IMG_8028_1.jpg
8,8/a_16-1-1-1(108)_21.jpg,8/b_16-1-1-1(108)_21.jpg,8/c_16-1-1-1(108)_21.jpg
80,80/a_16-1-1-1(26)_14.jpg,80/b_16-1-1-1(26)_14.jpg,80/c_16-1-1-1(26)_14.jpg
800,800/a_IMG_8028_2.jpg,800/b_IMG_8028_2.jpg,800/c_IMG_8028_2.jpg
801,801/a_IMG_8028_5.jpg,801/b_IMG_8028_5.jpg,801/c_IMG_8028_5.jpg
802,802/a_IMG_8028_6.jpg,802/b_IMG_8028_6.jpg,802/c_IMG_8028_6.jpg
803,803/a_IMG_8028_7.jpg,803/b_IMG_8028_7.jpg,803/c_IMG_8028_7.jpg
804,804/a_IMG_8028_8.jpg,804/b_IMG_8028_8.jpg,804/c_IMG_8028_8.jpg
805,805/a_IMG_8558_2.jpg,805/b_IMG_8558_2.jpg,805/c_IMG_8558_2.jpg
806,806/a_IMG_8564_11.jpg,806/b_IMG_8564_11.jpg,806/c_IMG_8564_11.jpg
807,807/a_IMG_8564_15.jpg,807/b_IMG_8564_15.jpg,807/c_IMG_8564_15.jpg
808,808/a_IMG_8566_10.jpg,808/b_IMG_8566_10.jpg,808/c_IMG_8566_10.jpg
809,809/a_IMG_8572_13.jpg,809/b_IMG_8572_13.jpg,809/c_IMG_8572_13.jpg
81,81/a_16-1-1-1(26)_15.jpg,81/b_16-1-1-1(26)_15.jpg,81/c_16-1-1-1(26)_15.jpg
810,810/a_IMG_8575_7.jpg,810/b_IMG_8575_7.jpg,810/c_IMG_8575_7.jpg
811,811/a_IMG_8577_14.jpg,811/b_IMG_8577_14.jpg,811/c_IMG_8577_14.jpg
812,812/a_IMG_8640_15.jpg,812/b_IMG_8640_15.jpg,812/c_IMG_8640_15.jpg
813,813/a_IMG_8640_7.jpg,813/b_IMG_8640_7.jpg,813/c_IMG_8640_7.jpg
814,814/a_IMG_8642_12.jpg,814/b_IMG_8642_12.jpg,814/c_IMG_8642_12.jpg
815,815/a_IMG_8642_16.jpg,815/b_IMG_8642_16.jpg,815/c_IMG_8642_16.jpg
816,816/a_IMG_8644_19.jpg,816/b_IMG_8644_19.jpg,816/c_IMG_8644_19.jpg
817,817/a_IMG_8648_1.jpg,817/b_IMG_8648_1.jpg,817/c_IMG_8648_1.jpg
818,818/a_IMG_8648_13.jpg,818/b_IMG_8648_13.jpg,818/c_IMG_8648_13.jpg
819,819/a_IMG_8650_11.jpg,819/b_IMG_8650_11.jpg,819/c_IMG_8650_11.jpg
82,82/a_16-1-1-1(26)_16.jpg,82/b_16-1-1-1(26)_16.jpg,82/c_16-1-1-1(26)_16.jpg
820,820/a_IMG_8650_4.jpg,820/b_IMG_8650_4.jpg,820/c_IMG_8650_4.jpg
821,821/a_IMG_8652_18.jpg,821/b_IMG_8652_18.jpg,821/c_IMG_8652_18.jpg
822,822/a_IMG_8654_10.jpg,822/b_IMG_8654_10.jpg,822/c_IMG_8654_10.jpg
823,823/a_IMG_8654_7.jpg,823/b_IMG_8654_7.jpg,823/c_IMG_8654_7.jpg
824,824/a_IMG_8654_8.jpg,824/b_IMG_8654_8.jpg,824/c_IMG_8654_8.jpg
825,825/a_IMG_8663_16.jpg,825/b_IMG_8663_16.jpg,825/c_IMG_8663_16.jpg
826,826/a_IMG_8663_17.jpg,826/b_IMG_8663_17.jpg,826/c_IMG_8663_17.jpg
827,827/a_IMG_8665_7.jpg,827/b_IMG_8665_7.jpg,827/c_IMG_8665_7.jpg
828,828/a_IMG_8675_15.jpg,828/b_IMG_8675_15.jpg,828/c_IMG_8675_15.jpg
829,829/a_IMG_8857_7.jpg,829/b_IMG_8857_7.jpg,829/c_IMG_8857_7.jpg
83,83/a_16-1-1-1(26)_18.jpg,83/b_16-1-1-1(26)_18.jpg,83/c_16-1-1-1(26)_18.jpg
830,830/a_IMG_8857_9.jpg,830/b_IMG_8857_9.jpg,830/c_IMG_8857_9.jpg
831,831/a_IMG_8870_1.jpg,831/b_IMG_8870_1.jpg,831/c_IMG_8870_1.jpg
832,832/a_IMG_8870_11.jpg,832/b_IMG_8870_11.jpg,832/c_IMG_8870_11.jpg
833,833/a_IMG_8870_13.jpg,833/b_IMG_8870_13.jpg,833/c_IMG_8870_13.jpg
834,834/a_IMG_8870_14.jpg,834/b_IMG_8870_14.jpg,834/c_IMG_8870_14.jpg
835,835/a_IMG_8870_16.jpg,835/b_IMG_8870_16.jpg,835/c_IMG_8870_16.jpg
836,836/a_IMG_8870_17.jpg,836/b_IMG_8870_17.jpg,836/c_IMG_8870_17.jpg
837,837/a_IMG_8870_3.jpg,837/b_IMG_8870_3.jpg,837/c_IMG_8870_3.jpg
838,838/a_IMG_8870_5.jpg,838/b_IMG_8870_5.jpg,838/c_IMG_8870_5.jpg
839,839/a_IMG_8872_1.jpg,839/b_IMG_8872_1.jpg,839/c_IMG_8872_1.jpg
84,84/a_16-1-1-1(26)_7.jpg,84/b_16-1-1-1(26)_7.jpg,84/c_16-1-1-1(26)_7.jpg
840,840/a_IMG_8872_10.jpg,840/b_IMG_8872_10.jpg,840/c_IMG_8872_10.jpg
841,841/a_IMG_8872_11.jpg,841/b_IMG_8872_11.jpg,841/c_IMG_8872_11.jpg
842,842/a_IMG_8872_14.jpg,842/b_IMG_8872_14.jpg,842/c_IMG_8872_14.jpg
843,843/a_IMG_8872_16.jpg,843/b_IMG_8872_16.jpg,843/c_IMG_8872_16.jpg
844,844/a_IMG_8872_2.jpg,844/b_IMG_8872_2.jpg,844/c_IMG_8872_2.jpg
845,845/a_IMG_8872_3.jpg,845/b_IMG_8872_3.jpg,845/c_IMG_8872_3.jpg
846,846/a_IMG_8872_5.jpg,846/b_IMG_8872_5.jpg,846/c_IMG_8872_5.jpg
847,847/a_IMG_8872_6.jpg,847/b_IMG_8872_6.jpg,847/c_IMG_8872_6.jpg
848,848/a_IMG_8872_7.jpg,848/b_IMG_8872_7.jpg,848/c_IMG_8872_7.jpg
849,849/a_IMG_8872_8.jpg,849/b_IMG_8872_8.jpg,849/c_IMG_8872_8.jpg
85,85/a_16-1-1-1(26)_8.jpg,85/b_16-1-1-1(26)_8.jpg,85/c_16-1-1-1(26)_8.jpg
850,850/a_IMG_8872_9.jpg,850/b_IMG_8872_9.jpg,850/c_IMG_8872_9.jpg
851,851/a_IMG_8874_15.jpg,851/b_IMG_8874_15.jpg,851/c_IMG_8874_15.jpg
852,852/a_IMG_8874_16.jpg,852/b_IMG_8874_16.jpg,852/c_IMG_8874_16.jpg
853,853/a_IMG_8874_17.jpg,853/b_IMG_8874_17.jpg,853/c_IMG_8874_17.jpg
854,854/a_IMG_8874_2.jpg,854/b_IMG_8874_2.jpg,854/c_IMG_8874_2.jpg
855,855/a_IMG_8874_4.jpg,855/b_IMG_8874_4.jpg,855/c_IMG_8874_4.jpg
856,856/a_IMG_8876_1.jpg,856/b_IMG_8876_1.jpg,856/c_IMG_8876_1.jpg
857,857/a_IMG_8876_13.jpg,857/b_IMG_8876_13.jpg,857/c_IMG_8876_13.jpg
858,858/a_IMG_8876_14.jpg,858/b_IMG_8876_14.jpg,858/c_IMG_8876_14.jpg
859,859/a_IMG_8876_15.jpg,859/b_IMG_8876_15.jpg,859/c_IMG_8876_15.jpg
86,86/a_16-1-1-1(26)_9.jpg,86/b_16-1-1-1(26)_9.jpg,86/c_16-1-1-1(26)_9.jpg
860,860/a_IMG_8876_2.jpg,860/b_IMG_8876_2.jpg,860/c_IMG_8876_2.jpg
861,861/a_IMG_8876_4.jpg,861/b_IMG_8876_4.jpg,861/c_IMG_8876_4.jpg
862,862/a_IMG_8876_5.jpg,862/b_IMG_8876_5.jpg,862/c_IMG_8876_5.jpg
863,863/a_IMG_8876_6.jpg,863/b_IMG_8876_6.jpg,863/c_IMG_8876_6.jpg
864,864/a_IMG_8876_7.jpg,864/b_IMG_8876_7.jpg,864/c_IMG_8876_7.jpg
865,865/a_IMG_8876_8.jpg,865/b_IMG_8876_8.jpg,865/c_IMG_8876_8.jpg
866,866/a_IMG_8876_9.jpg,866/b_IMG_8876_9.jpg,866/c_IMG_8876_9.jpg
867,867/a_IMG_8878_1.jpg,867/b_IMG_8878_1.jpg,867/c_IMG_8878_1.jpg
868,868/a_IMG_8878_14.jpg,868/b_IMG_8878_14.jpg,868/c_IMG_8878_14.jpg
869,869/a_IMG_8878_5.jpg,869/b_IMG_8878_5.jpg,869/c_IMG_8878_5.jpg
87,87/a_16-1-1-1(27)_1.jpg,87/b_16-1-1-1(27)_1.jpg,87/c_16-1-1-1(27)_1.jpg
870,870/a_IMG_8878_6.jpg,870/b_IMG_8878_6.jpg,870/c_IMG_8878_6.jpg
871,871/a_IMG_8878_7.jpg,871/b_IMG_8878_7.jpg,871/c_IMG_8878_7.jpg
872,872/a_IMG_8882_4.jpg,872/b_IMG_8882_4.jpg,872/c_IMG_8882_4.jpg
873,873/a_IMG_8886_16.jpg,873/b_IMG_8886_16.jpg,873/c_IMG_8886_16.jpg
874,874/a_IMG_8890_9.jpg,874/b_IMG_8890_9.jpg,874/c_IMG_8890_9.jpg
875,875/a_IMG_8894_8.jpg,875/b_IMG_8894_8.jpg,875/c_IMG_8894_8.jpg
876,876/a_IMG_9002_2.jpg,876/b_IMG_9002_2.jpg,876/c_IMG_9002_2.jpg
877,877/a_IMG_9002_6.jpg,877/b_IMG_9002_6.jpg,877/c_IMG_9002_6.jpg
878,878/a_IMG_9004_13.jpg,878/b_IMG_9004_13.jpg,878/c_IMG_9004_13.jpg
879,879/a_IMG_9004_3.jpg,879/b_IMG_9004_3.jpg,879/c_IMG_9004_3.jpg
88,88/a_16-1-1-1(27)_10.jpg,88/b_16-1-1-1(27)_10.jpg,88/c_16-1-1-1(27)_10.jpg
880,880/a_IMG_9004_7.jpg,880/b_IMG_9004_7.jpg,880/c_IMG_9004_7.jpg
881,881/a_IMG_9004_8.jpg,881/b_IMG_9004_8.jpg,881/c_IMG_9004_8.jpg
882,882/a_IMG_9006_11.jpg,882/b_IMG_9006_11.jpg,882/c_IMG_9006_11.jpg
883,883/a_IMG_9006_12.jpg,883/b_IMG_9006_12.jpg,883/c_IMG_9006_12.jpg
884,884/a_IMG_9006_13.jpg,884/b_IMG_9006_13.jpg,884/c_IMG_9006_13.jpg
885,885/a_IMG_9006_4.jpg,885/b_IMG_9006_4.jpg,885/c_IMG_9006_4.jpg
886,886/a_IMG_9006_5.jpg,886/b_IMG_9006_5.jpg,886/c_IMG_9006_5.jpg
887,887/a_IMG_9006_6.jpg,887/b_IMG_9006_6.jpg,887/c_IMG_9006_6.jpg
888,888/a_IMG_9006_7.jpg,888/b_IMG_9006_7.jpg,888/c_IMG_9006_7.jpg
889,889/a_IMG_9006_8.jpg,889/b_IMG_9006_8.jpg,889/c_IMG_9006_8.jpg
89,89/a_16-1-1-1(27)_11.jpg,89/b_16-1-1-1(27)_11.jpg,89/c_16-1-1-1(27)_11.jpg
890,890/a_IMG_9008_2.jpg,890/b_IMG_9008_2.jpg,890/c_IMG_9008_2.jpg
891,891/a_IMG_9008_5.jpg,891/b_IMG_9008_5.jpg,891/c_IMG_9008_5.jpg
892,892/a_IMG_9008_6.jpg,892/b_IMG_9008_6.jpg,892/c_IMG_9008_6.jpg
893,893/a_IMG_9008_7.jpg,893/b_IMG_9008_7.jpg,893/c_IMG_9008_7.jpg
894,894/a_IMG_9008_8.jpg,894/b_IMG_9008_8.jpg,894/c_IMG_9008_8.jpg
895,895/a_IMG_9008_9.jpg,895/b_IMG_9008_9.jpg,895/c_IMG_9008_9.jpg
896,896/a_IMG_9010_1.jpg,896/b_IMG_9010_1.jpg,896/c_IMG_9010_1.jpg
897,897/a_IMG_9010_11.jpg,897/b_IMG_9010_11.jpg,897/c_IMG_9010_11.jpg
898,898/a_IMG_9010_12.jpg,898/b_IMG_9010_12.jpg,898/c_IMG_9010_12.jpg
899,899/a_IMG_9010_14.jpg,899/b_IMG_9010_14.jpg,899/c_IMG_9010_14.jpg
9,9/a_16-1-1-1(108)_22.jpg,9/b_16-1-1-1(108)_22.jpg,9/c_16-1-1-1(108)_22.jpg
90,90/a_16-1-1-1(27)_12.jpg,90/b_16-1-1-1(27)_12.jpg,90/c_16-1-1-1(27)_12.jpg
900,900/a_IMG_9010_2.jpg,900/b_IMG_9010_2.jpg,900/c_IMG_9010_2.jpg
901,901/a_IMG_9010_6.jpg,901/b_IMG_9010_6.jpg,901/c_IMG_9010_6.jpg
902,902/a_IMG_9010_7.jpg,902/b_IMG_9010_7.jpg,902/c_IMG_9010_7.jpg
903,903/a_IMG_9010_8.jpg,903/b_IMG_9010_8.jpg,903/c_IMG_9010_8.jpg
904,904/a_IMG_9010_9.jpg,904/b_IMG_9010_9.jpg,904/c_IMG_9010_9.jpg
905,905/a_IMG_9014_7.jpg,905/b_IMG_9014_7.jpg,905/c_IMG_9014_7.jpg
906,906/a_IMG_9016_1.jpg,906/b_IMG_9016_1.jpg,906/c_IMG_9016_1.jpg
907,907/a_IMG_9016_10.jpg,907/b_IMG_9016_10.jpg,907/c_IMG_9016_10.jpg
908,908/a_IMG_9016_13.jpg,908/b_IMG_9016_13.jpg,908/c_IMG_9016_13.jpg
909,909/a_IMG_9016_2.jpg,909/b_IMG_9016_2.jpg,909/c_IMG_9016_2.jpg
91,91/a_16-1-1-1(27)_14.jpg,91/b_16-1-1-1(27)_14.jpg,91/c_16-1-1-1(27)_14.jpg
910,910/a_IMG_9016_8.jpg,910/b_IMG_9016_8.jpg,910/c_IMG_9016_8.jpg
911,911/a_IMG_9016_9.jpg,911/b_IMG_9016_9.jpg,911/c_IMG_9016_9.jpg
912,912/a_IMG_9020_11.jpg,912/b_IMG_9020_11.jpg,912/c_IMG_9020_11.jpg
913,913/a_IMG_9020_6.jpg,913/b_IMG_9020_6.jpg,913/c_IMG_9020_6.jpg
914,914/a_IMG_9022_10.jpg,914/b_IMG_9022_10.jpg,914/c_IMG_9022_10.jpg
915,915/a_IMG_9024_13.jpg,915/b_IMG_9024_13.jpg,915/c_IMG_9024_13.jpg
916,916/a_IMG_9024_15.jpg,916/b_IMG_9024_15.jpg,916/c_IMG_9024_15.jpg
917,917/a_IMG_9024_6.jpg,917/b_IMG_9024_6.jpg,917/c_IMG_9024_6.jpg
918,918/a_IMG_9024_7.jpg,918/b_IMG_9024_7.jpg,918/c_IMG_9024_7.jpg
919,919/a_IMG_9024_9.jpg,919/b_IMG_9024_9.jpg,919/c_IMG_9024_9.jpg
92,92/a_16-1-1-1(27)_15.jpg,92/b_16-1-1-1(27)_15.jpg,92/c_16-1-1-1(27)_15.jpg
920,920/a_IMG_9026_11.jpg,920/b_IMG_9026_11.jpg,920/c_IMG_9026_11.jpg
921,921/a_IMG_9026_12.jpg,921/b_IMG_9026_12.jpg,921/c_IMG_9026_12.jpg
922,922/a_IMG_9026_13.jpg,922/b_IMG_9026_13.jpg,922/c_IMG_9026_13.jpg
923,923/a_IMG_9026_5.jpg,923/b_IMG_9026_5.jpg,923/c_IMG_9026_5.jpg
924,924/a_IMG_9026_9.jpg,924/b_IMG_9026_9.jpg,924/c_IMG_9026_9.jpg
925,925/a_IMG_9034_4.jpg,925/b_IMG_9034_4.jpg,925/c_IMG_9034_4.jpg
926,926/a_IMG_9050_13.jpg,926/b_IMG_9050_13.jpg,926/c_IMG_9050_13.jpg
927,927/a_IMG_9056_12.jpg,927/b_IMG_9056_12.jpg,927/c_IMG_9056_12.jpg
928,928/a_IMG_9056_14.jpg,928/b_IMG_9056_14.jpg,928/c_IMG_9056_14.jpg
929,929/a_IMG_9056_16.jpg,929/b_IMG_9056_16.jpg,929/c_IMG_9056_16.jpg
93,93/a_16-1-1-1(27)_6.jpg,93/b_16-1-1-1(27)_6.jpg,93/c_16-1-1-1(27)_6.jpg
930,930/a_IMG_9056_8.jpg,930/b_IMG_9056_8.jpg,930/c_IMG_9056_8.jpg
931,931/a_IMG_9058_10.jpg,931/b_IMG_9058_10.jpg,931/c_IMG_9058_10.jpg
932,932/a_IMG_9058_11.jpg,932/b_IMG_9058_11.jpg,932/c_IMG_9058_11.jpg
933,933/a_IMG_9058_12.jpg,933/b_IMG_9058_12.jpg,933/c_IMG_9058_12.jpg
934,934/a_IMG_9058_13.jpg,934/b_IMG_9058_13.jpg,934/c_IMG_9058_13.jpg
935,935/a_IMG_9058_14.jpg,935/b_IMG_9058_14.jpg,935/c_IMG_9058_14.jpg
936,936/a_IMG_9058_5.jpg,936/b_IMG_9058_5.jpg,936/c_IMG_9058_5.jpg
937,937/a_IMG_9058_6.jpg,937/b_IMG_9058_6.jpg,937/c_IMG_9058_6.jpg
938,938/a_IMG_9058_7.jpg,938/b_IMG_9058_7.jpg,938/c_IMG_9058_7.jpg
939,939/a_IMG_9058_8.jpg,939/b_IMG_9058_8.jpg,939/c_IMG_9058_8.jpg
94,94/a_16-1-1-1(27)_7.jpg,94/b_16-1-1-1(27)_7.jpg,94/c_16-1-1-1(27)_7.jpg
940,940/a_IMG_9060_10.jpg,940/b_IMG_9060_10.jpg,940/c_IMG_9060_10.jpg
941,941/a_IMG_9060_11.jpg,941/b_IMG_9060_11.jpg,941/c_IMG_9060_11.jpg
942,942/a_IMG_9060_12.jpg,942/b_IMG_9060_12.jpg,942/c_IMG_9060_12.jpg
943,943/a_IMG_9060_6.jpg,943/b_IMG_9060_6.jpg,943/c_IMG_9060_6.jpg
944,944/a_IMG_9060_9.jpg,944/b_IMG_9060_9.jpg,944/c_IMG_9060_9.jpg
945,945/a_IMG_9062_5.jpg,945/b_IMG_9062_5.jpg,945/c_IMG_9062_5.jpg
946,946/a_IMG_9062_7.jpg,946/b_IMG_9062_7.jpg,946/c_IMG_9062_7.jpg
947,947/a_IMG_9062_8.jpg,947/b_IMG_9062_8.jpg,947/c_IMG_9062_8.jpg
948,948/a_IMG_9064_10.jpg,948/b_IMG_9064_10.jpg,948/c_IMG_9064_10.jpg
949,949/a_IMG_9064_11.jpg,949/b_IMG_9064_11.jpg,949/c_IMG_9064_11.jpg
95,95/a_16-1-1-1(27)_8.jpg,95/b_16-1-1-1(27)_8.jpg,95/c_16-1-1-1(27)_8.jpg
950,950/a_IMG_9064_13.jpg,950/b_IMG_9064_13.jpg,950/c_IMG_9064_13.jpg
951,951/a_IMG_9064_15.jpg,951/b_IMG_9064_15.jpg,951/c_IMG_9064_15.jpg
952,952/a_IMG_9064_16.jpg,952/b_IMG_9064_16.jpg,952/c_IMG_9064_16.jpg
953,953/a_IMG_9066_6.jpg,953/b_IMG_9066_6.jpg,953/c_IMG_9066_6.jpg
954,954/a_IMG_9066_7.jpg,954/b_IMG_9066_7.jpg,954/c_IMG_9066_7.jpg
955,955/a_IMG_9066_8.jpg,955/b_IMG_9066_8.jpg,955/c_IMG_9066_8.jpg
956,956/a_IMG_9068_10.jpg,956/b_IMG_9068_10.jpg,956/c_IMG_9068_10.jpg
957,957/a_IMG_9070_6.jpg,957/b_IMG_9070_6.jpg,957/c_IMG_9070_6.jpg
958,958/a_IMG_9072_2.jpg,958/b_IMG_9072_2.jpg,958/c_IMG_9072_2.jpg
959,959/a_IMG_9072_7.jpg,959/b_IMG_9072_7.jpg,959/c_IMG_9072_7.jpg
96,96/a_16-1-1-1(27)_9.jpg,96/b_16-1-1-1(27)_9.jpg,96/c_16-1-1-1(27)_9.jpg
960,960/a_IMG_9072_9.jpg,960/b_IMG_9072_9.jpg,960/c_IMG_9072_9.jpg
961,961/a_IMG_9076_11.jpg,961/b_IMG_9076_11.jpg,961/c_IMG_9076_11.jpg
962,962/a_IMG_9076_12.jpg,962/b_IMG_9076_12.jpg,962/c_IMG_9076_12.jpg
963,963/a_IMG_9078_13.jpg,963/b_IMG_9078_13.jpg,963/c_IMG_9078_13.jpg
964,964/a_IMG_9078_14.jpg,964/b_IMG_9078_14.jpg,964/c_IMG_9078_14.jpg
965,965/a_IMG_9078_15.jpg,965/b_IMG_9078_15.jpg,965/c_IMG_9078_15.jpg
966,966/a_IMG_9078_6.jpg,966/b_IMG_9078_6.jpg,966/c_IMG_9078_6.jpg
967,967/a_IMG_9078_7.jpg,967/b_IMG_9078_7.jpg,967/c_IMG_9078_7.jpg
968,968/a_IMG_9081_10.jpg,968/b_IMG_9081_10.jpg,968/c_IMG_9081_10.jpg
969,969/a_IMG_9085_7.jpg,969/b_IMG_9085_7.jpg,969/c_IMG_9085_7.jpg
97,97/a_16-1-1-1(29)_7.jpg,97/b_16-1-1-1(29)_7.jpg,97/c_16-1-1-1(29)_7.jpg
970,970/a_IMG_9087_7.jpg,970/b_IMG_9087_7.jpg,970/c_IMG_9087_7.jpg
971,971/a_IMG_9089_14.jpg,971/b_IMG_9089_14.jpg,971/c_IMG_9089_14.jpg
972,972/a_IMG_9089_16.jpg,972/b_IMG_9089_16.jpg,972/c_IMG_9089_16.jpg
973,973/a_IMG_9103_1.jpg,973/b_IMG_9103_1.jpg,973/c_IMG_9103_1.jpg
974,974/a_IMG_9103_10.jpg,974/b_IMG_9103_10.jpg,974/c_IMG_9103_10.jpg
975,975/a_IMG_9103_2.jpg,975/b_IMG_9103_2.jpg,975/c_IMG_9103_2.jpg
976,976/a_IMG_9103_4.jpg,976/b_IMG_9103_4.jpg,976/c_IMG_9103_4.jpg
977,977/a_IMG_9103_6.jpg,977/b_IMG_9103_6.jpg,977/c_IMG_9103_6.jpg
978,978/a_IMG_9103_8.jpg,978/b_IMG_9103_8.jpg,978/c_IMG_9103_8.jpg
979,979/a_IMG_9105_10.jpg,979/b_IMG_9105_10.jpg,979/c_IMG_9105_10.jpg
98,98/a_16-1-1-1(30)_10.jpg,98/b_16-1-1-1(30)_10.jpg,98/c_16-1-1-1(30)_10.jpg
980,980/a_IMG_9105_11.jpg,980/b_IMG_9105_11.jpg,980/c_IMG_9105_11.jpg
981,981/a_IMG_9105_12.jpg,981/b_IMG_9105_12.jpg,981/c_IMG_9105_12.jpg
982,982/a_IMG_9105_13.jpg,982/b_IMG_9105_13.jpg,982/c_IMG_9105_13.jpg
983,983/a_IMG_9105_14.jpg,983/b_IMG_9105_14.jpg,983/c_IMG_9105_14.jpg
984,984/a_IMG_9105_15.jpg,984/b_IMG_9105_15.jpg,984/c_IMG_9105_15.jpg
985,985/a_IMG_9105_16.jpg,985/b_IMG_9105_16.jpg,985/c_IMG_9105_16.jpg
986,986/a_IMG_9105_6.jpg,986/b_IMG_9105_6.jpg,986/c_IMG_9105_6.jpg
987,987/a_IMG_9105_7.jpg,987/b_IMG_9105_7.jpg,987/c_IMG_9105_7.jpg
988,988/a_IMG_9105_8.jpg,988/b_IMG_9105_8.jpg,988/c_IMG_9105_8.jpg
989,989/a_IMG_9105_9.jpg,989/b_IMG_9105_9.jpg,989/c_IMG_9105_9.jpg
99,99/a_16-1-1-1(30)_12.jpg,99/b_16-1-1-1(30)_12.jpg,99/c_16-1-1-1(30)_12.jpg
990,990/a_IMG_9107_10.jpg,990/b_IMG_9107_10.jpg,990/c_IMG_9107_10.jpg
991,991/a_IMG_9107_12.jpg,991/b_IMG_9107_12.jpg,991/c_IMG_9107_12.jpg
992,992/a_IMG_9107_8.jpg,992/b_IMG_9107_8.jpg,992/c_IMG_9107_8.jpg
993,993/a_IMG_9107_9.jpg,993/b_IMG_9107_9.jpg,993/c_IMG_9107_9.jpg
994,994/a_IMG_9109_10.jpg,994/b_IMG_9109_10.jpg,994/c_IMG_9109_10.jpg
995,995/a_IMG_9109_11.jpg,995/b_IMG_9109_11.jpg,995/c_IMG_9109_11.jpg
996,996/a_IMG_9109_6.jpg,996/b_IMG_9109_6.jpg,996/c_IMG_9109_6.jpg
997,997/a_IMG_9109_7.jpg,997/b_IMG_9109_7.jpg,997/c_IMG_9109_7.jpg
998,998/a_IMG_9109_8.jpg,998/b_IMG_9109_8.jpg,998/c_IMG_9109_8.jpg
999,999/a_IMG_9109_9.jpg,999/b_IMG_9109_9.jpg,999/c_IMG_9109_9.jpg
